tipo,odor,cor_chapeu,cor_branquias,regiao,cor_esporos
Venenoso,Pungente,Castanho,Preto,Urbano,Preto
Comestivel,Almíscar,Amarelo,Preto,Gramados,Castanho
Comestivel,Anis,Branco,Castanho,Prados,Castanho
Venenoso,Pungente,Branco,Castanho,Urbano,Preto
Comestivel,Nenhum,Cinzento,Preto,Gramados,Castanho
Comestivel,Almíscar,Amarelo,Castanho,Gramados,Preto
Comestivel,Almíscar,Branco,Cinzento,Prados,Preto
Comestivel,Anis,Branco,Castanho,Prados,Castanho
Venenoso,Pungente,Branco,Rosa,Gramados,Preto
Comestivel,Almíscar,Amarelo,Cinzento,Prados,Preto
Comestivel,Anis,Amarelo,Cinzento,Gramados,Castanho
Comestivel,Almíscar,Amarelo,Castanho,Prados,Preto
Comestivel,Almíscar,Amarelo,Branco,Gramados,Castanho
Venenoso,Pungente,Branco,Preto,Urbano,Castanho
Comestivel,Nenhum,Castanho,Castanho,Gramados,Preto
Comestivel,Nenhum,Cinzento,Preto,Urbano,Castanho
Comestivel,Nenhum,Branco,Preto,Gramados,Castanho
Venenoso,Pungente,Castanho,Castanho,Gramados,Preto
Venenoso,Pungente,Branco,Castanho,Urbano,Castanho
Venenoso,Pungente,Castanho,Preto,Urbano,Castanho
Comestivel,Almíscar,Amarelo,Preto,Prados,Castanho
Venenoso,Pungente,Castanho,Castanho,Gramados,Castanho
Comestivel,Anis,Amarelo,Preto,Prados,Castanho
Comestivel,Almíscar,Branco,Branco,Prados,Castanho
Comestivel,Anis,Branco,Cinzento,Prados,Preto
Venenoso,Pungente,Branco,Castanho,Gramados,Castanho
Comestivel,Almíscar,Amarelo,Castanho,Prados,Castanho
Comestivel,Anis,Branco,Branco,Prados,Castanho
Comestivel,Nenhum,Castanho,Preto,Urbano,Preto
Comestivel,Almíscar,Amarelo,Castanho,Madeira/Árvores,Castanho
Comestivel,Anis,Amarelo,Cinzento,Prados,Castanho
Venenoso,Pungente,Branco,Preto,Urbano,Castanho
Comestivel,Anis,Amarelo,Castanho,Prados,Castanho
Comestivel,Anis,Castanho,Rosa,Caminhos,Castanho
Comestivel,Anis,Amarelo,Castanho,Prados,Castanho
Comestivel,Anis,Amarelo,Branco,Madeira/Árvores,Castanho
Comestivel,Nenhum,Cinzento,Preto,Urbano,Preto
Venenoso,Pungente,Castanho,Branco,Urbano,Castanho
Comestivel,Almíscar,Amarelo,Rosa,Madeira/Árvores,Castanho
Comestivel,Anis,Amarelo,Preto,Prados,Preto
Comestivel,Almíscar,Amarelo,Castanho,Gramados,Castanho
Comestivel,Anis,Amarelo,Castanho,Caminhos,Preto
Comestivel,Nenhum,Castanho,Cinzento,Urbano,Preto
Venenoso,Pungente,Branco,Rosa,Gramados,Castanho
Comestivel,Almíscar,Amarelo,Branco,Prados,Preto
Comestivel,Almíscar,Branco,Castanho,Gramados,Castanho
Comestivel,Anis,Amarelo,Preto,Prados,Preto
Comestivel,Anis,Branco,Branco,Prados,Castanho
Comestivel,Anis,Amarelo,Castanho,Caminhos,Castanho
Comestivel,Anis,Amarelo,Branco,Caminhos,Preto
Comestivel,Almíscar,Castanho,Branco,Gramados,Preto
Comestivel,Anis,Branco,Preto,Gramados,Preto
Comestivel,Anis,Branco,Preto,Prados,Castanho
Venenoso,Pungente,Castanho,Preto,Urbano,Castanho
Venenoso,Pungente,Branco,Preto,Urbano,Preto
Comestivel,Almíscar,Amarelo,Branco,Prados,Preto
Comestivel,Nenhum,Cinzento,Castanho,Gramados,Castanho
Comestivel,Almíscar,Branco,Branco,Gramados,Castanho
Comestivel,Anis,Amarelo,Preto,Gramados,Preto
Comestivel,Almíscar,Castanho,Rosa,Caminhos,Preto
Comestivel,Nenhum,Cinzento,Preto,Urbano,Castanho
Comestivel,Almíscar,Amarelo,Preto,Prados,Castanho
Comestivel,Anis,Amarelo,Cinzento,Prados,Castanho
Comestivel,Anis,Amarelo,Cinzento,Prados,Castanho
Comestivel,Anis,Branco,Castanho,Gramados,Castanho
Comestivel,Nenhum,Castanho,Preto,Gramados,Preto
Comestivel,Anis,Branco,Castanho,Gramados,Preto
Comestivel,Almíscar,Amarelo,Branco,Gramados,Castanho
Comestivel,Almíscar,Amarelo,Branco,Gramados,Preto
Comestivel,Nenhum,Cinzento,Rosa,Urbano,Castanho
Comestivel,Anis,Amarelo,Rosa,Madeira/Árvores,Castanho
Comestivel,Anis,Branco,Cinzento,Prados,Castanho
Comestivel,Anis,Amarelo,Branco,Madeira/Árvores,Castanho
Comestivel,Almíscar,Castanho,Rosa,Caminhos,Preto
Comestivel,Almíscar,Amarelo,Preto,Gramados,Preto
Comestivel,Anis,Amarelo,Rosa,Madeira/Árvores,Castanho
Comestivel,Anis,Branco,Castanho,Madeira/Árvores,Roxo
Comestivel,Anis,Castanho,Rosa,Caminhos,Castanho
Venenoso,Pungente,Castanho,Branco,Urbano,Castanho
Comestivel,Almíscar,Castanho,Castanho,Gramados,Castanho
Comestivel,Nenhum,Castanho,Preto,Gramados,Castanho
Venenoso,Pungente,Branco,Branco,Gramados,Preto
Comestivel,Nenhum,Cinzento,Castanho,Urbano,Castanho
Comestivel,Nenhum,Cinzento,Castanho,Gramados,Castanho
Comestivel,Anis,Amarelo,Branco,Gramados,Preto
Comestivel,Nenhum,Castanho,Preto,Gramados,Preto
Comestivel,Almíscar,Branco,Branco,Gramados,Preto
Comestivel,Anis,Branco,Castanho,Gramados,Castanho
Comestivel,Anis,Castanho,Branco,Gramados,Preto
Comestivel,Nenhum,Castanho,Castanho,Urbano,Castanho
Comestivel,Nenhum,Castanho,Castanho,Urbano,Castanho
Comestivel,Anis,Branco,Preto,Gramados,Preto
Comestivel,Almíscar,Amarelo,Cinzento,Gramados,Preto
Comestivel,Anis,Amarelo,Cinzento,Prados,Preto
Comestivel,Nenhum,Castanho,Castanho,Gramados,Castanho
Comestivel,Almíscar,Branco,Cinzento,Gramados,Castanho
Comestivel,Anis,Castanho,Rosa,Gramados,Castanho
Comestivel,Almíscar,Amarelo,Castanho,Gramados,Preto
Comestivel,Almíscar,Branco,Cinzento,Gramados,Castanho
Comestivel,Almíscar,Branco,Cinzento,Gramados,Preto
Comestivel,Nenhum,Castanho,Rosa,Gramados,Preto
Comestivel,Anis,Amarelo,Castanho,Gramados,Preto
Comestivel,Anis,Amarelo,Branco,Gramados,Castanho
Comestivel,Almíscar,Amarelo,Castanho,Caminhos,Preto
Comestivel,Anis,Branco,Cinzento,Gramados,Castanho
Comestivel,Almíscar,Amarelo,Castanho,Prados,Preto
Comestivel,Almíscar,Amarelo,Branco,Gramados,Castanho
Comestivel,Anis,Branco,Castanho,Prados,Preto
Comestivel,Almíscar,Branco,Cinzento,Prados,Castanho
Comestivel,Almíscar,Amarelo,Preto,Prados,Preto
Comestivel,Anis,Amarelo,Branco,Gramados,Preto
Comestivel,Nenhum,Cinzento,Cinzento,Urbano,Preto
Comestivel,Almíscar,Branco,Branco,Madeira/Árvores,Roxo
Comestivel,Almíscar,Amarelo,Castanho,Prados,Preto
Venenoso,Pungente,Branco,Castanho,Urbano,Castanho
Comestivel,Anis,Amarelo,Rosa,Gramados,Castanho
Comestivel,Nenhum,Cinzento,Rosa,Urbano,Castanho
Comestivel,Anis,Amarelo,Branco,Gramados,Preto
Comestivel,Anis,Amarelo,Rosa,Madeira/Árvores,Roxo
Comestivel,Nenhum,Castanho,Preto,Urbano,Castanho
Venenoso,Pungente,Branco,Preto,Gramados,Preto
Comestivel,Almíscar,Branco,Cinzento,Prados,Castanho
Venenoso,Pungente,Castanho,Rosa,Gramados,Preto
Comestivel,Nenhum,Cinzento,Preto,Gramados,Castanho
Comestivel,Anis,Amarelo,Cinzento,Prados,Castanho
Comestivel,Nenhum,Branco,Castanho,Gramados,Preto
Comestivel,Almíscar,Amarelo,Branco,Gramados,Castanho
Comestivel,Nenhum,Cinzento,Chocolate-Claro,Gramados,Castanho
Comestivel,Anis,Branco,Castanho,Gramados,Preto
Comestivel,Anis,Branco,Castanho,Prados,Castanho
Comestivel,Anis,Branco,Branco,Gramados,Castanho
Comestivel,Anis,Branco,Branco,Prados,Castanho
Comestivel,Anis,Branco,Branco,Madeira/Árvores,Roxo
Comestivel,Anis,Amarelo,Cinzento,Prados,Preto
Comestivel,Almíscar,Branco,Rosa,Madeira/Árvores,Castanho
Venenoso,Pungente,Branco,Branco,Urbano,Castanho
Comestivel,Anis,Branco,Branco,Madeira/Árvores,Castanho
Comestivel,Almíscar,Amarelo,Castanho,Gramados,Castanho
Venenoso,Pungente,Castanho,Rosa,Gramados,Castanho
Comestivel,Anis,Amarelo,Branco,Gramados,Castanho
Comestivel,Almíscar,Castanho,Branco,Caminhos,Preto
Comestivel,Anis,Amarelo,Cinzento,Prados,Preto
Comestivel,Nenhum,Castanho,Preto,Urbano,Castanho
Comestivel,Almíscar,Castanho,Branco,Caminhos,Preto
Comestivel,Almíscar,Amarelo,Preto,Gramados,Preto
Comestivel,Nenhum,Cinzento,Preto,Gramados,Preto
Comestivel,Nenhum,Branco,Preto,Gramados,Castanho
Comestivel,Anis,Amarelo,Branco,Prados,Castanho
Comestivel,Anis,Amarelo,Preto,Gramados,Preto
Comestivel,Almíscar,Branco,Cinzento,Prados,Preto
Comestivel,Almíscar,Branco,Branco,Gramados,Castanho
Comestivel,Nenhum,Castanho,Rosa,Gramados,Castanho
Comestivel,Anis,Branco,Cinzento,Gramados,Castanho
Comestivel,Nenhum,Castanho,Preto,Urbano,Preto
Comestivel,Almíscar,Branco,Branco,Madeira/Árvores,Roxo
Comestivel,Anis,Castanho,Branco,Gramados,Preto
Comestivel,Almíscar,Amarelo,Preto,Gramados,Castanho
Comestivel,Almíscar,Branco,Preto,Gramados,Castanho
Comestivel,Almíscar,Branco,Castanho,Prados,Preto
Comestivel,Almíscar,Amarelo,Cinzento,Gramados,Preto
Comestivel,Anis,Amarelo,Cinzento,Prados,Preto
Comestivel,Almíscar,Amarelo,Castanho,Gramados,Preto
Comestivel,Nenhum,Castanho,Preto,Urbano,Castanho
Comestivel,Anis,Castanho,Castanho,Gramados,Castanho
Comestivel,Almíscar,Branco,Preto,Gramados,Castanho
Comestivel,Anis,Amarelo,Branco,Caminhos,Castanho
Comestivel,Almíscar,Branco,Branco,Gramados,Castanho
Comestivel,Almíscar,Branco,Branco,Prados,Preto
Comestivel,Anis,Castanho,Branco,Gramados,Preto
Comestivel,Almíscar,Branco,Preto,Gramados,Preto
Comestivel,Nenhum,Cinzento,Cinzento,Urbano,Castanho
Comestivel,Anis,Amarelo,Preto,Gramados,Castanho
Comestivel,Anis,Amarelo,Castanho,Madeira/Árvores,Roxo
Comestivel,Almíscar,Amarelo,Branco,Gramados,Preto
Comestivel,Anis,Amarelo,Rosa,Gramados,Castanho
Comestivel,Anis,Branco,Branco,Prados,Preto
Comestivel,Almíscar,Branco,Preto,Prados,Preto
Comestivel,Almíscar,Amarelo,Cinzento,Gramados,Castanho
Comestivel,Anis,Amarelo,Cinzento,Prados,Castanho
Comestivel,Anis,Amarelo,Cinzento,Gramados,Castanho
Venenoso,Pungente,Branco,Rosa,Urbano,Castanho
Comestivel,Nenhum,Castanho,Cinzento,Urbano,Castanho
Comestivel,Nenhum,Castanho,Cinzento,Urbano,Preto
Comestivel,Almíscar,Amarelo,Cinzento,Prados,Castanho
Comestivel,Almíscar,Castanho,Rosa,Caminhos,Preto
Venenoso,Pungente,Branco,Preto,Gramados,Preto
Comestivel,Anis,Branco,Cinzento,Prados,Castanho
Comestivel,Nenhum,Cinzento,Rosa,Urbano,Preto
Comestivel,Anis,Amarelo,Cinzento,Gramados,Castanho
Comestivel,Almíscar,Castanho,Branco,Caminhos,Castanho
Comestivel,Nenhum,Branco,Rosa,Gramados,Preto
Comestivel,Anis,Branco,Branco,Madeira/Árvores,Castanho
Comestivel,Anis,Branco,Branco,Prados,Castanho
Comestivel,Almíscar,Amarelo,Branco,Madeira/Árvores,Castanho
Comestivel,Almíscar,Amarelo,Preto,Prados,Castanho
Comestivel,Nenhum,Cinzento,Cinzento,Urbano,Castanho
Comestivel,Almíscar,Amarelo,Castanho,Gramados,Preto
Comestivel,Anis,Branco,Cinzento,Prados,Castanho
Comestivel,Anis,Branco,Castanho,Prados,Castanho
Comestivel,Almíscar,Branco,Castanho,Madeira/Árvores,Castanho
Comestivel,Anis,Amarelo,Branco,Gramados,Castanho
Comestivel,Anis,Branco,Branco,Gramados,Preto
Comestivel,Almíscar,Branco,Cinzento,Gramados,Preto
Comestivel,Nenhum,Branco,Chocolate-Claro,Gramados,Preto
Comestivel,Anis,Castanho,Castanho,Caminhos,Preto
Venenoso,Pungente,Branco,Preto,Urbano,Castanho
Comestivel,Almíscar,Branco,Castanho,Gramados,Castanho
Comestivel,Almíscar,Branco,Preto,Prados,Preto
Comestivel,Anis,Branco,Castanho,Gramados,Castanho
Comestivel,Almíscar,Branco,Branco,Gramados,Preto
Comestivel,Almíscar,Amarelo,Branco,Gramados,Preto
Comestivel,Anis,Branco,Branco,Prados,Preto
Comestivel,Almíscar,Amarelo,Castanho,Madeira/Árvores,Castanho
Comestivel,Nenhum,Cinzento,Castanho,Urbano,Castanho
Comestivel,Almíscar,Amarelo,Castanho,Gramados,Castanho
Comestivel,Anis,Branco,Castanho,Prados,Preto
Comestivel,Almíscar,Amarelo,Cinzento,Gramados,Preto
Comestivel,Almíscar,Amarelo,Preto,Gramados,Preto
Comestivel,Anis,Branco,Branco,Gramados,Castanho
Comestivel,Nenhum,Cinzento,Rosa,Urbano,Castanho
Comestivel,Almíscar,Branco,Castanho,Prados,Castanho
Venenoso,Pungente,Branco,Preto,Gramados,Preto
Comestivel,Almíscar,Amarelo,Castanho,Gramados,Castanho
Comestivel,Almíscar,Branco,Rosa,Madeira/Árvores,Castanho
Comestivel,Anis,Branco,Cinzento,Prados,Preto
Comestivel,Anis,Branco,Castanho,Gramados,Preto
Comestivel,Almíscar,Branco,Cinzento,Gramados,Castanho
Comestivel,Almíscar,Amarelo,Cinzento,Gramados,Castanho
Venenoso,Pungente,Castanho,Rosa,Urbano,Preto
Comestivel,Almíscar,Amarelo,Castanho,Gramados,Castanho
Comestivel,Nenhum,Cinzento,Castanho,Urbano,Preto
Venenoso,Pungente,Branco,Preto,Urbano,Preto
Comestivel,Anis,Amarelo,Castanho,Caminhos,Castanho
Comestivel,Nenhum,Castanho,Preto,Urbano,Preto
Comestivel,Anis,Branco,Preto,Gramados,Castanho
Comestivel,Anis,Branco,Branco,Madeira/Árvores,Castanho
Comestivel,Anis,Branco,Branco,Gramados,Preto
Comestivel,Anis,Amarelo,Castanho,Gramados,Castanho
Comestivel,Anis,Amarelo,Castanho,Gramados,Preto
Comestivel,Almíscar,Amarelo,Rosa,Caminhos,Preto
Comestivel,Almíscar,Amarelo,Branco,Caminhos,Preto
Comestivel,Anis,Branco,Branco,Gramados,Preto
Comestivel,Almíscar,Branco,Branco,Prados,Castanho
Venenoso,Pungente,Branco,Castanho,Urbano,Preto
Comestivel,Almíscar,Branco,Rosa,Madeira/Árvores,Roxo
Comestivel,Anis,Branco,Branco,Gramados,Castanho
Comestivel,Anis,Branco,Rosa,Madeira/Árvores,Roxo
Comestivel,Almíscar,Branco,Castanho,Prados,Preto
Comestivel,Anis,Amarelo,Branco,Caminhos,Preto
Comestivel,Nenhum,Castanho,Rosa,Gramados,Preto
Comestivel,Almíscar,Amarelo,Branco,Gramados,Castanho
Venenoso,Pungente,Castanho,Rosa,Gramados,Castanho
Comestivel,Nenhum,Castanho,Cinzento,Urbano,Castanho
Comestivel,Anis,Amarelo,Branco,Prados,Castanho
Comestivel,Anis,Branco,Castanho,Gramados,Castanho
Comestivel,Anis,Branco,Preto,Prados,Castanho
Comestivel,Nenhum,Castanho,Preto,Urbano,Castanho
Comestivel,Almíscar,Branco,Branco,Prados,Preto
Comestivel,Anis,Branco,Cinzento,Gramados,Preto
Comestivel,Almíscar,Branco,Cinzento,Prados,Castanho
Comestivel,Anis,Castanho,Branco,Gramados,Castanho
Venenoso,Pungente,Branco,Preto,Gramados,Preto
Comestivel,Almíscar,Branco,Castanho,Gramados,Castanho
Comestivel,Almíscar,Branco,Castanho,Prados,Castanho
Comestivel,Anis,Branco,Branco,Madeira/Árvores,Roxo
Comestivel,Nenhum,Cinzento,Cinzento,Urbano,Preto
Comestivel,Nenhum,Cinzento,Rosa,Gramados,Preto
Comestivel,Almíscar,Amarelo,Cinzento,Prados,Castanho
Comestivel,Almíscar,Branco,Preto,Prados,Castanho
Venenoso,Pungente,Castanho,Branco,Urbano,Preto
Comestivel,Anis,Branco,Castanho,Prados,Preto
Venenoso,Pungente,Castanho,Branco,Urbano,Preto
Comestivel,Anis,Branco,Preto,Gramados,Castanho
Comestivel,Almíscar,Amarelo,Preto,Prados,Castanho
Comestivel,Almíscar,Amarelo,Castanho,Caminhos,Castanho
Comestivel,Almíscar,Castanho,Branco,Caminhos,Castanho
Comestivel,Almíscar,Castanho,Branco,Gramados,Castanho
Comestivel,Almíscar,Branco,Branco,Prados,Castanho
Comestivel,Nenhum,Castanho,Chocolate-Claro,Gramados,Preto
Comestivel,Anis,Amarelo,Preto,Prados,Castanho
Venenoso,Pungente,Branco,Branco,Gramados,Castanho
Comestivel,Almíscar,Amarelo,Castanho,Prados,Castanho
Comestivel,Nenhum,Castanho,Rosa,Urbano,Castanho
Comestivel,Anis,Amarelo,Preto,Prados,Preto
Comestivel,Anis,Branco,Castanho,Prados,Preto
Comestivel,Almíscar,Castanho,Castanho,Gramados,Preto
Comestivel,Almíscar,Amarelo,Cinzento,Prados,Preto
Comestivel,Almíscar,Branco,Cinzento,Gramados,Preto
Comestivel,Anis,Castanho,Castanho,Caminhos,Castanho
Comestivel,Nenhum,Cinzento,Rosa,Urbano,Castanho
Comestivel,Nenhum,Cinzento,Cinzento,Urbano,Preto
Comestivel,Anis,Amarelo,Castanho,Gramados,Preto
Comestivel,Anis,Amarelo,Castanho,Prados,Preto
Comestivel,Anis,Branco,Preto,Gramados,Castanho
Comestivel,Almíscar,Branco,Cinzento,Prados,Preto
Comestivel,Almíscar,Amarelo,Cinzento,Prados,Castanho
Comestivel,Almíscar,Amarelo,Preto,Prados,Preto
Comestivel,Nenhum,Cinzento,Rosa,Gramados,Preto
Comestivel,Almíscar,Amarelo,Rosa,Madeira/Árvores,Castanho
Venenoso,Pungente,Branco,Rosa,Gramados,Preto
Comestivel,Nenhum,Branco,Preto,Gramados,Preto
Comestivel,Almíscar,Branco,Branco,Gramados,Preto
Comestivel,Anis,Amarelo,Branco,Madeira/Árvores,Castanho
Comestivel,Almíscar,Branco,Castanho,Gramados,Preto
Comestivel,Anis,Branco,Cinzento,Gramados,Preto
Comestivel,Nenhum,Castanho,Rosa,Madeira/Árvores,Castanho
Comestivel,Anis,Branco,Preto,Prados,Castanho
Comestivel,Anis,Amarelo,Cinzento,Prados,Castanho
Comestivel,Almíscar,Castanho,Rosa,Gramados,Preto
Comestivel,Nenhum,Branco,Castanho,Gramados,Castanho
Comestivel,Anis,Amarelo,Branco,Gramados,Preto
Venenoso,Pungente,Branco,Castanho,Gramados,Castanho
Comestivel,Anis,Amarelo,Castanho,Gramados,Preto
Comestivel,Almíscar,Branco,Rosa,Madeira/Árvores,Castanho
Comestivel,Almíscar,Amarelo,Cinzento,Gramados,Castanho
Venenoso,Pungente,Branco,Preto,Urbano,Preto
Comestivel,Almíscar,Amarelo,Branco,Madeira/Árvores,Castanho
Comestivel,Almíscar,Branco,Preto,Prados,Preto
Comestivel,Anis,Branco,Castanho,Madeira/Árvores,Castanho
Comestivel,Anis,Branco,Branco,Madeira/Árvores,Castanho
Comestivel,Anis,Amarelo,Preto,Prados,Castanho
Comestivel,Almíscar,Amarelo,Branco,Madeira/Árvores,Roxo
Comestivel,Almíscar,Branco,Branco,Gramados,Preto
Comestivel,Almíscar,Amarelo,Castanho,Prados,Preto
Comestivel,Anis,Castanho,Rosa,Caminhos,Castanho
Comestivel,Anis,Branco,Preto,Gramados,Preto
Comestivel,Almíscar,Amarelo,Castanho,Prados,Castanho
Venenoso,Pungente,Castanho,Castanho,Urbano,Castanho
Comestivel,Anis,Amarelo,Branco,Gramados,Preto
Comestivel,Almíscar,Branco,Cinzento,Gramados,Preto
Venenoso,Pungente,Castanho,Branco,Urbano,Preto
Comestivel,Anis,Branco,Castanho,Prados,Preto
Comestivel,Anis,Amarelo,Branco,Prados,Castanho
Comestivel,Almíscar,Amarelo,Castanho,Gramados,Preto
Comestivel,Anis,Branco,Cinzento,Gramados,Castanho
Comestivel,Nenhum,Castanho,Rosa,Madeira/Árvores,Preto
Comestivel,Almíscar,Castanho,Branco,Gramados,Preto
Comestivel,Anis,Amarelo,Castanho,Gramados,Castanho
Comestivel,Nenhum,Cinzento,Cinzento,Urbano,Castanho
Comestivel,Anis,Castanho,Castanho,Gramados,Preto
Comestivel,Almíscar,Branco,Preto,Gramados,Castanho
Comestivel,Almíscar,Branco,Castanho,Gramados,Preto
Comestivel,Almíscar,Amarelo,Cinzento,Prados,Preto
Comestivel,Almíscar,Amarelo,Rosa,Madeira/Árvores,Castanho
Comestivel,Anis,Amarelo,Cinzento,Gramados,Castanho
Comestivel,Nenhum,Castanho,Castanho,Gramados,Castanho
Comestivel,Anis,Amarelo,Castanho,Madeira/Árvores,Castanho
Comestivel,Almíscar,Amarelo,Castanho,Prados,Castanho
Comestivel,Nenhum,Cinzento,Castanho,Gramados,Preto
Comestivel,Nenhum,Castanho,Cinzento,Urbano,Castanho
Comestivel,Nenhum,Cinzento,Chocolate-Claro,Gramados,Castanho
Comestivel,Almíscar,Castanho,Rosa,Caminhos,Castanho
Comestivel,Almíscar,Branco,Preto,Gramados,Castanho
Comestivel,Almíscar,Amarelo,Preto,Prados,Preto
Comestivel,Anis,Amarelo,Branco,Caminhos,Preto
Comestivel,Nenhum,Cinzento,Cinzento,Urbano,Castanho
Comestivel,Almíscar,Castanho,Rosa,Caminhos,Castanho
Venenoso,Pungente,Castanho,Preto,Urbano,Preto
Comestivel,Almíscar,Amarelo,Rosa,Caminhos,Castanho
Comestivel,Almíscar,Amarelo,Branco,Gramados,Castanho
Comestivel,Nenhum,Castanho,Chocolate-Claro,Gramados,Castanho
Comestivel,Nenhum,Castanho,Rosa,Gramados,Preto
Comestivel,Nenhum,Castanho,Preto,Gramados,Preto
Comestivel,Almíscar,Castanho,Castanho,Caminhos,Castanho
Comestivel,Almíscar,Amarelo,Branco,Gramados,Preto
Comestivel,Nenhum,Castanho,Rosa,Urbano,Preto
Comestivel,Almíscar,Amarelo,Branco,Caminhos,Castanho
Comestivel,Almíscar,Amarelo,Rosa,Madeira/Árvores,Roxo
Comestivel,Almíscar,Amarelo,Cinzento,Gramados,Castanho
Comestivel,Nenhum,Cinzento,Castanho,Gramados,Preto
Comestivel,Almíscar,Amarelo,Branco,Gramados,Castanho
Comestivel,Anis,Castanho,Castanho,Gramados,Preto
Comestivel,Almíscar,Amarelo,Branco,Prados,Preto
Comestivel,Nenhum,Castanho,Castanho,Urbano,Castanho
Comestivel,Almíscar,Branco,Preto,Prados,Preto
Comestivel,Anis,Branco,Castanho,Gramados,Preto
Comestivel,Nenhum,Castanho,Preto,Urbano,Preto
Comestivel,Anis,Amarelo,Castanho,Prados,Castanho
Comestivel,Anis,Amarelo,Preto,Gramados,Castanho
Comestivel,Almíscar,Amarelo,Preto,Gramados,Castanho
Venenoso,Pungente,Castanho,Rosa,Urbano,Preto
Comestivel,Nenhum,Branco,Preto,Gramados,Castanho
Comestivel,Almíscar,Branco,Branco,Prados,Preto
Comestivel,Almíscar,Branco,Cinzento,Gramados,Castanho
Comestivel,Nenhum,Castanho,Castanho,Madeira/Árvores,Castanho
Venenoso,Pungente,Castanho,Branco,Urbano,Castanho
Comestivel,Anis,Castanho,Branco,Caminhos,Preto
Comestivel,Nenhum,Castanho,Castanho,Gramados,Preto
Comestivel,Anis,Amarelo,Castanho,Prados,Preto
Comestivel,Almíscar,Amarelo,Branco,Prados,Castanho
Comestivel,Almíscar,Amarelo,Castanho,Prados,Castanho
Comestivel,Anis,Amarelo,Cinzento,Prados,Preto
Comestivel,Almíscar,Branco,Castanho,Gramados,Castanho
Comestivel,Nenhum,Cinzento,Preto,Urbano,Castanho
Comestivel,Almíscar,Castanho,Branco,Gramados,Preto
Comestivel,Nenhum,Cinzento,Chocolate-Claro,Gramados,Castanho
Comestivel,Anis,Branco,Preto,Prados,Castanho
Comestivel,Anis,Amarelo,Branco,Prados,Castanho
Comestivel,Nenhum,Cinzento,Castanho,Urbano,Preto
Venenoso,Pungente,Castanho,Rosa,Urbano,Castanho
Comestivel,Anis,Branco,Branco,Gramados,Castanho
Comestivel,Almíscar,Branco,Castanho,Prados,Preto
Venenoso,Pungente,Castanho,Rosa,Urbano,Castanho
Comestivel,Anis,Amarelo,Branco,Prados,Castanho
Comestivel,Anis,Branco,Preto,Prados,Castanho
Comestivel,Anis,Amarelo,Castanho,Prados,Preto
Comestivel,Anis,Amarelo,Castanho,Gramados,Castanho
Comestivel,Almíscar,Branco,Cinzento,Prados,Castanho
Comestivel,Almíscar,Branco,Cinzento,Gramados,Preto
Comestivel,Anis,Castanho,Branco,Caminhos,Castanho
Comestivel,Almíscar,Branco,Branco,Prados,Castanho
Comestivel,Nenhum,Castanho,Castanho,Gramados,Preto
Comestivel,Anis,Castanho,Castanho,Caminhos,Castanho
Comestivel,Anis,Amarelo,Castanho,Gramados,Preto
Venenoso,Pungente,Castanho,Preto,Gramados,Preto
Comestivel,Almíscar,Amarelo,Branco,Gramados,Castanho
Comestivel,Anis,Branco,Rosa,Madeira/Árvores,Roxo
Venenoso,Pungente,Castanho,Branco,Urbano,Preto
Comestivel,Anis,Amarelo,Preto,Gramados,Preto
Comestivel,Nenhum,Cinzento,Chocolate-Claro,Gramados,Castanho
Comestivel,Anis,Branco,Castanho,Gramados,Preto
Comestivel,Almíscar,Branco,Branco,Prados,Castanho
Venenoso,Pungente,Castanho,Rosa,Urbano,Castanho
Comestivel,Anis,Castanho,Branco,Gramados,Preto
Comestivel,Anis,Branco,Castanho,Prados,Castanho
Comestivel,Almíscar,Branco,Castanho,Madeira/Árvores,Castanho
Comestivel,Almíscar,Castanho,Castanho,Caminhos,Castanho
Comestivel,Almíscar,Branco,Preto,Prados,Castanho
Comestivel,Nenhum,Branco,Rosa,Gramados,Preto
Comestivel,Nenhum,Cinzento,Castanho,Urbano,Castanho
Comestivel,Almíscar,Branco,Cinzento,Gramados,Castanho
Comestivel,Anis,Amarelo,Castanho,Gramados,Castanho
Comestivel,Anis,Amarelo,Cinzento,Gramados,Castanho
Comestivel,Anis,Amarelo,Branco,Gramados,Preto
Comestivel,Anis,Branco,Castanho,Madeira/Árvores,Castanho
Comestivel,Almíscar,Branco,Branco,Prados,Preto
Comestivel,Almíscar,Amarelo,Castanho,Madeira/Árvores,Roxo
Comestivel,Anis,Branco,Cinzento,Prados,Castanho
Comestivel,Anis,Amarelo,Preto,Prados,Castanho
Comestivel,Almíscar,Castanho,Rosa,Caminhos,Castanho
Comestivel,Anis,Branco,Castanho,Prados,Preto
Comestivel,Anis,Branco,Cinzento,Prados,Preto
Comestivel,Almíscar,Amarelo,Rosa,Caminhos,Preto
Comestivel,Anis,Branco,Castanho,Prados,Preto
Comestivel,Anis,Amarelo,Branco,Prados,Preto
Comestivel,Anis,Castanho,Rosa,Gramados,Preto
Comestivel,Anis,Branco,Castanho,Gramados,Castanho
Comestivel,Anis,Castanho,Castanho,Gramados,Preto
Comestivel,Anis,Branco,Branco,Prados,Preto
Comestivel,Nenhum,Castanho,Castanho,Madeira/Árvores,Castanho
Comestivel,Anis,Branco,Preto,Prados,Castanho
Comestivel,Anis,Branco,Cinzento,Gramados,Preto
Comestivel,Anis,Amarelo,Cinzento,Prados,Preto
Comestivel,Anis,Amarelo,Rosa,Madeira/Árvores,Castanho
Comestivel,Anis,Branco,Cinzento,Prados,Castanho
Comestivel,Nenhum,Cinzento,Chocolate-Claro,Gramados,Preto
Comestivel,Almíscar,Branco,Preto,Gramados,Castanho
Comestivel,Anis,Amarelo,Branco,Prados,Preto
Comestivel,Almíscar,Amarelo,Castanho,Caminhos,Preto
Comestivel,Almíscar,Castanho,Branco,Caminhos,Castanho
Comestivel,Almíscar,Branco,Preto,Prados,Castanho
Comestivel,Anis,Amarelo,Castanho,Gramados,Castanho
Comestivel,Almíscar,Branco,Cinzento,Gramados,Preto
Comestivel,Almíscar,Amarelo,Branco,Prados,Castanho
Comestivel,Nenhum,Castanho,Preto,Urbano,Preto
Comestivel,Almíscar,Castanho,Rosa,Gramados,Castanho
Comestivel,Almíscar,Branco,Cinzento,Prados,Preto
Comestivel,Anis,Amarelo,Cinzento,Gramados,Preto
Comestivel,Anis,Amarelo,Cinzento,Gramados,Preto
Comestivel,Almíscar,Amarelo,Branco,Caminhos,Castanho
Comestivel,Anis,Amarelo,Cinzento,Gramados,Preto
Comestivel,Almíscar,Branco,Branco,Prados,Preto
Comestivel,Almíscar,Branco,Castanho,Madeira/Árvores,Roxo
Comestivel,Nenhum,Cinzento,Preto,Urbano,Preto
Comestivel,Anis,Amarelo,Castanho,Madeira/Árvores,Castanho
Comestivel,Nenhum,Cinzento,Preto,Urbano,Preto
Comestivel,Nenhum,Castanho,Rosa,Urbano,Castanho
Comestivel,Almíscar,Branco,Branco,Gramados,Castanho
Comestivel,Almíscar,Branco,Rosa,Madeira/Árvores,Castanho
Comestivel,Anis,Amarelo,Castanho,Prados,Preto
Comestivel,Almíscar,Amarelo,Preto,Prados,Preto
Comestivel,Anis,Amarelo,Cinzento,Gramados,Preto
Comestivel,Anis,Branco,Rosa,Madeira/Árvores,Roxo
Comestivel,Nenhum,Cinzento,Cinzento,Urbano,Preto
Comestivel,Almíscar,Branco,Branco,Madeira/Árvores,Castanho
Comestivel,Almíscar,Amarelo,Rosa,Gramados,Preto
Comestivel,Anis,Branco,Branco,Prados,Castanho
Comestivel,Nenhum,Castanho,Rosa,Urbano,Castanho
Comestivel,Anis,Castanho,Castanho,Caminhos,Preto
Comestivel,Almíscar,Castanho,Castanho,Caminhos,Preto
Comestivel,Almíscar,Amarelo,Castanho,Madeira/Árvores,Roxo
Venenoso,Pungente,Castanho,Rosa,Gramados,Castanho
Venenoso,Pungente,Castanho,Preto,Urbano,Castanho
Comestivel,Anis,Castanho,Branco,Caminhos,Castanho
Comestivel,Almíscar,Amarelo,Branco,Gramados,Preto
Comestivel,Almíscar,Amarelo,Preto,Prados,Castanho
Comestivel,Nenhum,Branco,Chocolate-Claro,Gramados,Castanho
Comestivel,Almíscar,Castanho,Rosa,Gramados,Castanho
Comestivel,Almíscar,Branco,Castanho,Gramados,Castanho
Comestivel,Anis,Amarelo,Branco,Prados,Preto
Comestivel,Almíscar,Amarelo,Branco,Gramados,Castanho
Comestivel,Almíscar,Amarelo,Cinzento,Gramados,Preto
Comestivel,Anis,Branco,Cinzento,Prados,Preto
Comestivel,Almíscar,Amarelo,Branco,Prados,Preto
Comestivel,Almíscar,Amarelo,Branco,Gramados,Castanho
Venenoso,Pungente,Castanho,Castanho,Gramados,Castanho
Comestivel,Nenhum,Cinzento,Rosa,Gramados,Castanho
Comestivel,Nenhum,Castanho,Rosa,Gramados,Castanho
Comestivel,Almíscar,Branco,Castanho,Madeira/Árvores,Castanho
Comestivel,Nenhum,Cinzento,Rosa,Urbano,Castanho
Comestivel,Nenhum,Castanho,Preto,Urbano,Castanho
Comestivel,Almíscar,Amarelo,Preto,Gramados,Preto
Comestivel,Almíscar,Branco,Castanho,Madeira/Árvores,Roxo
Comestivel,Nenhum,Cinzento,Castanho,Urbano,Castanho
Comestivel,Nenhum,Castanho,Preto,Urbano,Castanho
Comestivel,Nenhum,Branco,Chocolate-Claro,Gramados,Castanho
Comestivel,Anis,Castanho,Castanho,Caminhos,Preto
Comestivel,Almíscar,Amarelo,Preto,Gramados,Preto
Comestivel,Anis,Branco,Preto,Gramados,Preto
Comestivel,Almíscar,Amarelo,Preto,Gramados,Castanho
Comestivel,Anis,Branco,Branco,Prados,Preto
Comestivel,Anis,Branco,Castanho,Gramados,Preto
Comestivel,Almíscar,Amarelo,Rosa,Caminhos,Castanho
Venenoso,Pungente,Castanho,Castanho,Urbano,Castanho
Comestivel,Nenhum,Cinzento,Castanho,Urbano,Preto
Comestivel,Anis,Amarelo,Branco,Gramados,Castanho
Comestivel,Almíscar,Castanho,Branco,Caminhos,Castanho
Comestivel,Almíscar,Amarelo,Preto,Prados,Castanho
Comestivel,Nenhum,Castanho,Preto,Urbano,Preto
Comestivel,Almíscar,Amarelo,Branco,Caminhos,Castanho
Comestivel,Almíscar,Castanho,Castanho,Caminhos,Castanho
Comestivel,Almíscar,Branco,Castanho,Gramados,Preto
Venenoso,Pungente,Branco,Castanho,Gramados,Preto
Comestivel,Anis,Castanho,Branco,Caminhos,Preto
Venenoso,Pungente,Castanho,Preto,Gramados,Preto
Comestivel,Nenhum,Branco,Preto,Gramados,Preto
Comestivel,Almíscar,Branco,Preto,Prados,Preto
Comestivel,Nenhum,Castanho,Rosa,Urbano,Preto
Comestivel,Anis,Amarelo,Cinzento,Prados,Castanho
Comestivel,Almíscar,Branco,Rosa,Madeira/Árvores,Roxo
Comestivel,Almíscar,Amarelo,Castanho,Prados,Preto
Comestivel,Nenhum,Cinzento,Rosa,Gramados,Preto
Venenoso,Pungente,Branco,Castanho,Gramados,Castanho
Comestivel,Almíscar,Amarelo,Rosa,Gramados,Preto
Comestivel,Nenhum,Castanho,Castanho,Gramados,Preto
Comestivel,Almíscar,Branco,Branco,Prados,Preto
Comestivel,Anis,Amarelo,Cinzento,Prados,Castanho
Comestivel,Nenhum,Cinzento,Cinzento,Urbano,Castanho
Comestivel,Anis,Amarelo,Rosa,Madeira/Árvores,Roxo
Comestivel,Almíscar,Amarelo,Cinzento,Prados,Castanho
Comestivel,Nenhum,Castanho,Castanho,Urbano,Castanho
Comestivel,Nenhum,Cinzento,Chocolate-Claro,Gramados,Castanho
Comestivel,Anis,Amarelo,Rosa,Caminhos,Preto
Comestivel,Anis,Branco,Rosa,Madeira/Árvores,Castanho
Comestivel,Anis,Amarelo,Preto,Gramados,Preto
Comestivel,Almíscar,Amarelo,Rosa,Caminhos,Preto
Venenoso,Pungente,Castanho,Preto,Urbano,Preto
Comestivel,Anis,Branco,Branco,Madeira/Árvores,Roxo
Comestivel,Anis,Branco,Branco,Gramados,Preto
Comestivel,Almíscar,Amarelo,Cinzento,Prados,Castanho
Comestivel,Almíscar,Amarelo,Cinzento,Gramados,Castanho
Comestivel,Almíscar,Amarelo,Branco,Madeira/Árvores,Roxo
Comestivel,Almíscar,Amarelo,Castanho,Madeira/Árvores,Roxo
Comestivel,Nenhum,Branco,Castanho,Gramados,Preto
Comestivel,Almíscar,Branco,Branco,Prados,Castanho
Venenoso,Pungente,Branco,Branco,Gramados,Preto
Comestivel,Almíscar,Amarelo,Cinzento,Gramados,Castanho
Comestivel,Nenhum,Cinzento,Preto,Gramados,Preto
Venenoso,Pungente,Castanho,Castanho,Gramados,Castanho
Comestivel,Almíscar,Branco,Branco,Prados,Preto
Comestivel,Almíscar,Branco,Preto,Prados,Preto
Comestivel,Anis,Amarelo,Castanho,Madeira/Árvores,Castanho
Comestivel,Almíscar,Amarelo,Preto,Gramados,Preto
Comestivel,Anis,Branco,Branco,Gramados,Preto
Comestivel,Almíscar,Castanho,Branco,Gramados,Castanho
Comestivel,Anis,Amarelo,Branco,Gramados,Castanho
Comestivel,Nenhum,Castanho,Rosa,Urbano,Castanho
Comestivel,Anis,Amarelo,Castanho,Gramados,Castanho
Comestivel,Anis,Amarelo,Branco,Gramados,Castanho
Venenoso,Pungente,Castanho,Branco,Gramados,Castanho
Comestivel,Almíscar,Branco,Cinzento,Prados,Castanho
Comestivel,Almíscar,Amarelo,Branco,Prados,Castanho
Comestivel,Anis,Branco,Preto,Gramados,Preto
Comestivel,Almíscar,Amarelo,Castanho,Gramados,Castanho
Comestivel,Almíscar,Amarelo,Branco,Gramados,Preto
Comestivel,Almíscar,Branco,Preto,Prados,Castanho
Comestivel,Nenhum,Cinzento,Cinzento,Urbano,Preto
Comestivel,Nenhum,Castanho,Castanho,Urbano,Preto
Comestivel,Nenhum,Cinzento,Castanho,Urbano,Preto
Comestivel,Almíscar,Branco,Castanho,Prados,Preto
Venenoso,Pungente,Branco,Preto,Urbano,Preto
Comestivel,Nenhum,Cinzento,Chocolate-Claro,Gramados,Preto
Comestivel,Anis,Amarelo,Cinzento,Gramados,Preto
Venenoso,Pungente,Branco,Preto,Gramados,Castanho
Comestivel,Almíscar,Amarelo,Cinzento,Prados,Preto
Venenoso,Pungente,Castanho,Rosa,Urbano,Preto
Comestivel,Anis,Amarelo,Castanho,Prados,Preto
Comestivel,Anis,Branco,Cinzento,Prados,Preto
Venenoso,Pungente,Branco,Rosa,Gramados,Castanho
Venenoso,Pungente,Castanho,Castanho,Urbano,Preto
Comestivel,Nenhum,Cinzento,Castanho,Gramados,Castanho
Comestivel,Anis,Castanho,Branco,Gramados,Castanho
Comestivel,Nenhum,Branco,Preto,Gramados,Castanho
Comestivel,Anis,Castanho,Castanho,Caminhos,Castanho
Comestivel,Anis,Branco,Branco,Prados,Preto
Comestivel,Almíscar,Branco,Castanho,Gramados,Preto
Comestivel,Nenhum,Cinzento,Castanho,Gramados,Castanho
Comestivel,Almíscar,Castanho,Castanho,Gramados,Preto
Comestivel,Anis,Branco,Branco,Prados,Preto
Comestivel,Nenhum,Cinzento,Castanho,Urbano,Preto
Comestivel,Nenhum,Castanho,Chocolate-Claro,Gramados,Castanho
Comestivel,Nenhum,Cinzento,Castanho,Gramados,Castanho
Comestivel,Nenhum,Branco,Rosa,Gramados,Preto
Venenoso,Pungente,Branco,Preto,Urbano,Castanho
Comestivel,Anis,Amarelo,Rosa,Gramados,Preto
Comestivel,Anis,Branco,Cinzento,Gramados,Preto
Comestivel,Nenhum,Cinzento,Rosa,Gramados,Preto
Comestivel,Anis,Branco,Cinzento,Gramados,Preto
Comestivel,Almíscar,Amarelo,Castanho,Prados,Castanho
Comestivel,Nenhum,Cinzento,Castanho,Urbano,Castanho
Comestivel,Anis,Amarelo,Rosa,Gramados,Preto
Comestivel,Anis,Branco,Branco,Gramados,Castanho
Comestivel,Anis,Branco,Castanho,Madeira/Árvores,Roxo
Comestivel,Almíscar,Amarelo,Castanho,Caminhos,Preto
Comestivel,Nenhum,Cinzento,Rosa,Urbano,Preto
Comestivel,Anis,Branco,Cinzento,Prados,Preto
Comestivel,Anis,Amarelo,Branco,Madeira/Árvores,Roxo
Comestivel,Nenhum,Cinzento,Rosa,Urbano,Preto
Comestivel,Almíscar,Branco,Cinzento,Gramados,Castanho
Comestivel,Almíscar,Branco,Preto,Gramados,Preto
Comestivel,Nenhum,Castanho,Castanho,Gramados,Castanho
Comestivel,Almíscar,Amarelo,Preto,Prados,Preto
Comestivel,Nenhum,Castanho,Castanho,Madeira/Árvores,Preto
Comestivel,Anis,Castanho,Castanho,Gramados,Preto
Comestivel,Almíscar,Castanho,Rosa,Gramados,Castanho
Comestivel,Almíscar,Amarelo,Branco,Prados,Castanho
Comestivel,Almíscar,Amarelo,Rosa,Gramados,Preto
Comestivel,Anis,Amarelo,Castanho,Prados,Preto
Comestivel,Nenhum,Castanho,Chocolate-Claro,Gramados,Preto
Comestivel,Almíscar,Branco,Cinzento,Prados,Preto
Comestivel,Anis,Amarelo,Branco,Prados,Preto
Comestivel,Almíscar,Castanho,Castanho,Gramados,Castanho
Comestivel,Anis,Castanho,Branco,Caminhos,Preto
Comestivel,Almíscar,Castanho,Branco,Gramados,Preto
Comestivel,Anis,Amarelo,Castanho,Caminhos,Preto
Comestivel,Anis,Amarelo,Castanho,Madeira/Árvores,Roxo
Comestivel,Almíscar,Branco,Cinzento,Prados,Preto
Comestivel,Anis,Branco,Preto,Prados,Preto
Comestivel,Almíscar,Amarelo,Castanho,Gramados,Preto
Comestivel,Anis,Branco,Rosa,Madeira/Árvores,Roxo
Comestivel,Almíscar,Amarelo,Castanho,Gramados,Preto
Comestivel,Anis,Amarelo,Castanho,Prados,Castanho
Comestivel,Almíscar,Amarelo,Branco,Gramados,Preto
Venenoso,Pungente,Castanho,Branco,Gramados,Preto
Venenoso,Pungente,Branco,Branco,Urbano,Preto
Comestivel,Anis,Amarelo,Cinzento,Gramados,Castanho
Comestivel,Nenhum,Branco,Preto,Gramados,Castanho
Comestivel,Almíscar,Amarelo,Cinzento,Gramados,Preto
Comestivel,Anis,Amarelo,Branco,Caminhos,Preto
Comestivel,Nenhum,Cinzento,Preto,Urbano,Castanho
Comestivel,Almíscar,Branco,Castanho,Gramados,Preto
Comestivel,Anis,Branco,Preto,Prados,Preto
Venenoso,Pungente,Castanho,Castanho,Gramados,Preto
Venenoso,Pungente,Castanho,Preto,Gramados,Castanho
Comestivel,Anis,Branco,Cinzento,Gramados,Castanho
Comestivel,Almíscar,Amarelo,Branco,Prados,Castanho
Comestivel,Almíscar,Castanho,Branco,Gramados,Castanho
Comestivel,Anis,Amarelo,Rosa,Gramados,Castanho
Comestivel,Anis,Amarelo,Castanho,Caminhos,Castanho
Comestivel,Almíscar,Branco,Branco,Gramados,Castanho
Comestivel,Almíscar,Amarelo,Preto,Gramados,Preto
Comestivel,Nenhum,Castanho,Rosa,Urbano,Castanho
Comestivel,Nenhum,Castanho,Rosa,Gramados,Preto
Comestivel,Anis,Amarelo,Branco,Madeira/Árvores,Roxo
Comestivel,Anis,Amarelo,Branco,Caminhos,Castanho
Comestivel,Nenhum,Castanho,Cinzento,Urbano,Preto
Comestivel,Nenhum,Cinzento,Preto,Urbano,Castanho
Comestivel,Anis,Castanho,Castanho,Gramados,Castanho
Comestivel,Anis,Amarelo,Branco,Caminhos,Castanho
Comestivel,Almíscar,Branco,Cinzento,Prados,Preto
Comestivel,Anis,Branco,Castanho,Madeira/Árvores,Castanho
Comestivel,Almíscar,Branco,Castanho,Prados,Castanho
Comestivel,Almíscar,Amarelo,Branco,Madeira/Árvores,Roxo
Comestivel,Almíscar,Amarelo,Branco,Gramados,Preto
Comestivel,Nenhum,Castanho,Rosa,Madeira/Árvores,Castanho
Comestivel,Almíscar,Branco,Cinzento,Prados,Preto
Comestivel,Nenhum,Cinzento,Preto,Urbano,Preto
Comestivel,Almíscar,Branco,Castanho,Prados,Castanho
Comestivel,Anis,Amarelo,Branco,Prados,Preto
Comestivel,Almíscar,Branco,Preto,Gramados,Preto
Comestivel,Almíscar,Amarelo,Branco,Gramados,Preto
Comestivel,Anis,Branco,Preto,Gramados,Preto
Comestivel,Almíscar,Castanho,Rosa,Caminhos,Castanho
Comestivel,Nenhum,Cinzento,Preto,Gramados,Castanho
Venenoso,Pungente,Castanho,Rosa,Gramados,Castanho
Comestivel,Almíscar,Branco,Castanho,Gramados,Castanho
Comestivel,Almíscar,Amarelo,Branco,Prados,Castanho
Venenoso,Pungente,Castanho,Branco,Gramados,Preto
Venenoso,Pungente,Castanho,Rosa,Urbano,Castanho
Comestivel,Nenhum,Castanho,Castanho,Gramados,Castanho
Venenoso,Pungente,Castanho,Branco,Gramados,Preto
Comestivel,Nenhum,Cinzento,Chocolate-Claro,Gramados,Castanho
Comestivel,Anis,Amarelo,Castanho,Caminhos,Preto
Comestivel,Anis,Branco,Preto,Prados,Preto
Comestivel,Anis,Amarelo,Rosa,Caminhos,Castanho
Comestivel,Anis,Amarelo,Rosa,Caminhos,Preto
Comestivel,Anis,Amarelo,Preto,Prados,Preto
Comestivel,Nenhum,Castanho,Rosa,Urbano,Preto
Comestivel,Almíscar,Branco,Preto,Prados,Castanho
Comestivel,Almíscar,Amarelo,Cinzento,Prados,Preto
Comestivel,Almíscar,Amarelo,Branco,Caminhos,Preto
Comestivel,Nenhum,Castanho,Rosa,Gramados,Castanho
Comestivel,Anis,Branco,Branco,Prados,Castanho
Comestivel,Anis,Amarelo,Branco,Gramados,Castanho
Comestivel,Anis,Amarelo,Preto,Gramados,Preto
Comestivel,Almíscar,Amarelo,Castanho,Prados,Castanho
Comestivel,Anis,Branco,Preto,Prados,Castanho
Comestivel,Almíscar,Amarelo,Castanho,Caminhos,Preto
Comestivel,Almíscar,Castanho,Castanho,Gramados,Castanho
Comestivel,Nenhum,Castanho,Cinzento,Urbano,Preto
Comestivel,Almíscar,Castanho,Castanho,Gramados,Castanho
Comestivel,Almíscar,Branco,Preto,Gramados,Preto
Comestivel,Anis,Amarelo,Branco,Madeira/Árvores,Castanho
Comestivel,Nenhum,Castanho,Rosa,Gramados,Castanho
Comestivel,Almíscar,Amarelo,Castanho,Gramados,Preto
Venenoso,Pungente,Castanho,Preto,Gramados,Castanho
Comestivel,Anis,Branco,Branco,Gramados,Castanho
Comestivel,Nenhum,Branco,Chocolate-Claro,Gramados,Castanho
Comestivel,Almíscar,Branco,Castanho,Prados,Castanho
Comestivel,Anis,Branco,Branco,Prados,Preto
Comestivel,Anis,Amarelo,Branco,Gramados,Preto
Comestivel,Nenhum,Castanho,Castanho,Gramados,Castanho
Venenoso,Pungente,Branco,Preto,Gramados,Castanho
Venenoso,Pungente,Branco,Rosa,Urbano,Preto
Comestivel,Anis,Branco,Cinzento,Gramados,Preto
Comestivel,Almíscar,Branco,Branco,Gramados,Castanho
Comestivel,Almíscar,Branco,Branco,Madeira/Árvores,Castanho
Venenoso,Pungente,Branco,Branco,Urbano,Preto
Comestivel,Anis,Branco,Cinzento,Gramados,Preto
Comestivel,Nenhum,Cinzento,Rosa,Urbano,Preto
Comestivel,Nenhum,Castanho,Rosa,Urbano,Preto
Comestivel,Almíscar,Branco,Castanho,Prados,Preto
Comestivel,Almíscar,Castanho,Rosa,Gramados,Preto
Comestivel,Almíscar,Branco,Preto,Prados,Castanho
Comestivel,Anis,Amarelo,Castanho,Caminhos,Castanho
Comestivel,Anis,Branco,Castanho,Gramados,Castanho
Comestivel,Anis,Branco,Branco,Gramados,Castanho
Comestivel,Almíscar,Branco,Branco,Prados,Preto
Venenoso,Pungente,Castanho,Branco,Urbano,Castanho
Comestivel,Almíscar,Amarelo,Castanho,Madeira/Árvores,Roxo
Comestivel,Almíscar,Castanho,Castanho,Caminhos,Castanho
Comestivel,Anis,Amarelo,Preto,Gramados,Castanho
Comestivel,Almíscar,Branco,Castanho,Madeira/Árvores,Roxo
Comestivel,Anis,Amarelo,Branco,Gramados,Preto
Comestivel,Almíscar,Amarelo,Preto,Prados,Castanho
Comestivel,Almíscar,Amarelo,Castanho,Gramados,Preto
Comestivel,Anis,Amarelo,Castanho,Gramados,Castanho
Comestivel,Nenhum,Branco,Castanho,Gramados,Castanho
Comestivel,Almíscar,Amarelo,Branco,Prados,Castanho
Comestivel,Almíscar,Castanho,Castanho,Caminhos,Preto
Comestivel,Anis,Branco,Cinzento,Gramados,Castanho
Comestivel,Anis,Castanho,Rosa,Gramados,Preto
Comestivel,Anis,Branco,Cinzento,Gramados,Castanho
Comestivel,Nenhum,Castanho,Cinzento,Urbano,Castanho
Comestivel,Anis,Castanho,Branco,Caminhos,Preto
Comestivel,Nenhum,Cinzento,Preto,Gramados,Preto
Comestivel,Anis,Branco,Rosa,Madeira/Árvores,Castanho
Comestivel,Nenhum,Castanho,Cinzento,Urbano,Castanho
Comestivel,Almíscar,Amarelo,Cinzento,Prados,Castanho
Comestivel,Almíscar,Branco,Preto,Prados,Preto
Comestivel,Almíscar,Branco,Branco,Gramados,Castanho
Comestivel,Anis,Amarelo,Preto,Prados,Castanho
Comestivel,Almíscar,Amarelo,Preto,Prados,Preto
Comestivel,Almíscar,Amarelo,Rosa,Madeira/Árvores,Castanho
Comestivel,Nenhum,Cinzento,Chocolate-Claro,Gramados,Preto
Comestivel,Almíscar,Amarelo,Rosa,Gramados,Castanho
Venenoso,Pungente,Castanho,Preto,Urbano,Castanho
Comestivel,Almíscar,Castanho,Rosa,Gramados,Castanho
Comestivel,Anis,Amarelo,Castanho,Gramados,Castanho
Comestivel,Anis,Branco,Branco,Prados,Castanho
Comestivel,Almíscar,Amarelo,Branco,Prados,Preto
Comestivel,Nenhum,Castanho,Cinzento,Urbano,Preto
Comestivel,Anis,Amarelo,Branco,Prados,Preto
Comestivel,Anis,Branco,Castanho,Prados,Preto
Comestivel,Almíscar,Branco,Branco,Gramados,Preto
Venenoso,Pungente,Castanho,Branco,Gramados,Preto
Comestivel,Nenhum,Castanho,Castanho,Urbano,Preto
Comestivel,Anis,Amarelo,Branco,Gramados,Castanho
Venenoso,Pungente,Castanho,Preto,Gramados,Castanho
Comestivel,Anis,Amarelo,Rosa,Caminhos,Preto
Comestivel,Anis,Amarelo,Preto,Gramados,Castanho
Comestivel,Anis,Castanho,Rosa,Caminhos,Preto
Comestivel,Almíscar,Branco,Preto,Gramados,Preto
Comestivel,Almíscar,Amarelo,Castanho,Gramados,Castanho
Venenoso,Pungente,Castanho,Rosa,Gramados,Castanho
Venenoso,Pungente,Castanho,Castanho,Urbano,Castanho
Comestivel,Anis,Amarelo,Castanho,Gramados,Preto
Comestivel,Nenhum,Branco,Chocolate-Claro,Gramados,Preto
Venenoso,Pungente,Branco,Preto,Gramados,Castanho
Comestivel,Anis,Castanho,Branco,Caminhos,Castanho
Comestivel,Almíscar,Branco,Castanho,Prados,Preto
Comestivel,Almíscar,Amarelo,Branco,Gramados,Castanho
Venenoso,Pungente,Castanho,Castanho,Urbano,Castanho
Comestivel,Anis,Amarelo,Branco,Gramados,Preto
Comestivel,Almíscar,Branco,Preto,Gramados,Castanho
Comestivel,Anis,Amarelo,Branco,Gramados,Preto
Comestivel,Almíscar,Branco,Preto,Gramados,Preto
Comestivel,Almíscar,Amarelo,Rosa,Gramados,Preto
Comestivel,Anis,Amarelo,Castanho,Prados,Castanho
Comestivel,Anis,Amarelo,Rosa,Madeira/Árvores,Castanho
Comestivel,Almíscar,Amarelo,Cinzento,Prados,Preto
Comestivel,Almíscar,Amarelo,Castanho,Prados,Preto
Venenoso,Pungente,Branco,Rosa,Urbano,Preto
Venenoso,Pungente,Branco,Branco,Gramados,Castanho
Venenoso,Pungente,Castanho,Preto,Urbano,Preto
Comestivel,Almíscar,Branco,Castanho,Prados,Preto
Comestivel,Almíscar,Castanho,Rosa,Gramados,Preto
Comestivel,Almíscar,Amarelo,Castanho,Gramados,Preto
Comestivel,Almíscar,Branco,Branco,Madeira/Árvores,Castanho
Comestivel,Anis,Branco,Preto,Gramados,Castanho
Comestivel,Anis,Amarelo,Branco,Prados,Castanho
Comestivel,Nenhum,Cinzento,Preto,Urbano,Preto
Comestivel,Almíscar,Amarelo,Castanho,Prados,Preto
Comestivel,Anis,Branco,Cinzento,Gramados,Castanho
Comestivel,Almíscar,Castanho,Branco,Caminhos,Preto
Comestivel,Anis,Amarelo,Branco,Prados,Preto
Comestivel,Anis,Branco,Castanho,Madeira/Árvores,Castanho
Comestivel,Almíscar,Branco,Branco,Madeira/Árvores,Roxo
Comestivel,Anis,Branco,Cinzento,Prados,Castanho
Comestivel,Anis,Amarelo,Rosa,Madeira/Árvores,Roxo
Comestivel,Nenhum,Cinzento,Rosa,Urbano,Preto
Comestivel,Almíscar,Amarelo,Branco,Madeira/Árvores,Castanho
Comestivel,Anis,Castanho,Rosa,Gramados,Preto
Comestivel,Anis,Amarelo,Branco,Gramados,Castanho
Comestivel,Anis,Amarelo,Rosa,Caminhos,Castanho
Venenoso,Pungente,Castanho,Preto,Gramados,Castanho
Comestivel,Anis,Amarelo,Castanho,Prados,Castanho
Venenoso,Pungente,Branco,Rosa,Urbano,Castanho
Comestivel,Almíscar,Amarelo,Branco,Gramados,Preto
Comestivel,Almíscar,Branco,Branco,Gramados,Preto
Comestivel,Almíscar,Amarelo,Branco,Madeira/Árvores,Roxo
Venenoso,Pungente,Castanho,Branco,Gramados,Castanho
Comestivel,Almíscar,Branco,Castanho,Gramados,Castanho
Comestivel,Nenhum,Cinzento,Castanho,Urbano,Preto
Comestivel,Almíscar,Amarelo,Cinzento,Gramados,Preto
Comestivel,Nenhum,Cinzento,Preto,Gramados,Castanho
Comestivel,Almíscar,Amarelo,Castanho,Prados,Castanho
Comestivel,Anis,Branco,Cinzento,Gramados,Castanho
Comestivel,Anis,Amarelo,Preto,Prados,Castanho
Comestivel,Anis,Branco,Branco,Madeira/Árvores,Roxo
Comestivel,Anis,Branco,Preto,Gramados,Castanho
Comestivel,Almíscar,Castanho,Rosa,Gramados,Preto
Comestivel,Nenhum,Cinzento,Cinzento,Urbano,Castanho
Comestivel,Nenhum,Branco,Rosa,Gramados,Castanho
Comestivel,Nenhum,Castanho,Castanho,Urbano,Preto
Comestivel,Anis,Castanho,Rosa,Caminhos,Preto
Comestivel,Anis,Amarelo,Castanho,Madeira/Árvores,Roxo
Comestivel,Almíscar,Amarelo,Castanho,Gramados,Castanho
Comestivel,Almíscar,Amarelo,Preto,Prados,Preto
Venenoso,Pungente,Castanho,Rosa,Gramados,Preto
Comestivel,Anis,Castanho,Branco,Caminhos,Castanho
Comestivel,Almíscar,Amarelo,Branco,Gramados,Castanho
Comestivel,Almíscar,Amarelo,Rosa,Gramados,Castanho
Comestivel,Almíscar,Branco,Cinzento,Gramados,Castanho
Comestivel,Almíscar,Amarelo,Branco,Prados,Castanho
Comestivel,Anis,Amarelo,Preto,Gramados,Preto
Comestivel,Nenhum,Castanho,Castanho,Urbano,Castanho
Comestivel,Anis,Amarelo,Rosa,Caminhos,Castanho
Comestivel,Nenhum,Cinzento,Rosa,Urbano,Castanho
Comestivel,Anis,Amarelo,Preto,Gramados,Castanho
Comestivel,Almíscar,Castanho,Rosa,Caminhos,Preto
Comestivel,Anis,Amarelo,Branco,Gramados,Castanho
Comestivel,Almíscar,Amarelo,Preto,Prados,Castanho
Comestivel,Nenhum,Castanho,Castanho,Madeira/Árvores,Preto
Comestivel,Almíscar,Branco,Castanho,Prados,Castanho
Comestivel,Anis,Amarelo,Rosa,Caminhos,Castanho
Comestivel,Almíscar,Branco,Preto,Prados,Castanho
Comestivel,Anis,Branco,Preto,Gramados,Preto
Comestivel,Anis,Amarelo,Branco,Gramados,Castanho
Comestivel,Anis,Amarelo,Castanho,Gramados,Castanho
Comestivel,Almíscar,Branco,Branco,Madeira/Árvores,Castanho
Comestivel,Nenhum,Cinzento,Castanho,Gramados,Castanho
Comestivel,Almíscar,Branco,Branco,Gramados,Preto
Comestivel,Anis,Branco,Castanho,Gramados,Preto
Comestivel,Anis,Amarelo,Castanho,Gramados,Preto
Comestivel,Almíscar,Branco,Rosa,Madeira/Árvores,Roxo
Comestivel,Almíscar,Amarelo,Castanho,Gramados,Castanho
Comestivel,Almíscar,Amarelo,Castanho,Gramados,Castanho
Comestivel,Almíscar,Amarelo,Branco,Caminhos,Preto
Comestivel,Anis,Amarelo,Cinzento,Gramados,Castanho
Comestivel,Nenhum,Castanho,Roxo,Madeira/Árvores,Castanho
Comestivel,Anis,Amarelo,Rosa,Gramados,Preto
Comestivel,Almíscar,Branco,Castanho,Gramados,Preto
Comestivel,Almíscar,Amarelo,Cinzento,Prados,Castanho
Comestivel,Anis,Amarelo,Preto,Prados,Castanho
Comestivel,Anis,Castanho,Rosa,Gramados,Castanho
Comestivel,Almíscar,Amarelo,Preto,Gramados,Preto
Comestivel,Anis,Branco,Preto,Prados,Preto
Comestivel,Anis,Branco,Preto,Prados,Preto
Comestivel,Anis,Amarelo,Castanho,Gramados,Preto
Comestivel,Anis,Amarelo,Castanho,Caminhos,Preto
Comestivel,Nenhum,Branco,Castanho,Gramados,Castanho
Comestivel,Nenhum,Castanho,Rosa,Gramados,Preto
Comestivel,Nenhum,Branco,Chocolate-Claro,Gramados,Castanho
Comestivel,Anis,Amarelo,Branco,Prados,Castanho
Comestivel,Nenhum,Branco,Rosa,Gramados,Preto
Venenoso,Pungente,Castanho,Castanho,Gramados,Preto
Comestivel,Nenhum,Cinzento,Rosa,Gramados,Castanho
Venenoso,Pungente,Castanho,Rosa,Urbano,Castanho
Venenoso,Pungente,Castanho,Branco,Gramados,Castanho
Comestivel,Anis,Branco,Preto,Gramados,Preto
Comestivel,Nenhum,Cinzento,Rosa,Gramados,Preto
Comestivel,Anis,Branco,Cinzento,Gramados,Preto
Comestivel,Nenhum,Cinzento,Castanho,Gramados,Preto
Comestivel,Nenhum,Cinzento,Preto,Gramados,Preto
Comestivel,Almíscar,Branco,Preto,Gramados,Castanho
Comestivel,Anis,Branco,Castanho,Prados,Castanho
Comestivel,Nenhum,Cinzento,Castanho,Madeira/Árvores,Castanho
Comestivel,Nenhum,Castanho,Preto,Gramados,Castanho
Comestivel,Nenhum,Branco,Chocolate-Claro,Gramados,Preto
Comestivel,Nenhum,Castanho,Rosa,Gramados,Preto
Comestivel,Nenhum,Castanho,Rosa,Gramados,Castanho
Comestivel,Anis,Amarelo,Castanho,Gramados,Preto
Comestivel,Anis,Amarelo,Branco,Madeira/Árvores,Roxo
Comestivel,Nenhum,Branco,Preto,Gramados,Castanho
Comestivel,Nenhum,Castanho,Chocolate-Claro,Gramados,Castanho
Comestivel,Nenhum,Cinzento,Preto,Gramados,Preto
Venenoso,Pungente,Castanho,Branco,Urbano,Preto
Comestivel,Nenhum,Cinzento,Preto,Urbano,Castanho
Comestivel,Almíscar,Branco,Castanho,Prados,Castanho
Comestivel,Nenhum,Cinzento,Chocolate-Claro,Gramados,Preto
Comestivel,Nenhum,Cinzento,Castanho,Gramados,Castanho
Venenoso,Pungente,Castanho,Castanho,Gramados,Castanho
Comestivel,Anis,Amarelo,Preto,Gramados,Castanho
Comestivel,Nenhum,Castanho,Castanho,Urbano,Preto
Comestivel,Nenhum,Branco,Rosa,Gramados,Preto
Comestivel,Almíscar,Amarelo,Branco,Prados,Preto
Comestivel,Nenhum,Castanho,Rosa,Gramados,Preto
Comestivel,Nenhum,Cinzento,Castanho,Gramados,Preto
Comestivel,Nenhum,Vermelho,Roxo,Madeira/Árvores,Castanho
Comestivel,Almíscar,Amarelo,Castanho,Gramados,Castanho
Comestivel,Nenhum,Branco,Castanho,Gramados,Preto
Venenoso,Pungente,Branco,Branco,Gramados,Castanho
Comestivel,Nenhum,Cinzento,Rosa,Gramados,Castanho
Comestivel,Nenhum,Cinzento,Castanho,Madeira/Árvores,Castanho
Comestivel,Nenhum,Castanho,Chocolate-Claro,Gramados,Castanho
Comestivel,Nenhum,Branco,Castanho,Gramados,Preto
Comestivel,Anis,Branco,Branco,Gramados,Preto
Comestivel,Nenhum,Castanho,Castanho,Gramados,Preto
Venenoso,Pungente,Castanho,Branco,Urbano,Castanho
Venenoso,Pungente,Branco,Branco,Urbano,Castanho
Comestivel,Anis,Amarelo,Castanho,Gramados,Preto
Comestivel,Nenhum,Cinzento,Chocolate-Claro,Gramados,Castanho
Comestivel,Nenhum,Cinzento,Castanho,Gramados,Castanho
Comestivel,Nenhum,Castanho,Chocolate-Claro,Gramados,Castanho
Comestivel,Anis,Branco,Preto,Prados,Preto
Venenoso,Pungente,Branco,Branco,Urbano,Preto
Comestivel,Nenhum,Castanho,Castanho,Madeira/Árvores,Preto
Comestivel,Anis,Branco,Castanho,Madeira/Árvores,Roxo
Comestivel,Anis,Amarelo,Preto,Prados,Castanho
Comestivel,Nenhum,Castanho,Castanho,Gramados,Preto
Comestivel,Nenhum,Branco,Chocolate-Claro,Gramados,Preto
Comestivel,Nenhum,Castanho,Castanho,Madeira/Árvores,Preto
Comestivel,Nenhum,Castanho,Castanho,Madeira/Árvores,Castanho
Comestivel,Nenhum,Cinzento,Preto,Gramados,Preto
Comestivel,Nenhum,Cinzento,Castanho,Gramados,Preto
Venenoso,Pungente,Castanho,Branco,Gramados,Preto
Comestivel,Nenhum,Castanho,Castanho,Madeira/Árvores,Preto
Comestivel,Nenhum,Castanho,Preto,Gramados,Preto
Comestivel,Nenhum,Branco,Preto,Gramados,Preto
Comestivel,Nenhum,Castanho,Castanho,Gramados,Castanho
Comestivel,Nenhum,Castanho,Castanho,Madeira/Árvores,Preto
Comestivel,Nenhum,Castanho,Castanho,Madeira/Árvores,Preto
Comestivel,Nenhum,Cinzento,Castanho,Gramados,Preto
Comestivel,Nenhum,Castanho,Roxo,Madeira/Árvores,Preto
Comestivel,Nenhum,Cinzento,Rosa,Gramados,Preto
Comestivel,Anis,Branco,Castanho,Gramados,Preto
Comestivel,Nenhum,Castanho,Castanho,Madeira/Árvores,Preto
Comestivel,Anis,Amarelo,Preto,Gramados,Castanho
Comestivel,Nenhum,Cinzento,Rosa,Gramados,Preto
Comestivel,Nenhum,Castanho,Roxo,Madeira/Árvores,Castanho
Comestivel,Anis,Amarelo,Cinzento,Prados,Preto
Comestivel,Nenhum,Cinzento,Chocolate-Claro,Gramados,Preto
Comestivel,Nenhum,Castanho,Preto,Gramados,Castanho
Venenoso,Pungente,Branco,Castanho,Urbano,Preto
Comestivel,Nenhum,Branco,Castanho,Gramados,Castanho
Comestivel,Nenhum,Branco,Castanho,Gramados,Preto
Comestivel,Nenhum,Branco,Castanho,Gramados,Castanho
Comestivel,Nenhum,Cinzento,Preto,Gramados,Preto
Comestivel,Anis,Amarelo,Castanho,Gramados,Castanho
Comestivel,Anis,Amarelo,Castanho,Prados,Preto
Comestivel,Nenhum,Cinzento,Rosa,Gramados,Preto
Comestivel,Nenhum,Castanho,Rosa,Gramados,Castanho
Comestivel,Nenhum,Castanho,Castanho,Urbano,Preto
Comestivel,Nenhum,Branco,Preto,Gramados,Preto
Comestivel,Nenhum,Branco,Castanho,Gramados,Preto
Comestivel,Anis,Amarelo,Castanho,Prados,Castanho
Comestivel,Almíscar,Branco,Branco,Madeira/Árvores,Roxo
Comestivel,Anis,Branco,Branco,Prados,Castanho
Venenoso,Pungente,Branco,Rosa,Urbano,Preto
Comestivel,Nenhum,Cinzento,Castanho,Madeira/Árvores,Preto
Comestivel,Anis,Castanho,Rosa,Gramados,Castanho
Comestivel,Nenhum,Castanho,Preto,Gramados,Castanho
Venenoso,Pungente,Branco,Branco,Gramados,Preto
Comestivel,Anis,Castanho,Rosa,Gramados,Castanho
Comestivel,Nenhum,Cinzento,Rosa,Gramados,Castanho
Comestivel,Nenhum,Branco,Preto,Gramados,Castanho
Comestivel,Nenhum,Branco,Rosa,Gramados,Castanho
Comestivel,Nenhum,Castanho,Preto,Gramados,Castanho
Comestivel,Anis,Branco,Preto,Gramados,Castanho
Comestivel,Almíscar,Branco,Cinzento,Prados,Castanho
Comestivel,Nenhum,Branco,Preto,Gramados,Preto
Comestivel,Almíscar,Amarelo,Rosa,Caminhos,Castanho
Comestivel,Nenhum,Castanho,Castanho,Gramados,Preto
Comestivel,Nenhum,Cinzento,Chocolate-Claro,Gramados,Preto
Comestivel,Almíscar,Amarelo,Rosa,Madeira/Árvores,Roxo
Comestivel,Anis,Castanho,Castanho,Gramados,Castanho
Comestivel,Nenhum,Castanho,Rosa,Madeira/Árvores,Castanho
Venenoso,Pungente,Castanho,Branco,Gramados,Castanho
Comestivel,Nenhum,Castanho,Castanho,Madeira/Árvores,Preto
Comestivel,Nenhum,Castanho,Castanho,Gramados,Castanho
Comestivel,Almíscar,Amarelo,Branco,Prados,Preto
Comestivel,Almíscar,Branco,Preto,Gramados,Preto
Comestivel,Almíscar,Branco,Branco,Prados,Castanho
Venenoso,Pungente,Branco,Castanho,Urbano,Preto
Venenoso,Pungente,Branco,Rosa,Gramados,Castanho
Comestivel,Nenhum,Castanho,Castanho,Urbano,Castanho
Comestivel,Anis,Amarelo,Branco,Madeira/Árvores,Roxo
Comestivel,Anis,Amarelo,Preto,Prados,Preto
Comestivel,Nenhum,Branco,Preto,Gramados,Preto
Comestivel,Nenhum,Cinzento,Roxo,Madeira/Árvores,Castanho
Venenoso,Pungente,Castanho,Castanho,Gramados,Preto
Comestivel,Nenhum,Cinzento,Rosa,Gramados,Castanho
Comestivel,Nenhum,Castanho,Rosa,Gramados,Castanho
Comestivel,Nenhum,Branco,Rosa,Gramados,Castanho
Comestivel,Nenhum,Branco,Rosa,Gramados,Preto
Comestivel,Almíscar,Amarelo,Preto,Prados,Preto
Comestivel,Almíscar,Amarelo,Castanho,Madeira/Árvores,Castanho
Comestivel,Nenhum,Cinzento,Preto,Urbano,Preto
Venenoso,Pungente,Castanho,Rosa,Urbano,Preto
Comestivel,Almíscar,Amarelo,Branco,Caminhos,Castanho
Comestivel,Almíscar,Castanho,Castanho,Caminhos,Preto
Comestivel,Nenhum,Branco,Chocolate-Claro,Gramados,Preto
Comestivel,Nenhum,Castanho,Roxo,Madeira/Árvores,Castanho
Comestivel,Nenhum,Cinzento,Chocolate-Claro,Gramados,Castanho
Comestivel,Almíscar,Branco,Branco,Gramados,Castanho
Comestivel,Nenhum,Cinzento,Chocolate-Claro,Gramados,Castanho
Venenoso,Pungente,Castanho,Castanho,Urbano,Castanho
Comestivel,Nenhum,Castanho,Rosa,Madeira/Árvores,Preto
Comestivel,Nenhum,Cinzento,Preto,Gramados,Preto
Comestivel,Nenhum,Vermelho,Branco,Madeira/Árvores,Preto
Comestivel,Nenhum,Castanho,Roxo,Madeira/Árvores,Preto
Comestivel,Nenhum,Cinzento,Rosa,Gramados,Castanho
Comestivel,Anis,Amarelo,Branco,Caminhos,Castanho
Comestivel,Nenhum,Castanho,Preto,Gramados,Preto
Comestivel,Anis,Amarelo,Preto,Gramados,Preto
Comestivel,Anis,Branco,Rosa,Madeira/Árvores,Castanho
Comestivel,Nenhum,Cinzento,Preto,Gramados,Castanho
Comestivel,Anis,Amarelo,Branco,Gramados,Preto
Comestivel,Nenhum,Castanho,Chocolate-Claro,Gramados,Castanho
Comestivel,Nenhum,Branco,Chocolate-Claro,Gramados,Castanho
Comestivel,Anis,Amarelo,Castanho,Madeira/Árvores,Castanho
Comestivel,Nenhum,Cinzento,Preto,Gramados,Castanho
Comestivel,Nenhum,Cinzento,Castanho,Gramados,Castanho
Venenoso,Pungente,Branco,Preto,Urbano,Preto
Comestivel,Anis,Amarelo,Rosa,Madeira/Árvores,Roxo
Comestivel,Almíscar,Branco,Preto,Gramados,Preto
Comestivel,Nenhum,Branco,Rosa,Gramados,Castanho
Comestivel,Nenhum,Castanho,Roxo,Madeira/Árvores,Preto
Comestivel,Anis,Castanho,Castanho,Gramados,Castanho
Comestivel,Nenhum,Branco,Chocolate-Claro,Gramados,Castanho
Venenoso,Pungente,Branco,Preto,Gramados,Castanho
Comestivel,Almíscar,Amarelo,Preto,Gramados,Castanho
Comestivel,Nenhum,Cinzento,Rosa,Madeira/Árvores,Preto
Comestivel,Anis,Amarelo,Rosa,Caminhos,Preto
Comestivel,Nenhum,Cinzento,Preto,Gramados,Preto
Comestivel,Nenhum,Castanho,Rosa,Urbano,Castanho
Venenoso,Pungente,Branco,Castanho,Gramados,Castanho
Comestivel,Nenhum,Cinzento,Preto,Gramados,Castanho
Comestivel,Anis,Castanho,Rosa,Caminhos,Preto
Comestivel,Nenhum,Branco,Chocolate-Claro,Gramados,Preto
Venenoso,Pungente,Castanho,Preto,Urbano,Castanho
Comestivel,Anis,Amarelo,Preto,Prados,Preto
Comestivel,Nenhum,Cinzento,Castanho,Gramados,Preto
Comestivel,Anis,Branco,Branco,Gramados,Preto
Comestivel,Nenhum,Cinzento,Rosa,Gramados,Castanho
Comestivel,Anis,Branco,Castanho,Prados,Castanho
Comestivel,Anis,Branco,Branco,Prados,Preto
Venenoso,Pungente,Castanho,Castanho,Gramados,Preto
Comestivel,Anis,Amarelo,Branco,Gramados,Preto
Comestivel,Nenhum,Castanho,Castanho,Urbano,Preto
Comestivel,Almíscar,Castanho,Castanho,Gramados,Preto
Comestivel,Nenhum,Cinzento,Castanho,Gramados,Castanho
Comestivel,Anis,Amarelo,Castanho,Madeira/Árvores,Roxo
Comestivel,Nenhum,Cinzento,Rosa,Gramados,Castanho
Venenoso,Pungente,Castanho,Castanho,Urbano,Preto
Comestivel,Nenhum,Cinzento,Rosa,Gramados,Preto
Comestivel,Nenhum,Cinzento,Chocolate-Claro,Gramados,Preto
Comestivel,Nenhum,Cinzento,Chocolate-Claro,Gramados,Preto
Venenoso,Pungente,Castanho,Castanho,Gramados,Castanho
Comestivel,Nenhum,Castanho,Preto,Gramados,Castanho
Comestivel,Nenhum,Branco,Preto,Gramados,Castanho
Comestivel,Nenhum,Cinzento,Chocolate-Claro,Gramados,Castanho
Venenoso,Pungente,Castanho,Branco,Gramados,Castanho
Comestivel,Nenhum,Castanho,Castanho,Gramados,Castanho
Comestivel,Nenhum,Branco,Castanho,Gramados,Preto
Venenoso,Pungente,Branco,Castanho,Urbano,Preto
Comestivel,Nenhum,Cinzento,Preto,Gramados,Castanho
Comestivel,Anis,Amarelo,Preto,Gramados,Castanho
Comestivel,Nenhum,Castanho,Chocolate-Claro,Gramados,Castanho
Comestivel,Nenhum,Castanho,Preto,Gramados,Preto
Venenoso,Pungente,Branco,Castanho,Gramados,Preto
Comestivel,Almíscar,Castanho,Branco,Gramados,Castanho
Comestivel,Nenhum,Branco,Preto,Gramados,Preto
Comestivel,Anis,Castanho,Rosa,Gramados,Preto
Comestivel,Nenhum,Cinzento,Rosa,Gramados,Preto
Comestivel,Nenhum,Cinzento,Castanho,Gramados,Castanho
Comestivel,Nenhum,Cinzento,Chocolate-Claro,Gramados,Castanho
Comestivel,Nenhum,Castanho,Preto,Gramados,Preto
Comestivel,Nenhum,Cinzento,Chocolate-Claro,Gramados,Castanho
Comestivel,Nenhum,Branco,Rosa,Gramados,Preto
Comestivel,Nenhum,Branco,Preto,Gramados,Preto
Comestivel,Nenhum,Castanho,Rosa,Gramados,Castanho
Comestivel,Nenhum,Castanho,Rosa,Madeira/Árvores,Preto
Comestivel,Almíscar,Amarelo,Rosa,Madeira/Árvores,Roxo
Comestivel,Nenhum,Branco,Rosa,Gramados,Preto
Comestivel,Nenhum,Branco,Rosa,Gramados,Preto
Comestivel,Almíscar,Amarelo,Preto,Gramados,Castanho
Comestivel,Nenhum,Branco,Chocolate-Claro,Gramados,Castanho
Comestivel,Nenhum,Cinzento,Preto,Gramados,Preto
Venenoso,Pungente,Castanho,Rosa,Urbano,Castanho
Comestivel,Nenhum,Cinzento,Castanho,Gramados,Preto
Venenoso,Pungente,Castanho,Rosa,Gramados,Preto
Comestivel,Nenhum,Branco,Preto,Gramados,Castanho
Comestivel,Almíscar,Branco,Cinzento,Gramados,Preto
Comestivel,Nenhum,Castanho,Chocolate-Claro,Gramados,Preto
Comestivel,Nenhum,Castanho,Castanho,Madeira/Árvores,Castanho
Comestivel,Anis,Amarelo,Branco,Gramados,Castanho
Comestivel,Nenhum,Branco,Chocolate-Claro,Gramados,Castanho
Comestivel,Nenhum,Castanho,Castanho,Gramados,Castanho
Comestivel,Nenhum,Branco,Castanho,Gramados,Castanho
Comestivel,Nenhum,Castanho,Rosa,Madeira/Árvores,Castanho
Comestivel,Nenhum,Branco,Chocolate-Claro,Gramados,Castanho
Comestivel,Nenhum,Branco,Preto,Gramados,Preto
Comestivel,Nenhum,Castanho,Castanho,Gramados,Castanho
Comestivel,Nenhum,Branco,Castanho,Gramados,Castanho
Comestivel,Nenhum,Cinzento,Preto,Gramados,Preto
Comestivel,Nenhum,Cinzento,Castanho,Gramados,Castanho
Comestivel,Nenhum,Cinzento,Chocolate-Claro,Gramados,Preto
Comestivel,Nenhum,Castanho,Chocolate-Claro,Gramados,Preto
Comestivel,Nenhum,Branco,Rosa,Gramados,Preto
Comestivel,Almíscar,Castanho,Castanho,Caminhos,Preto
Venenoso,Pungente,Branco,Preto,Gramados,Castanho
Comestivel,Nenhum,Cinzento,Chocolate-Claro,Gramados,Preto
Venenoso,Pungente,Branco,Castanho,Gramados,Preto
Comestivel,Almíscar,Branco,Preto,Prados,Castanho
Comestivel,Nenhum,Cinzento,Castanho,Gramados,Preto
Comestivel,Nenhum,Cinzento,Chocolate-Claro,Gramados,Preto
Comestivel,Nenhum,Branco,Castanho,Gramados,Castanho
Comestivel,Nenhum,Cinzento,Chocolate-Claro,Gramados,Preto
Comestivel,Almíscar,Branco,Cinzento,Gramados,Castanho
Comestivel,Nenhum,Cinzento,Castanho,Gramados,Preto
Comestivel,Nenhum,Vermelho,Rosa,Madeira/Árvores,Castanho
Comestivel,Almíscar,Amarelo,Rosa,Caminhos,Preto
Comestivel,Nenhum,Branco,Preto,Gramados,Preto
Comestivel,Almíscar,Branco,Branco,Prados,Castanho
Venenoso,Pungente,Castanho,Preto,Gramados,Preto
Comestivel,Nenhum,Castanho,Rosa,Madeira/Árvores,Preto
Comestivel,Nenhum,Castanho,Castanho,Gramados,Preto
Comestivel,Almíscar,Branco,Cinzento,Prados,Castanho
Comestivel,Nenhum,Cinzento,Castanho,Gramados,Preto
Comestivel,Nenhum,Castanho,Roxo,Madeira/Árvores,Preto
Comestivel,Nenhum,Branco,Rosa,Gramados,Castanho
Comestivel,Nenhum,Castanho,Cinzento,Urbano,Preto
Comestivel,Nenhum,Cinzento,Cinzento,Urbano,Preto
Comestivel,Nenhum,Cinzento,Rosa,Urbano,Preto
Comestivel,Anis,Amarelo,Cinzento,Prados,Preto
Comestivel,Nenhum,Castanho,Cinzento,Urbano,Castanho
Comestivel,Nenhum,Branco,Preto,Gramados,Castanho
Comestivel,Almíscar,Castanho,Branco,Caminhos,Preto
Comestivel,Anis,Castanho,Rosa,Caminhos,Preto
Comestivel,Anis,Amarelo,Rosa,Gramados,Preto
Comestivel,Nenhum,Cinzento,Chocolate-Claro,Gramados,Castanho
Comestivel,Almíscar,Branco,Castanho,Gramados,Preto
Comestivel,Almíscar,Branco,Castanho,Gramados,Preto
Comestivel,Nenhum,Branco,Castanho,Gramados,Castanho
Comestivel,Nenhum,Cinzento,Chocolate-Claro,Gramados,Preto
Venenoso,Pungente,Castanho,Rosa,Urbano,Preto
Comestivel,Anis,Amarelo,Castanho,Gramados,Castanho
Comestivel,Nenhum,Castanho,Rosa,Gramados,Castanho
Comestivel,Nenhum,Branco,Rosa,Gramados,Preto
Comestivel,Anis,Amarelo,Branco,Prados,Castanho
Comestivel,Nenhum,Vermelho,Rosa,Madeira/Árvores,Castanho
Comestivel,Anis,Castanho,Rosa,Caminhos,Castanho
Comestivel,Almíscar,Branco,Cinzento,Gramados,Preto
Venenoso,Pungente,Castanho,Preto,Gramados,Preto
Comestivel,Nenhum,Cinzento,Preto,Gramados,Preto
Comestivel,Almíscar,Branco,Castanho,Prados,Castanho
Comestivel,Anis,Branco,Preto,Gramados,Castanho
Comestivel,Anis,Amarelo,Preto,Prados,Preto
Comestivel,Anis,Branco,Branco,Gramados,Castanho
Comestivel,Almíscar,Amarelo,Cinzento,Gramados,Castanho
Comestivel,Almíscar,Branco,Branco,Gramados,Preto
Comestivel,Nenhum,Castanho,Preto,Gramados,Preto
Venenoso,Pungente,Branco,Castanho,Gramados,Castanho
Comestivel,Nenhum,Castanho,Chocolate-Claro,Gramados,Castanho
Comestivel,Nenhum,Castanho,Chocolate-Claro,Gramados,Preto
Venenoso,Pungente,Branco,Rosa,Urbano,Preto
Comestivel,Nenhum,Branco,Chocolate-Claro,Gramados,Preto
Comestivel,Nenhum,Branco,Rosa,Gramados,Castanho
Comestivel,Nenhum,Castanho,Rosa,Gramados,Preto
Comestivel,Nenhum,Castanho,Rosa,Gramados,Preto
Comestivel,Almíscar,Amarelo,Castanho,Gramados,Preto
Comestivel,Nenhum,Cinzento,Castanho,Gramados,Preto
Comestivel,Nenhum,Castanho,Castanho,Gramados,Preto
Venenoso,Pungente,Castanho,Preto,Gramados,Castanho
Comestivel,Nenhum,Branco,Rosa,Gramados,Castanho
Comestivel,Nenhum,Castanho,Rosa,Gramados,Preto
Comestivel,Nenhum,Branco,Chocolate-Claro,Gramados,Castanho
Comestivel,Nenhum,Branco,Preto,Gramados,Castanho
Comestivel,Almíscar,Amarelo,Castanho,Gramados,Preto
Comestivel,Nenhum,Cinzento,Preto,Gramados,Castanho
Comestivel,Nenhum,Cinzento,Preto,Gramados,Castanho
Comestivel,Nenhum,Castanho,Chocolate-Claro,Gramados,Preto
Comestivel,Nenhum,Castanho,Rosa,Gramados,Preto
Comestivel,Nenhum,Branco,Preto,Gramados,Preto
Comestivel,Nenhum,Vermelho,Branco,Madeira/Árvores,Castanho
Comestivel,Nenhum,Castanho,Rosa,Gramados,Preto
Venenoso,Pungente,Branco,Rosa,Gramados,Castanho
Comestivel,Nenhum,Castanho,Branco,Madeira/Árvores,Preto
Comestivel,Nenhum,Castanho,Castanho,Gramados,Castanho
Venenoso,Pungente,Branco,Branco,Gramados,Castanho
Comestivel,Nenhum,Cinzento,Preto,Gramados,Preto
Comestivel,Nenhum,Branco,Rosa,Gramados,Castanho
Comestivel,Nenhum,Castanho,Chocolate-Claro,Gramados,Preto
Comestivel,Nenhum,Cinzento,Rosa,Gramados,Preto
Comestivel,Nenhum,Cinzento,Rosa,Gramados,Preto
Comestivel,Nenhum,Cinzento,Chocolate-Claro,Gramados,Castanho
Comestivel,Nenhum,Cinzento,Chocolate-Claro,Gramados,Castanho
Comestivel,Nenhum,Castanho,Chocolate-Claro,Gramados,Preto
Venenoso,Pungente,Branco,Rosa,Urbano,Preto
Comestivel,Nenhum,Cinzento,Preto,Gramados,Castanho
Venenoso,Pungente,Branco,Rosa,Gramados,Preto
Venenoso,Pungente,Branco,Branco,Urbano,Castanho
Comestivel,Nenhum,Castanho,Preto,Gramados,Castanho
Comestivel,Nenhum,Cinzento,Preto,Gramados,Preto
Comestivel,Nenhum,Cinzento,Chocolate-Claro,Gramados,Castanho
Comestivel,Nenhum,Cinzento,Preto,Gramados,Preto
Comestivel,Nenhum,Cinzento,Castanho,Gramados,Preto
Comestivel,Nenhum,Cinzento,Preto,Gramados,Castanho
Comestivel,Nenhum,Cinzento,Castanho,Madeira/Árvores,Castanho
Comestivel,Nenhum,Castanho,Castanho,Madeira/Árvores,Castanho
Comestivel,Nenhum,Branco,Preto,Gramados,Castanho
Venenoso,Pungente,Branco,Rosa,Gramados,Castanho
Venenoso,Pungente,Castanho,Preto,Gramados,Castanho
Comestivel,Nenhum,Branco,Rosa,Gramados,Castanho
Venenoso,Pungente,Castanho,Preto,Gramados,Castanho
Comestivel,Nenhum,Castanho,Chocolate-Claro,Gramados,Preto
Comestivel,Nenhum,Branco,Chocolate-Claro,Gramados,Castanho
Venenoso,Pungente,Castanho,Branco,Gramados,Preto
Venenoso,Pungente,Branco,Rosa,Gramados,Preto
Venenoso,Pungente,Castanho,Branco,Gramados,Preto
Venenoso,Pungente,Branco,Preto,Gramados,Preto
Comestivel,Nenhum,Branco,Preto,Gramados,Preto
Comestivel,Nenhum,Castanho,Rosa,Madeira/Árvores,Castanho
Comestivel,Nenhum,Branco,Preto,Gramados,Castanho
Comestivel,Nenhum,Cinzento,Rosa,Gramados,Preto
Venenoso,Pungente,Castanho,Preto,Urbano,Preto
Comestivel,Nenhum,Branco,Preto,Gramados,Castanho
Comestivel,Nenhum,Vermelho,Castanho,Madeira/Árvores,Castanho
Comestivel,Nenhum,Cinzento,Castanho,Gramados,Preto
Comestivel,Nenhum,Branco,Castanho,Gramados,Castanho
Venenoso,Pungente,Branco,Rosa,Gramados,Castanho
Comestivel,Nenhum,Castanho,Preto,Gramados,Castanho
Comestivel,Nenhum,Branco,Chocolate-Claro,Gramados,Preto
Venenoso,Pungente,Branco,Preto,Urbano,Preto
Comestivel,Nenhum,Castanho,Rosa,Gramados,Castanho
Comestivel,Nenhum,Branco,Castanho,Gramados,Castanho
Comestivel,Nenhum,Branco,Chocolate-Claro,Gramados,Preto
Comestivel,Nenhum,Branco,Chocolate-Claro,Gramados,Castanho
Comestivel,Almíscar,Amarelo,Branco,Prados,Preto
Comestivel,Nenhum,Cinzento,Castanho,Gramados,Castanho
Comestivel,Nenhum,Branco,Castanho,Gramados,Preto
Comestivel,Nenhum,Castanho,Castanho,Gramados,Castanho
Comestivel,Nenhum,Castanho,Castanho,Gramados,Preto
Comestivel,Nenhum,Cinzento,Chocolate-Claro,Gramados,Preto
Venenoso,Pungente,Castanho,Castanho,Urbano,Preto
Comestivel,Nenhum,Cinzento,Chocolate-Claro,Gramados,Preto
Comestivel,Nenhum,Castanho,Rosa,Madeira/Árvores,Preto
Comestivel,Nenhum,Branco,Castanho,Gramados,Preto
Comestivel,Nenhum,Castanho,Castanho,Madeira/Árvores,Preto
Comestivel,Nenhum,Cinzento,Rosa,Gramados,Castanho
Comestivel,Nenhum,Branco,Castanho,Gramados,Preto
Venenoso,Pungente,Branco,Preto,Gramados,Castanho
Venenoso,Pungente,Branco,Rosa,Gramados,Preto
Comestivel,Nenhum,Cinzento,Preto,Gramados,Castanho
Comestivel,Nenhum,Castanho,Roxo,Madeira/Árvores,Castanho
Comestivel,Nenhum,Cinzento,Preto,Gramados,Preto
Comestivel,Almíscar,Amarelo,Branco,Caminhos,Preto
Comestivel,Nenhum,Branco,Castanho,Gramados,Castanho
Comestivel,Nenhum,Branco,Rosa,Gramados,Castanho
Comestivel,Nenhum,Cinzento,Preto,Gramados,Preto
Comestivel,Nenhum,Branco,Chocolate-Claro,Gramados,Castanho
Comestivel,Nenhum,Castanho,Castanho,Madeira/Árvores,Castanho
Comestivel,Nenhum,Cinzento,Preto,Gramados,Castanho
Comestivel,Nenhum,Cinzento,Chocolate-Claro,Gramados,Castanho
Comestivel,Nenhum,Castanho,Rosa,Gramados,Castanho
Comestivel,Nenhum,Branco,Preto,Gramados,Castanho
Comestivel,Nenhum,Branco,Chocolate-Claro,Gramados,Castanho
Comestivel,Nenhum,Cinzento,Rosa,Gramados,Castanho
Comestivel,Nenhum,Branco,Castanho,Gramados,Castanho
Comestivel,Nenhum,Castanho,Rosa,Gramados,Castanho
Venenoso,Pungente,Branco,Preto,Gramados,Castanho
Comestivel,Nenhum,Cinzento,Castanho,Gramados,Castanho
Comestivel,Anis,Amarelo,Preto,Gramados,Preto
Comestivel,Nenhum,Castanho,Preto,Gramados,Castanho
Comestivel,Nenhum,Cinzento,Preto,Gramados,Castanho
Comestivel,Nenhum,Castanho,Castanho,Madeira/Árvores,Preto
Comestivel,Anis,Amarelo,Castanho,Prados,Preto
Comestivel,Nenhum,Branco,Rosa,Gramados,Preto
Comestivel,Nenhum,Castanho,Castanho,Madeira/Árvores,Castanho
Venenoso,Pungente,Branco,Castanho,Gramados,Castanho
Comestivel,Nenhum,Branco,Castanho,Gramados,Preto
Venenoso,Pungente,Branco,Preto,Urbano,Castanho
Comestivel,Nenhum,Castanho,Preto,Gramados,Castanho
Comestivel,Nenhum,Castanho,Castanho,Gramados,Preto
Comestivel,Anis,Amarelo,Cinzento,Gramados,Preto
Comestivel,Nenhum,Cinzento,Preto,Gramados,Castanho
Comestivel,Nenhum,Cinzento,Preto,Gramados,Castanho
Comestivel,Nenhum,Cinzento,Preto,Gramados,Preto
Comestivel,Nenhum,Cinzento,Preto,Gramados,Preto
Comestivel,Nenhum,Branco,Castanho,Gramados,Preto
Venenoso,Pungente,Castanho,Preto,Gramados,Preto
Comestivel,Nenhum,Cinzento,Rosa,Gramados,Castanho
Comestivel,Nenhum,Branco,Chocolate-Claro,Gramados,Preto
Comestivel,Nenhum,Castanho,Castanho,Madeira/Árvores,Preto
Comestivel,Nenhum,Castanho,Rosa,Gramados,Castanho
Comestivel,Nenhum,Vermelho,Roxo,Madeira/Árvores,Castanho
Comestivel,Almíscar,Amarelo,Castanho,Gramados,Castanho
Comestivel,Nenhum,Branco,Preto,Gramados,Preto
Comestivel,Nenhum,Branco,Castanho,Gramados,Preto
Comestivel,Nenhum,Castanho,Chocolate-Claro,Gramados,Castanho
Venenoso,Pungente,Branco,Branco,Urbano,Preto
Comestivel,Nenhum,Cinzento,Castanho,Madeira/Árvores,Castanho
Comestivel,Nenhum,Branco,Castanho,Gramados,Castanho
Comestivel,Nenhum,Branco,Chocolate-Claro,Gramados,Preto
Venenoso,Pungente,Castanho,Preto,Gramados,Castanho
Comestivel,Nenhum,Branco,Rosa,Gramados,Preto
Comestivel,Nenhum,Castanho,Rosa,Madeira/Árvores,Castanho
Comestivel,Nenhum,Cinzento,Roxo,Madeira/Árvores,Castanho
Comestivel,Nenhum,Cinzento,Rosa,Madeira/Árvores,Castanho
Comestivel,Nenhum,Castanho,Preto,Gramados,Castanho
Comestivel,Nenhum,Branco,Chocolate-Claro,Gramados,Castanho
Comestivel,Nenhum,Castanho,Preto,Gramados,Castanho
Comestivel,Nenhum,Castanho,Rosa,Gramados,Preto
Comestivel,Nenhum,Branco,Chocolate-Claro,Gramados,Preto
Comestivel,Nenhum,Castanho,Castanho,Gramados,Preto
Comestivel,Nenhum,Branco,Rosa,Gramados,Preto
Comestivel,Nenhum,Castanho,Castanho,Gramados,Castanho
Comestivel,Nenhum,Branco,Castanho,Gramados,Preto
Comestivel,Nenhum,Castanho,Rosa,Gramados,Castanho
Venenoso,Pungente,Castanho,Branco,Urbano,Preto
Comestivel,Nenhum,Branco,Preto,Gramados,Preto
Comestivel,Nenhum,Branco,Rosa,Gramados,Castanho
Comestivel,Nenhum,Castanho,Preto,Gramados,Castanho
Comestivel,Nenhum,Branco,Rosa,Gramados,Castanho
Comestivel,Nenhum,Cinzento,Castanho,Gramados,Preto
Comestivel,Nenhum,Castanho,Rosa,Gramados,Castanho
Comestivel,Nenhum,Cinzento,Castanho,Madeira/Árvores,Preto
Comestivel,Nenhum,Branco,Castanho,Gramados,Castanho
Comestivel,Nenhum,Castanho,Rosa,Gramados,Preto
Comestivel,Nenhum,Castanho,Rosa,Gramados,Preto
Comestivel,Nenhum,Branco,Chocolate-Claro,Gramados,Preto
Comestivel,Anis,Amarelo,Cinzento,Gramados,Preto
Venenoso,Pungente,Castanho,Rosa,Gramados,Preto
Venenoso,Pungente,Castanho,Rosa,Gramados,Preto
Comestivel,Nenhum,Branco,Preto,Gramados,Preto
Comestivel,Nenhum,Castanho,Preto,Gramados,Preto
Venenoso,Pungente,Castanho,Preto,Gramados,Preto
Comestivel,Nenhum,Castanho,Rosa,Gramados,Preto
Venenoso,Pungente,Branco,Castanho,Urbano,Castanho
Comestivel,Nenhum,Castanho,Preto,Gramados,Castanho
Venenoso,Pungente,Branco,Castanho,Urbano,Castanho
Comestivel,Nenhum,Castanho,Castanho,Gramados,Preto
Comestivel,Nenhum,Cinzento,Chocolate-Claro,Gramados,Preto
Comestivel,Nenhum,Cinzento,Chocolate-Claro,Gramados,Preto
Comestivel,Nenhum,Castanho,Preto,Gramados,Castanho
Comestivel,Nenhum,Cinzento,Branco,Madeira/Árvores,Castanho
Comestivel,Nenhum,Castanho,Rosa,Madeira/Árvores,Preto
Comestivel,Nenhum,Castanho,Preto,Gramados,Castanho
Comestivel,Nenhum,Cinzento,Branco,Madeira/Árvores,Preto
Comestivel,Nenhum,Branco,Chocolate-Claro,Gramados,Castanho
Comestivel,Nenhum,Branco,Chocolate-Claro,Gramados,Preto
Comestivel,Nenhum,Branco,Rosa,Gramados,Preto
Comestivel,Nenhum,Cinzento,Preto,Gramados,Preto
Comestivel,Nenhum,Castanho,Rosa,Madeira/Árvores,Castanho
Comestivel,Nenhum,Branco,Preto,Gramados,Castanho
Comestivel,Nenhum,Castanho,Chocolate-Claro,Gramados,Preto
Comestivel,Nenhum,Cinzento,Rosa,Gramados,Castanho
Venenoso,Pungente,Branco,Preto,Gramados,Castanho
Comestivel,Nenhum,Castanho,Preto,Gramados,Preto
Comestivel,Almíscar,Amarelo,Rosa,Gramados,Castanho
Comestivel,Nenhum,Cinzento,Castanho,Madeira/Árvores,Preto
Comestivel,Nenhum,Cinzento,Castanho,Gramados,Castanho
Comestivel,Nenhum,Cinzento,Chocolate-Claro,Gramados,Castanho
Venenoso,Pungente,Branco,Rosa,Urbano,Castanho
Comestivel,Nenhum,Branco,Chocolate-Claro,Gramados,Preto
Comestivel,Nenhum,Branco,Rosa,Gramados,Preto
Comestivel,Nenhum,Cinzento,Castanho,Gramados,Preto
Comestivel,Nenhum,Castanho,Castanho,Gramados,Castanho
Comestivel,Nenhum,Castanho,Preto,Gramados,Preto
Comestivel,Nenhum,Castanho,Rosa,Gramados,Preto
Comestivel,Nenhum,Castanho,Castanho,Gramados,Castanho
Comestivel,Nenhum,Branco,Castanho,Gramados,Castanho
Comestivel,Nenhum,Branco,Preto,Gramados,Castanho
Comestivel,Nenhum,Castanho,Chocolate-Claro,Gramados,Preto
Comestivel,Anis,Branco,Cinzento,Prados,Castanho
Comestivel,Nenhum,Castanho,Castanho,Gramados,Preto
Comestivel,Nenhum,Cinzento,Chocolate-Claro,Gramados,Castanho
Comestivel,Nenhum,Branco,Preto,Gramados,Preto
Venenoso,Pungente,Branco,Branco,Urbano,Castanho
Comestivel,Nenhum,Branco,Rosa,Gramados,Preto
Comestivel,Nenhum,Castanho,Castanho,Madeira/Árvores,Castanho
Comestivel,Nenhum,Cinzento,Castanho,Gramados,Castanho
Comestivel,Nenhum,Cinzento,Castanho,Gramados,Preto
Comestivel,Nenhum,Castanho,Castanho,Gramados,Castanho
Comestivel,Nenhum,Castanho,Rosa,Gramados,Castanho
Comestivel,Nenhum,Cinzento,Chocolate-Claro,Gramados,Preto
Comestivel,Anis,Castanho,Castanho,Caminhos,Preto
Venenoso,Pungente,Castanho,Rosa,Urbano,Preto
Comestivel,Nenhum,Castanho,Rosa,Gramados,Castanho
Comestivel,Nenhum,Castanho,Rosa,Madeira/Árvores,Preto
Venenoso,Pungente,Branco,Branco,Gramados,Preto
Venenoso,Pungente,Branco,Rosa,Urbano,Preto
Venenoso,Pungente,Castanho,Rosa,Urbano,Castanho
Comestivel,Nenhum,Castanho,Roxo,Madeira/Árvores,Preto
Comestivel,Anis,Branco,Cinzento,Prados,Preto
Venenoso,Pungente,Branco,Preto,Gramados,Preto
Comestivel,Nenhum,Branco,Rosa,Gramados,Preto
Comestivel,Nenhum,Branco,Castanho,Gramados,Castanho
Comestivel,Nenhum,Castanho,Castanho,Madeira/Árvores,Preto
Comestivel,Nenhum,Castanho,Chocolate-Claro,Gramados,Preto
Comestivel,Nenhum,Castanho,Rosa,Gramados,Preto
Comestivel,Nenhum,Castanho,Castanho,Gramados,Castanho
Venenoso,Pungente,Castanho,Rosa,Urbano,Castanho
Venenoso,Pungente,Branco,Branco,Gramados,Preto
Comestivel,Nenhum,Castanho,Rosa,Gramados,Preto
Comestivel,Nenhum,Cinzento,Rosa,Gramados,Castanho
Comestivel,Nenhum,Castanho,Castanho,Madeira/Árvores,Preto
Comestivel,Nenhum,Cinzento,Preto,Gramados,Castanho
Comestivel,Nenhum,Castanho,Chocolate-Claro,Gramados,Preto
Venenoso,Pungente,Castanho,Preto,Urbano,Castanho
Comestivel,Nenhum,Castanho,Castanho,Gramados,Castanho
Venenoso,Pungente,Castanho,Rosa,Gramados,Castanho
Comestivel,Nenhum,Cinzento,Castanho,Gramados,Preto
Comestivel,Nenhum,Branco,Rosa,Gramados,Preto
Comestivel,Nenhum,Branco,Castanho,Gramados,Castanho
Comestivel,Nenhum,Castanho,Castanho,Madeira/Árvores,Castanho
Comestivel,Nenhum,Castanho,Chocolate-Claro,Gramados,Castanho
Venenoso,Pungente,Branco,Preto,Urbano,Castanho
Comestivel,Nenhum,Castanho,Rosa,Madeira/Árvores,Castanho
Comestivel,Nenhum,Branco,Castanho,Gramados,Preto
Comestivel,Nenhum,Branco,Preto,Gramados,Preto
Comestivel,Almíscar,Branco,Castanho,Madeira/Árvores,Roxo
Comestivel,Nenhum,Castanho,Rosa,Gramados,Castanho
Comestivel,Nenhum,Cinzento,Rosa,Madeira/Árvores,Preto
Comestivel,Nenhum,Castanho,Castanho,Madeira/Árvores,Castanho
Comestivel,Almíscar,Amarelo,Rosa,Madeira/Árvores,Roxo
Comestivel,Nenhum,Cinzento,Chocolate-Claro,Gramados,Preto
Comestivel,Nenhum,Castanho,Castanho,Gramados,Preto
Comestivel,Nenhum,Vermelho,Roxo,Madeira/Árvores,Castanho
Comestivel,Nenhum,Cinzento,Rosa,Gramados,Preto
Venenoso,Pungente,Branco,Castanho,Urbano,Preto
Comestivel,Nenhum,Branco,Rosa,Gramados,Castanho
Comestivel,Nenhum,Cinzento,Chocolate-Claro,Gramados,Castanho
Comestivel,Nenhum,Castanho,Preto,Gramados,Castanho
Comestivel,Nenhum,Castanho,Rosa,Gramados,Preto
Comestivel,Nenhum,Branco,Preto,Gramados,Castanho
Venenoso,Pungente,Branco,Rosa,Gramados,Preto
Comestivel,Nenhum,Branco,Preto,Gramados,Castanho
Comestivel,Nenhum,Castanho,Preto,Gramados,Castanho
Comestivel,Nenhum,Castanho,Castanho,Gramados,Preto
Comestivel,Nenhum,Cinzento,Rosa,Gramados,Preto
Comestivel,Nenhum,Castanho,Preto,Gramados,Preto
Comestivel,Anis,Amarelo,Castanho,Gramados,Preto
Venenoso,Pungente,Castanho,Castanho,Urbano,Preto
Comestivel,Nenhum,Branco,Rosa,Gramados,Preto
Comestivel,Nenhum,Branco,Preto,Gramados,Preto
Comestivel,Nenhum,Castanho,Chocolate-Claro,Gramados,Castanho
Venenoso,Pungente,Castanho,Rosa,Gramados,Castanho
Comestivel,Nenhum,Cinzento,Rosa,Gramados,Preto
Venenoso,Pungente,Branco,Rosa,Urbano,Castanho
Comestivel,Nenhum,Castanho,Castanho,Gramados,Preto
Comestivel,Nenhum,Cinzento,Rosa,Gramados,Preto
Comestivel,Nenhum,Cinzento,Castanho,Gramados,Preto
Comestivel,Nenhum,Castanho,Castanho,Gramados,Preto
Comestivel,Nenhum,Cinzento,Chocolate-Claro,Gramados,Castanho
Comestivel,Nenhum,Branco,Rosa,Gramados,Castanho
Comestivel,Nenhum,Castanho,Preto,Gramados,Preto
Comestivel,Nenhum,Cinzento,Rosa,Gramados,Preto
Comestivel,Nenhum,Castanho,Rosa,Gramados,Castanho
Comestivel,Almíscar,Amarelo,Castanho,Prados,Preto
Comestivel,Nenhum,Cinzento,Preto,Gramados,Castanho
Comestivel,Nenhum,Cinzento,Chocolate-Claro,Gramados,Preto
Comestivel,Nenhum,Branco,Castanho,Gramados,Castanho
Comestivel,Nenhum,Castanho,Rosa,Madeira/Árvores,Castanho
Venenoso,Pungente,Castanho,Branco,Urbano,Preto
Comestivel,Nenhum,Castanho,Rosa,Madeira/Árvores,Castanho
Comestivel,Nenhum,Castanho,Chocolate-Claro,Gramados,Castanho
Comestivel,Nenhum,Castanho,Rosa,Madeira/Árvores,Preto
Comestivel,Nenhum,Branco,Castanho,Gramados,Castanho
Comestivel,Nenhum,Cinzento,Preto,Gramados,Preto
Comestivel,Nenhum,Castanho,Chocolate-Claro,Gramados,Preto
Comestivel,Almíscar,Amarelo,Cinzento,Prados,Preto
Comestivel,Almíscar,Branco,Rosa,Madeira/Árvores,Roxo
Comestivel,Nenhum,Cinzento,Castanho,Gramados,Castanho
Comestivel,Nenhum,Castanho,Chocolate-Claro,Gramados,Castanho
Comestivel,Nenhum,Castanho,Castanho,Gramados,Castanho
Comestivel,Almíscar,Amarelo,Cinzento,Gramados,Preto
Comestivel,Nenhum,Castanho,Chocolate-Claro,Gramados,Preto
Comestivel,Anis,Branco,Castanho,Gramados,Castanho
Comestivel,Nenhum,Branco,Castanho,Gramados,Preto
Comestivel,Nenhum,Branco,Preto,Gramados,Castanho
Comestivel,Nenhum,Castanho,Castanho,Gramados,Castanho
Comestivel,Nenhum,Castanho,Castanho,Gramados,Castanho
Comestivel,Nenhum,Castanho,Castanho,Gramados,Castanho
Comestivel,Nenhum,Castanho,Branco,Madeira/Árvores,Castanho
Comestivel,Nenhum,Cinzento,Castanho,Gramados,Preto
Comestivel,Almíscar,Amarelo,Cinzento,Prados,Preto
Comestivel,Nenhum,Branco,Castanho,Gramados,Preto
Venenoso,Pungente,Branco,Castanho,Urbano,Preto
Comestivel,Nenhum,Branco,Chocolate-Claro,Gramados,Castanho
Venenoso,Pungente,Branco,Castanho,Urbano,Castanho
Comestivel,Nenhum,Cinzento,Chocolate-Claro,Gramados,Preto
Comestivel,Nenhum,Cinzento,Preto,Gramados,Castanho
Venenoso,Pungente,Branco,Rosa,Gramados,Castanho
Comestivel,Nenhum,Cinzento,Rosa,Gramados,Preto
Venenoso,Pungente,Branco,Rosa,Urbano,Castanho
Comestivel,Nenhum,Cinzento,Rosa,Gramados,Castanho
Comestivel,Nenhum,Branco,Rosa,Gramados,Preto
Venenoso,Pungente,Branco,Branco,Gramados,Castanho
Comestivel,Nenhum,Branco,Castanho,Gramados,Preto
Comestivel,Nenhum,Castanho,Chocolate-Claro,Gramados,Preto
Comestivel,Nenhum,Branco,Rosa,Gramados,Castanho
Comestivel,Nenhum,Branco,Rosa,Gramados,Preto
Comestivel,Nenhum,Vermelho,Roxo,Madeira/Árvores,Preto
Venenoso,Pungente,Castanho,Preto,Urbano,Preto
Comestivel,Nenhum,Cinzento,Preto,Gramados,Preto
Comestivel,Almíscar,Amarelo,Branco,Gramados,Preto
Comestivel,Nenhum,Castanho,Chocolate-Claro,Gramados,Castanho
Comestivel,Nenhum,Castanho,Preto,Gramados,Preto
Comestivel,Anis,Branco,Cinzento,Prados,Preto
Comestivel,Nenhum,Cinzento,Preto,Gramados,Preto
Comestivel,Nenhum,Branco,Castanho,Gramados,Preto
Comestivel,Nenhum,Castanho,Chocolate-Claro,Gramados,Castanho
Venenoso,Pungente,Castanho,Branco,Urbano,Castanho
Comestivel,Nenhum,Castanho,Chocolate-Claro,Gramados,Castanho
Comestivel,Almíscar,Amarelo,Branco,Gramados,Preto
Comestivel,Nenhum,Cinzento,Rosa,Gramados,Castanho
Comestivel,Nenhum,Castanho,Chocolate-Claro,Gramados,Preto
Comestivel,Nenhum,Cinzento,Chocolate-Claro,Gramados,Castanho
Comestivel,Nenhum,Cinzento,Rosa,Gramados,Preto
Comestivel,Nenhum,Castanho,Rosa,Gramados,Preto
Comestivel,Nenhum,Castanho,Rosa,Madeira/Árvores,Castanho
Comestivel,Anis,Branco,Cinzento,Prados,Castanho
Comestivel,Nenhum,Cinzento,Castanho,Madeira/Árvores,Castanho
Venenoso,Pungente,Castanho,Rosa,Gramados,Preto
Comestivel,Nenhum,Branco,Chocolate-Claro,Gramados,Castanho
Venenoso,Pungente,Castanho,Preto,Urbano,Preto
Comestivel,Nenhum,Castanho,Castanho,Gramados,Castanho
Comestivel,Nenhum,Castanho,Preto,Gramados,Preto
Comestivel,Nenhum,Branco,Preto,Gramados,Preto
Comestivel,Nenhum,Castanho,Castanho,Gramados,Castanho
Comestivel,Nenhum,Castanho,Castanho,Gramados,Castanho
Comestivel,Anis,Amarelo,Cinzento,Gramados,Preto
Comestivel,Nenhum,Branco,Preto,Gramados,Preto
Comestivel,Nenhum,Branco,Preto,Gramados,Preto
Venenoso,Pungente,Castanho,Rosa,Gramados,Preto
Comestivel,Nenhum,Cinzento,Castanho,Gramados,Preto
Venenoso,Pungente,Castanho,Castanho,Gramados,Preto
Comestivel,Nenhum,Branco,Castanho,Gramados,Preto
Comestivel,Nenhum,Castanho,Rosa,Madeira/Árvores,Preto
Comestivel,Nenhum,Cinzento,Preto,Gramados,Preto
Venenoso,Pungente,Castanho,Branco,Urbano,Castanho
Comestivel,Nenhum,Cinzento,Chocolate-Claro,Gramados,Preto
Venenoso,Pungente,Branco,Branco,Urbano,Castanho
Comestivel,Nenhum,Castanho,Rosa,Madeira/Árvores,Castanho
Comestivel,Nenhum,Castanho,Rosa,Gramados,Castanho
Comestivel,Almíscar,Amarelo,Castanho,Caminhos,Castanho
Comestivel,Nenhum,Branco,Chocolate-Claro,Gramados,Preto
Comestivel,Nenhum,Branco,Rosa,Gramados,Castanho
Comestivel,Nenhum,Cinzento,Castanho,Gramados,Castanho
Comestivel,Nenhum,Cinzento,Rosa,Gramados,Preto
Comestivel,Nenhum,Branco,Castanho,Gramados,Castanho
Comestivel,Nenhum,Cinzento,Castanho,Gramados,Preto
Comestivel,Nenhum,Cinzento,Preto,Gramados,Castanho
Comestivel,Nenhum,Cinzento,Branco,Madeira/Árvores,Castanho
Comestivel,Nenhum,Cinzento,Rosa,Gramados,Preto
Comestivel,Nenhum,Cinzento,Rosa,Gramados,Preto
Comestivel,Anis,Castanho,Branco,Gramados,Castanho
Comestivel,Nenhum,Cinzento,Castanho,Madeira/Árvores,Preto
Comestivel,Nenhum,Cinzento,Preto,Gramados,Preto
Comestivel,Nenhum,Branco,Preto,Gramados,Castanho
Comestivel,Nenhum,Castanho,Chocolate-Claro,Gramados,Castanho
Comestivel,Nenhum,Branco,Rosa,Gramados,Preto
Comestivel,Nenhum,Castanho,Castanho,Gramados,Preto
Comestivel,Nenhum,Cinzento,Preto,Gramados,Preto
Comestivel,Nenhum,Castanho,Castanho,Gramados,Castanho
Comestivel,Nenhum,Castanho,Rosa,Madeira/Árvores,Castanho
Comestivel,Nenhum,Castanho,Preto,Gramados,Castanho
Comestivel,Nenhum,Castanho,Preto,Gramados,Preto
Comestivel,Nenhum,Branco,Rosa,Gramados,Castanho
Comestivel,Nenhum,Castanho,Rosa,Urbano,Preto
Venenoso,Pungente,Branco,Rosa,Urbano,Preto
Venenoso,Pungente,Castanho,Rosa,Gramados,Castanho
Comestivel,Nenhum,Castanho,Roxo,Madeira/Árvores,Preto
Comestivel,Nenhum,Branco,Castanho,Gramados,Castanho
Comestivel,Nenhum,Cinzento,Preto,Gramados,Castanho
Comestivel,Nenhum,Castanho,Chocolate-Claro,Gramados,Castanho
Comestivel,Nenhum,Castanho,Chocolate-Claro,Gramados,Castanho
Comestivel,Nenhum,Cinzento,Chocolate-Claro,Gramados,Preto
Comestivel,Nenhum,Cinzento,Castanho,Gramados,Preto
Comestivel,Nenhum,Castanho,Rosa,Gramados,Castanho
Comestivel,Nenhum,Cinzento,Castanho,Gramados,Preto
Comestivel,Nenhum,Vermelho,Castanho,Madeira/Árvores,Preto
Venenoso,Pungente,Branco,Preto,Urbano,Castanho
Comestivel,Nenhum,Castanho,Chocolate-Claro,Gramados,Castanho
Comestivel,Nenhum,Castanho,Castanho,Madeira/Árvores,Castanho
Venenoso,Pungente,Castanho,Preto,Urbano,Castanho
Venenoso,Pungente,Branco,Preto,Gramados,Preto
Venenoso,Pungente,Branco,Castanho,Urbano,Preto
Comestivel,Nenhum,Branco,Chocolate-Claro,Gramados,Castanho
Comestivel,Nenhum,Castanho,Chocolate-Claro,Gramados,Castanho
Comestivel,Nenhum,Castanho,Chocolate-Claro,Gramados,Preto
Comestivel,Nenhum,Castanho,Chocolate-Claro,Gramados,Preto
Comestivel,Nenhum,Castanho,Preto,Gramados,Preto
Venenoso,Pungente,Branco,Rosa,Gramados,Castanho
Venenoso,Pungente,Branco,Castanho,Gramados,Preto
Comestivel,Nenhum,Cinzento,Rosa,Gramados,Castanho
Comestivel,Nenhum,Castanho,Preto,Gramados,Preto
Comestivel,Nenhum,Castanho,Chocolate-Claro,Gramados,Castanho
Comestivel,Nenhum,Castanho,Branco,Madeira/Árvores,Preto
Comestivel,Nenhum,Castanho,Castanho,Madeira/Árvores,Castanho
Comestivel,Nenhum,Branco,Rosa,Gramados,Preto
Comestivel,Nenhum,Branco,Castanho,Gramados,Castanho
Comestivel,Nenhum,Branco,Preto,Gramados,Preto
Comestivel,Anis,Amarelo,Castanho,Prados,Castanho
Comestivel,Nenhum,Cinzento,Castanho,Gramados,Castanho
Comestivel,Nenhum,Branco,Chocolate-Claro,Gramados,Castanho
Comestivel,Nenhum,Castanho,Castanho,Gramados,Castanho
Comestivel,Nenhum,Castanho,Rosa,Gramados,Castanho
Comestivel,Nenhum,Branco,Castanho,Gramados,Castanho
Comestivel,Nenhum,Castanho,Chocolate-Claro,Gramados,Preto
Comestivel,Nenhum,Cinzento,Chocolate-Claro,Gramados,Castanho
Comestivel,Nenhum,Cinzento,Rosa,Gramados,Preto
Comestivel,Nenhum,Branco,Rosa,Gramados,Castanho
Comestivel,Nenhum,Castanho,Castanho,Gramados,Preto
Comestivel,Nenhum,Cinzento,Rosa,Gramados,Castanho
Comestivel,Nenhum,Branco,Chocolate-Claro,Gramados,Preto
Comestivel,Nenhum,Branco,Castanho,Gramados,Castanho
Comestivel,Nenhum,Cinzento,Chocolate-Claro,Gramados,Preto
Comestivel,Nenhum,Cinzento,Rosa,Gramados,Preto
Comestivel,Almíscar,Amarelo,Cinzento,Gramados,Preto
Comestivel,Anis,Amarelo,Castanho,Gramados,Preto
Comestivel,Nenhum,Branco,Rosa,Gramados,Preto
Venenoso,Pungente,Castanho,Preto,Gramados,Preto
Comestivel,Nenhum,Branco,Preto,Gramados,Castanho
Venenoso,Pungente,Branco,Branco,Urbano,Preto
Comestivel,Nenhum,Cinzento,Castanho,Madeira/Árvores,Castanho
Venenoso,Pungente,Branco,Branco,Urbano,Preto
Comestivel,Anis,Amarelo,Cinzento,Gramados,Castanho
Comestivel,Anis,Branco,Castanho,Prados,Castanho
Comestivel,Anis,Castanho,Castanho,Caminhos,Castanho
Comestivel,Nenhum,Branco,Castanho,Gramados,Castanho
Comestivel,Nenhum,Castanho,Rosa,Gramados,Preto
Comestivel,Nenhum,Cinzento,Rosa,Gramados,Preto
Comestivel,Nenhum,Branco,Castanho,Gramados,Preto
Comestivel,Nenhum,Castanho,Chocolate-Claro,Gramados,Castanho
Comestivel,Nenhum,Castanho,Castanho,Gramados,Preto
Comestivel,Nenhum,Cinzento,Castanho,Gramados,Preto
Comestivel,Anis,Branco,Castanho,Gramados,Castanho
Comestivel,Nenhum,Cinzento,Rosa,Gramados,Preto
Comestivel,Anis,Amarelo,Branco,Prados,Preto
Venenoso,Pungente,Branco,Castanho,Gramados,Preto
Comestivel,Nenhum,Branco,Rosa,Gramados,Preto
Comestivel,Nenhum,Castanho,Chocolate-Claro,Gramados,Preto
Comestivel,Nenhum,Cinzento,Castanho,Gramados,Castanho
Comestivel,Nenhum,Cinzento,Chocolate-Claro,Gramados,Castanho
Comestivel,Nenhum,Castanho,Rosa,Madeira/Árvores,Castanho
Comestivel,Nenhum,Castanho,Castanho,Madeira/Árvores,Preto
Comestivel,Almíscar,Amarelo,Castanho,Caminhos,Castanho
Comestivel,Nenhum,Cinzento,Branco,Madeira/Árvores,Preto
Comestivel,Nenhum,Cinzento,Rosa,Gramados,Castanho
Comestivel,Nenhum,Castanho,Chocolate-Claro,Gramados,Preto
Comestivel,Nenhum,Branco,Castanho,Gramados,Castanho
Comestivel,Nenhum,Cinzento,Preto,Gramados,Castanho
Comestivel,Nenhum,Branco,Castanho,Gramados,Preto
Comestivel,Nenhum,Cinzento,Castanho,Gramados,Castanho
Comestivel,Nenhum,Cinzento,Preto,Gramados,Castanho
Comestivel,Nenhum,Castanho,Preto,Gramados,Castanho
Comestivel,Nenhum,Castanho,Branco,Madeira/Árvores,Preto
Comestivel,Nenhum,Branco,Preto,Gramados,Castanho
Comestivel,Nenhum,Castanho,Castanho,Gramados,Preto
Venenoso,Pungente,Castanho,Branco,Gramados,Preto
Comestivel,Nenhum,Castanho,Castanho,Madeira/Árvores,Preto
Comestivel,Nenhum,Castanho,Rosa,Gramados,Preto
Comestivel,Nenhum,Branco,Castanho,Gramados,Preto
Venenoso,Pungente,Castanho,Castanho,Urbano,Castanho
Comestivel,Nenhum,Cinzento,Preto,Gramados,Preto
Comestivel,Nenhum,Cinzento,Castanho,Madeira/Árvores,Preto
Comestivel,Nenhum,Branco,Rosa,Gramados,Preto
Comestivel,Nenhum,Cinzento,Chocolate-Claro,Gramados,Preto
Comestivel,Nenhum,Castanho,Branco,Madeira/Árvores,Castanho
Comestivel,Nenhum,Cinzento,Chocolate-Claro,Gramados,Castanho
Comestivel,Nenhum,Branco,Rosa,Gramados,Castanho
Comestivel,Nenhum,Cinzento,Roxo,Madeira/Árvores,Preto
Comestivel,Anis,Branco,Branco,Gramados,Preto
Comestivel,Anis,Branco,Preto,Prados,Castanho
Comestivel,Nenhum,Cinzento,Rosa,Gramados,Castanho
Comestivel,Nenhum,Branco,Preto,Gramados,Preto
Comestivel,Nenhum,Castanho,Castanho,Gramados,Preto
Comestivel,Nenhum,Branco,Rosa,Gramados,Preto
Comestivel,Nenhum,Castanho,Chocolate-Claro,Gramados,Castanho
Comestivel,Nenhum,Castanho,Castanho,Gramados,Castanho
Comestivel,Almíscar,Amarelo,Cinzento,Prados,Castanho
Venenoso,Pungente,Branco,Preto,Gramados,Preto
Comestivel,Nenhum,Castanho,Preto,Gramados,Preto
Comestivel,Nenhum,Castanho,Preto,Gramados,Preto
Comestivel,Almíscar,Castanho,Castanho,Gramados,Preto
Comestivel,Nenhum,Cinzento,Castanho,Gramados,Castanho
Comestivel,Nenhum,Branco,Preto,Gramados,Castanho
Venenoso,Pungente,Castanho,Castanho,Urbano,Preto
Comestivel,Nenhum,Cinzento,Castanho,Gramados,Preto
Comestivel,Nenhum,Branco,Rosa,Gramados,Castanho
Venenoso,Pungente,Castanho,Castanho,Gramados,Preto
Comestivel,Nenhum,Castanho,Rosa,Gramados,Castanho
Comestivel,Nenhum,Castanho,Rosa,Gramados,Preto
Comestivel,Nenhum,Castanho,Roxo,Madeira/Árvores,Preto
Comestivel,Nenhum,Branco,Rosa,Gramados,Preto
Venenoso,Pungente,Branco,Rosa,Urbano,Castanho
Comestivel,Nenhum,Branco,Chocolate-Claro,Gramados,Preto
Comestivel,Nenhum,Castanho,Chocolate-Claro,Gramados,Castanho
Comestivel,Nenhum,Cinzento,Rosa,Gramados,Castanho
Comestivel,Nenhum,Branco,Castanho,Gramados,Preto
Comestivel,Anis,Castanho,Branco,Gramados,Castanho
Venenoso,Pungente,Branco,Branco,Gramados,Castanho
Comestivel,Nenhum,Branco,Rosa,Gramados,Castanho
Comestivel,Nenhum,Castanho,Rosa,Urbano,Preto
Venenoso,Pungente,Castanho,Branco,Urbano,Castanho
Comestivel,Nenhum,Branco,Castanho,Gramados,Castanho
Comestivel,Nenhum,Cinzento,Preto,Gramados,Castanho
Comestivel,Almíscar,Amarelo,Castanho,Caminhos,Castanho
Comestivel,Nenhum,Branco,Chocolate-Claro,Gramados,Castanho
Comestivel,Nenhum,Branco,Chocolate-Claro,Gramados,Preto
Venenoso,Pungente,Castanho,Castanho,Gramados,Castanho
Comestivel,Nenhum,Castanho,Chocolate-Claro,Gramados,Preto
Comestivel,Nenhum,Cinzento,Preto,Gramados,Castanho
Comestivel,Nenhum,Castanho,Castanho,Gramados,Preto
Comestivel,Nenhum,Castanho,Rosa,Madeira/Árvores,Castanho
Comestivel,Nenhum,Cinzento,Preto,Gramados,Preto
Comestivel,Nenhum,Cinzento,Castanho,Gramados,Preto
Comestivel,Nenhum,Branco,Preto,Gramados,Preto
Comestivel,Nenhum,Cinzento,Chocolate-Claro,Gramados,Castanho
Comestivel,Nenhum,Castanho,Castanho,Madeira/Árvores,Preto
Comestivel,Nenhum,Branco,Rosa,Gramados,Castanho
Venenoso,Pungente,Branco,Castanho,Urbano,Castanho
Comestivel,Nenhum,Cinzento,Castanho,Gramados,Castanho
Comestivel,Nenhum,Castanho,Preto,Gramados,Castanho
Comestivel,Nenhum,Castanho,Rosa,Madeira/Árvores,Preto
Comestivel,Almíscar,Amarelo,Rosa,Gramados,Castanho
Comestivel,Nenhum,Cinzento,Preto,Gramados,Preto
Comestivel,Nenhum,Castanho,Chocolate-Claro,Gramados,Preto
Comestivel,Nenhum,Branco,Preto,Gramados,Preto
Comestivel,Almíscar,Amarelo,Preto,Gramados,Castanho
Comestivel,Nenhum,Castanho,Rosa,Madeira/Árvores,Preto
Comestivel,Nenhum,Branco,Rosa,Gramados,Preto
Comestivel,Nenhum,Branco,Castanho,Gramados,Preto
Venenoso,Pungente,Castanho,Castanho,Urbano,Castanho
Venenoso,Pungente,Branco,Preto,Urbano,Preto
Comestivel,Nenhum,Castanho,Rosa,Gramados,Preto
Comestivel,Nenhum,Cinzento,Castanho,Urbano,Castanho
Comestivel,Nenhum,Castanho,Rosa,Gramados,Preto
Comestivel,Nenhum,Branco,Preto,Gramados,Preto
Venenoso,Pungente,Branco,Branco,Gramados,Preto
Comestivel,Almíscar,Amarelo,Preto,Gramados,Castanho
Comestivel,Nenhum,Castanho,Chocolate-Claro,Gramados,Preto
Venenoso,Pungente,Castanho,Castanho,Urbano,Preto
Comestivel,Nenhum,Cinzento,Chocolate-Claro,Gramados,Preto
Comestivel,Nenhum,Cinzento,Preto,Gramados,Castanho
Comestivel,Nenhum,Branco,Castanho,Gramados,Preto
Venenoso,Pungente,Branco,Castanho,Urbano,Castanho
Comestivel,Nenhum,Branco,Preto,Gramados,Preto
Comestivel,Nenhum,Castanho,Chocolate-Claro,Gramados,Castanho
Comestivel,Nenhum,Castanho,Rosa,Gramados,Castanho
Comestivel,Nenhum,Castanho,Rosa,Gramados,Castanho
Venenoso,Pungente,Castanho,Preto,Gramados,Preto
Comestivel,Nenhum,Branco,Rosa,Gramados,Castanho
Comestivel,Nenhum,Branco,Rosa,Gramados,Castanho
Venenoso,Pungente,Branco,Preto,Urbano,Preto
Comestivel,Nenhum,Cinzento,Rosa,Gramados,Preto
Comestivel,Nenhum,Castanho,Branco,Madeira/Árvores,Castanho
Comestivel,Nenhum,Cinzento,Chocolate-Claro,Gramados,Castanho
Comestivel,Nenhum,Cinzento,Roxo,Madeira/Árvores,Preto
Comestivel,Nenhum,Castanho,Rosa,Madeira/Árvores,Castanho
Comestivel,Nenhum,Castanho,Castanho,Madeira/Árvores,Castanho
Comestivel,Nenhum,Vermelho,Rosa,Madeira/Árvores,Preto
Comestivel,Nenhum,Cinzento,Chocolate-Claro,Gramados,Castanho
Comestivel,Nenhum,Cinzento,Roxo,Madeira/Árvores,Castanho
Comestivel,Nenhum,Cinzento,Rosa,Madeira/Árvores,Preto
Comestivel,Nenhum,Cinzento,Rosa,Gramados,Castanho
Venenoso,Pungente,Castanho,Castanho,Gramados,Castanho
Comestivel,Nenhum,Castanho,Castanho,Madeira/Árvores,Preto
Venenoso,Pungente,Castanho,Castanho,Gramados,Preto
Comestivel,Almíscar,Branco,Castanho,Gramados,Castanho
Comestivel,Nenhum,Branco,Chocolate-Claro,Gramados,Preto
Comestivel,Almíscar,Amarelo,Cinzento,Gramados,Castanho
Venenoso,Fétido,Cinzento,Chocolate-Claro,Gramados,Chocolate-Claro
Comestivel,Nenhum,Castanho,Preto,Gramados,Castanho
Comestivel,Nenhum,Branco,Rosa,Gramados,Castanho
Comestivel,Nenhum,Castanho,Rosa,Madeira/Árvores,Preto
Comestivel,Nenhum,Castanho,Chocolate-Claro,Gramados,Preto
Comestivel,Nenhum,Castanho,Chocolate-Claro,Gramados,Preto
Venenoso,Pungente,Branco,Rosa,Urbano,Preto
Comestivel,Nenhum,Castanho,Rosa,Madeira/Árvores,Castanho
Comestivel,Anis,Branco,Preto,Gramados,Castanho
Comestivel,Nenhum,Cinzento,Castanho,Gramados,Preto
Comestivel,Nenhum,Vermelho,Castanho,Madeira/Árvores,Castanho
Comestivel,Nenhum,Branco,Castanho,Gramados,Preto
Comestivel,Nenhum,Cinzento,Rosa,Gramados,Castanho
Comestivel,Nenhum,Castanho,Castanho,Madeira/Árvores,Preto
Comestivel,Nenhum,Cinzento,Branco,Madeira/Árvores,Castanho
Comestivel,Nenhum,Cinzento,Roxo,Madeira/Árvores,Preto
Comestivel,Nenhum,Branco,Castanho,Gramados,Castanho
Comestivel,Nenhum,Cinzento,Roxo,Madeira/Árvores,Preto
Comestivel,Nenhum,Castanho,Roxo,Madeira/Árvores,Castanho
Comestivel,Nenhum,Vermelho,Branco,Madeira/Árvores,Castanho
Comestivel,Nenhum,Castanho,Branco,Madeira/Árvores,Castanho
Comestivel,Nenhum,Branco,Chocolate-Claro,Gramados,Castanho
Comestivel,Nenhum,Castanho,Rosa,Madeira/Árvores,Preto
Comestivel,Nenhum,Cinzento,Castanho,Gramados,Preto
Comestivel,Nenhum,Cinzento,Chocolate-Claro,Gramados,Preto
Comestivel,Nenhum,Branco,Rosa,Gramados,Castanho
Comestivel,Nenhum,Cinzento,Rosa,Madeira/Árvores,Preto
Venenoso,Pungente,Castanho,Preto,Urbano,Castanho
Comestivel,Nenhum,Vermelho,Rosa,Madeira/Árvores,Preto
Comestivel,Nenhum,Branco,Rosa,Gramados,Preto
Comestivel,Nenhum,Cinzento,Chocolate-Claro,Gramados,Castanho
Comestivel,Nenhum,Cinzento,Branco,Madeira/Árvores,Castanho
Comestivel,Nenhum,Cinzento,Rosa,Madeira/Árvores,Preto
Comestivel,Nenhum,Castanho,Branco,Madeira/Árvores,Preto
Comestivel,Nenhum,Vermelho,Castanho,Madeira/Árvores,Preto
Comestivel,Nenhum,Branco,Chocolate-Claro,Gramados,Castanho
Comestivel,Nenhum,Vermelho,Branco,Madeira/Árvores,Castanho
Comestivel,Nenhum,Castanho,Rosa,Madeira/Árvores,Preto
Comestivel,Nenhum,Cinzento,Roxo,Madeira/Árvores,Preto
Comestivel,Nenhum,Castanho,Castanho,Madeira/Árvores,Castanho
Comestivel,Almíscar,Amarelo,Branco,Madeira/Árvores,Castanho
Comestivel,Nenhum,Vermelho,Branco,Madeira/Árvores,Castanho
Venenoso,Pungente,Branco,Branco,Gramados,Castanho
Comestivel,Nenhum,Branco,Chocolate-Claro,Gramados,Preto
Comestivel,Nenhum,Vermelho,Roxo,Madeira/Árvores,Castanho
Comestivel,Nenhum,Castanho,Branco,Madeira/Árvores,Preto
Comestivel,Nenhum,Branco,Chocolate-Claro,Gramados,Preto
Comestivel,Nenhum,Cinzento,Branco,Madeira/Árvores,Castanho
Comestivel,Nenhum,Cinzento,Castanho,Gramados,Castanho
Comestivel,Nenhum,Vermelho,Branco,Madeira/Árvores,Castanho
Comestivel,Nenhum,Castanho,Roxo,Madeira/Árvores,Castanho
Comestivel,Nenhum,Branco,Rosa,Gramados,Preto
Comestivel,Nenhum,Castanho,Castanho,Gramados,Preto
Comestivel,Nenhum,Branco,Castanho,Gramados,Preto
Comestivel,Nenhum,Castanho,Castanho,Gramados,Preto
Comestivel,Nenhum,Vermelho,Castanho,Madeira/Árvores,Castanho
Comestivel,Nenhum,Branco,Castanho,Gramados,Preto
Comestivel,Nenhum,Cinzento,Preto,Gramados,Preto
Comestivel,Nenhum,Vermelho,Branco,Madeira/Árvores,Castanho
Comestivel,Nenhum,Vermelho,Rosa,Madeira/Árvores,Castanho
Comestivel,Nenhum,Cinzento,Roxo,Madeira/Árvores,Castanho
Comestivel,Nenhum,Vermelho,Rosa,Madeira/Árvores,Preto
Comestivel,Nenhum,Castanho,Chocolate-Claro,Gramados,Castanho
Comestivel,Nenhum,Branco,Castanho,Gramados,Preto
Comestivel,Nenhum,Branco,Chocolate-Claro,Gramados,Preto
Comestivel,Nenhum,Branco,Preto,Gramados,Castanho
Comestivel,Nenhum,Vermelho,Roxo,Madeira/Árvores,Castanho
Comestivel,Nenhum,Castanho,Roxo,Madeira/Árvores,Castanho
Comestivel,Nenhum,Castanho,Branco,Madeira/Árvores,Preto
Comestivel,Anis,Branco,Rosa,Madeira/Árvores,Castanho
Comestivel,Nenhum,Branco,Preto,Gramados,Preto
Venenoso,Pungente,Branco,Castanho,Gramados,Preto
Comestivel,Nenhum,Cinzento,Castanho,Madeira/Árvores,Preto
Comestivel,Nenhum,Castanho,Branco,Madeira/Árvores,Castanho
Comestivel,Nenhum,Branco,Preto,Gramados,Castanho
Comestivel,Nenhum,Branco,Chocolate-Claro,Gramados,Castanho
Comestivel,Nenhum,Castanho,Chocolate-Claro,Gramados,Castanho
Comestivel,Nenhum,Castanho,Castanho,Gramados,Castanho
Comestivel,Nenhum,Cinzento,Chocolate-Claro,Gramados,Castanho
Comestivel,Nenhum,Castanho,Branco,Madeira/Árvores,Castanho
Comestivel,Nenhum,Castanho,Roxo,Madeira/Árvores,Castanho
Comestivel,Nenhum,Cinzento,Preto,Gramados,Castanho
Comestivel,Nenhum,Castanho,Castanho,Gramados,Preto
Comestivel,Nenhum,Cinzento,Rosa,Gramados,Castanho
Comestivel,Nenhum,Cinzento,Castanho,Madeira/Árvores,Preto
Comestivel,Nenhum,Branco,Chocolate-Claro,Gramados,Castanho
Comestivel,Nenhum,Castanho,Preto,Gramados,Castanho
Comestivel,Nenhum,Branco,Chocolate-Claro,Gramados,Preto
Comestivel,Nenhum,Cinzento,Preto,Gramados,Castanho
Comestivel,Nenhum,Castanho,Preto,Gramados,Castanho
Comestivel,Nenhum,Castanho,Rosa,Gramados,Preto
Comestivel,Nenhum,Castanho,Branco,Madeira/Árvores,Castanho
Comestivel,Nenhum,Cinzento,Chocolate-Claro,Gramados,Preto
Comestivel,Nenhum,Branco,Castanho,Gramados,Castanho
Comestivel,Nenhum,Vermelho,Rosa,Madeira/Árvores,Preto
Comestivel,Nenhum,Cinzento,Roxo,Madeira/Árvores,Preto
Comestivel,Nenhum,Vermelho,Castanho,Madeira/Árvores,Preto
Comestivel,Nenhum,Cinzento,Chocolate-Claro,Gramados,Preto
Comestivel,Nenhum,Cinzento,Rosa,Gramados,Castanho
Comestivel,Anis,Amarelo,Rosa,Gramados,Castanho
Venenoso,Pungente,Branco,Branco,Urbano,Preto
Comestivel,Nenhum,Castanho,Chocolate-Claro,Gramados,Preto
Comestivel,Nenhum,Castanho,Preto,Gramados,Preto
Comestivel,Nenhum,Castanho,Rosa,Madeira/Árvores,Preto
Comestivel,Nenhum,Vermelho,Roxo,Madeira/Árvores,Preto
Comestivel,Nenhum,Cinzento,Rosa,Gramados,Castanho
Comestivel,Nenhum,Castanho,Castanho,Gramados,Preto
Comestivel,Nenhum,Cinzento,Chocolate-Claro,Gramados,Castanho
Comestivel,Nenhum,Vermelho,Branco,Madeira/Árvores,Castanho
Comestivel,Nenhum,Castanho,Branco,Madeira/Árvores,Preto
Comestivel,Nenhum,Castanho,Rosa,Gramados,Preto
Comestivel,Nenhum,Castanho,Rosa,Gramados,Preto
Comestivel,Nenhum,Branco,Chocolate-Claro,Gramados,Preto
Comestivel,Nenhum,Cinzento,Rosa,Gramados,Preto
Venenoso,Pungente,Branco,Branco,Urbano,Preto
Comestivel,Almíscar,Branco,Preto,Gramados,Castanho
Comestivel,Nenhum,Castanho,Branco,Madeira/Árvores,Castanho
Comestivel,Nenhum,Cinzento,Preto,Gramados,Preto
Comestivel,Nenhum,Castanho,Preto,Gramados,Castanho
Comestivel,Nenhum,Castanho,Preto,Gramados,Castanho
Comestivel,Anis,Branco,Castanho,Madeira/Árvores,Roxo
Comestivel,Nenhum,Branco,Chocolate-Claro,Gramados,Castanho
Comestivel,Nenhum,Branco,Chocolate-Claro,Gramados,Preto
Comestivel,Nenhum,Cinzento,Preto,Gramados,Preto
Comestivel,Nenhum,Vermelho,Rosa,Madeira/Árvores,Preto
Comestivel,Nenhum,Castanho,Castanho,Madeira/Árvores,Preto
Comestivel,Nenhum,Castanho,Castanho,Madeira/Árvores,Preto
Comestivel,Nenhum,Branco,Preto,Gramados,Preto
Comestivel,Nenhum,Castanho,Castanho,Gramados,Castanho
Venenoso,Pungente,Branco,Preto,Urbano,Castanho
Comestivel,Nenhum,Castanho,Rosa,Gramados,Castanho
Comestivel,Nenhum,Cinzento,Branco,Madeira/Árvores,Castanho
Comestivel,Nenhum,Cinzento,Castanho,Madeira/Árvores,Castanho
Comestivel,Nenhum,Cinzento,Rosa,Gramados,Castanho
Comestivel,Nenhum,Cinzento,Branco,Madeira/Árvores,Castanho
Comestivel,Nenhum,Vermelho,Roxo,Madeira/Árvores,Castanho
Comestivel,Nenhum,Cinzento,Rosa,Madeira/Árvores,Preto
Comestivel,Nenhum,Cinzento,Roxo,Madeira/Árvores,Castanho
Comestivel,Nenhum,Castanho,Rosa,Madeira/Árvores,Preto
Venenoso,Pungente,Branco,Rosa,Gramados,Preto
Comestivel,Nenhum,Castanho,Preto,Gramados,Preto
Comestivel,Nenhum,Castanho,Branco,Madeira/Árvores,Castanho
Comestivel,Nenhum,Cinzento,Rosa,Madeira/Árvores,Castanho
Venenoso,Pungente,Castanho,Branco,Gramados,Castanho
Comestivel,Nenhum,Cinzento,Roxo,Madeira/Árvores,Preto
Comestivel,Nenhum,Cinzento,Chocolate-Claro,Gramados,Preto
Comestivel,Nenhum,Vermelho,Roxo,Madeira/Árvores,Preto
Comestivel,Nenhum,Castanho,Preto,Gramados,Castanho
Comestivel,Nenhum,Branco,Chocolate-Claro,Gramados,Castanho
Comestivel,Nenhum,Castanho,Rosa,Gramados,Preto
Comestivel,Nenhum,Vermelho,Branco,Madeira/Árvores,Castanho
Comestivel,Nenhum,Castanho,Preto,Gramados,Preto
Comestivel,Nenhum,Castanho,Castanho,Madeira/Árvores,Castanho
Comestivel,Nenhum,Branco,Chocolate-Claro,Gramados,Preto
Comestivel,Nenhum,Castanho,Preto,Gramados,Preto
Comestivel,Nenhum,Castanho,Chocolate-Claro,Gramados,Castanho
Venenoso,Pungente,Castanho,Branco,Urbano,Preto
Comestivel,Nenhum,Castanho,Rosa,Madeira/Árvores,Preto
Comestivel,Nenhum,Castanho,Preto,Gramados,Castanho
Venenoso,Pungente,Branco,Castanho,Gramados,Castanho
Comestivel,Nenhum,Castanho,Castanho,Madeira/Árvores,Castanho
Comestivel,Nenhum,Cinzento,Roxo,Madeira/Árvores,Castanho
Comestivel,Nenhum,Castanho,Rosa,Gramados,Castanho
Comestivel,Nenhum,Vermelho,Rosa,Madeira/Árvores,Preto
Comestivel,Nenhum,Branco,Rosa,Gramados,Castanho
Comestivel,Nenhum,Branco,Chocolate-Claro,Gramados,Preto
Comestivel,Anis,Branco,Preto,Prados,Preto
Comestivel,Nenhum,Branco,Rosa,Gramados,Castanho
Comestivel,Nenhum,Cinzento,Roxo,Madeira/Árvores,Castanho
Comestivel,Nenhum,Cinzento,Castanho,Madeira/Árvores,Preto
Comestivel,Nenhum,Cinzento,Castanho,Gramados,Castanho
Venenoso,Pungente,Branco,Castanho,Urbano,Castanho
Comestivel,Nenhum,Vermelho,Branco,Madeira/Árvores,Castanho
Venenoso,Pungente,Castanho,Castanho,Urbano,Preto
Venenoso,Pungente,Castanho,Branco,Gramados,Castanho
Comestivel,Nenhum,Cinzento,Rosa,Madeira/Árvores,Castanho
Comestivel,Nenhum,Castanho,Chocolate-Claro,Gramados,Castanho
Comestivel,Nenhum,Cinzento,Rosa,Madeira/Árvores,Castanho
Comestivel,Nenhum,Castanho,Chocolate-Claro,Gramados,Preto
Comestivel,Nenhum,Castanho,Branco,Madeira/Árvores,Castanho
Comestivel,Nenhum,Castanho,Rosa,Gramados,Castanho
Comestivel,Nenhum,Castanho,Rosa,Gramados,Preto
Comestivel,Nenhum,Castanho,Preto,Gramados,Preto
Comestivel,Nenhum,Castanho,Preto,Gramados,Preto
Comestivel,Nenhum,Castanho,Branco,Madeira/Árvores,Castanho
Comestivel,Nenhum,Vermelho,Roxo,Madeira/Árvores,Castanho
Comestivel,Nenhum,Castanho,Preto,Gramados,Preto
Comestivel,Nenhum,Castanho,Branco,Madeira/Árvores,Preto
Venenoso,Pungente,Branco,Branco,Urbano,Castanho
Comestivel,Anis,Amarelo,Castanho,Gramados,Castanho
Venenoso,Pungente,Castanho,Rosa,Gramados,Preto
Comestivel,Nenhum,Branco,Chocolate-Claro,Gramados,Castanho
Comestivel,Nenhum,Castanho,Castanho,Gramados,Preto
Venenoso,Pungente,Castanho,Branco,Gramados,Castanho
Comestivel,Nenhum,Castanho,Preto,Gramados,Castanho
Comestivel,Nenhum,Castanho,Castanho,Gramados,Preto
Comestivel,Nenhum,Vermelho,Roxo,Madeira/Árvores,Preto
Comestivel,Nenhum,Castanho,Preto,Gramados,Preto
Comestivel,Nenhum,Branco,Preto,Gramados,Castanho
Comestivel,Nenhum,Cinzento,Rosa,Gramados,Castanho
Comestivel,Nenhum,Branco,Chocolate-Claro,Gramados,Preto
Comestivel,Almíscar,Amarelo,Castanho,Madeira/Árvores,Castanho
Comestivel,Almíscar,Branco,Castanho,Madeira/Árvores,Castanho
Comestivel,Nenhum,Castanho,Rosa,Gramados,Castanho
Comestivel,Nenhum,Castanho,Roxo,Madeira/Árvores,Castanho
Comestivel,Nenhum,Cinzento,Castanho,Madeira/Árvores,Preto
Comestivel,Nenhum,Castanho,Roxo,Madeira/Árvores,Castanho
Comestivel,Nenhum,Castanho,Preto,Gramados,Preto
Comestivel,Nenhum,Cinzento,Roxo,Madeira/Árvores,Castanho
Comestivel,Nenhum,Castanho,Castanho,Madeira/Árvores,Preto
Comestivel,Nenhum,Cinzento,Rosa,Gramados,Preto
Comestivel,Nenhum,Castanho,Castanho,Madeira/Árvores,Castanho
Comestivel,Nenhum,Castanho,Chocolate-Claro,Gramados,Preto
Comestivel,Anis,Branco,Preto,Prados,Preto
Comestivel,Nenhum,Vermelho,Roxo,Madeira/Árvores,Preto
Comestivel,Nenhum,Castanho,Chocolate-Claro,Gramados,Castanho
Comestivel,Nenhum,Vermelho,Branco,Madeira/Árvores,Preto
Comestivel,Nenhum,Castanho,Rosa,Madeira/Árvores,Preto
Comestivel,Nenhum,Cinzento,Roxo,Madeira/Árvores,Preto
Comestivel,Nenhum,Cinzento,Rosa,Gramados,Castanho
Comestivel,Nenhum,Castanho,Preto,Gramados,Preto
Comestivel,Nenhum,Cinzento,Rosa,Gramados,Castanho
Comestivel,Nenhum,Cinzento,Castanho,Gramados,Preto
Comestivel,Nenhum,Vermelho,Branco,Madeira/Árvores,Preto
Comestivel,Nenhum,Cinzento,Branco,Madeira/Árvores,Castanho
Comestivel,Nenhum,Castanho,Castanho,Madeira/Árvores,Preto
Comestivel,Nenhum,Castanho,Preto,Gramados,Castanho
Comestivel,Nenhum,Castanho,Castanho,Gramados,Castanho
Comestivel,Nenhum,Branco,Castanho,Gramados,Preto
Comestivel,Almíscar,Amarelo,Rosa,Caminhos,Castanho
Comestivel,Nenhum,Vermelho,Roxo,Madeira/Árvores,Castanho
Comestivel,Nenhum,Castanho,Chocolate-Claro,Gramados,Preto
Comestivel,Nenhum,Castanho,Rosa,Madeira/Árvores,Preto
Comestivel,Nenhum,Cinzento,Castanho,Madeira/Árvores,Castanho
Comestivel,Nenhum,Branco,Preto,Gramados,Castanho
Comestivel,Almíscar,Branco,Preto,Prados,Preto
Comestivel,Nenhum,Castanho,Rosa,Gramados,Castanho
Comestivel,Nenhum,Branco,Rosa,Gramados,Castanho
Comestivel,Nenhum,Castanho,Roxo,Madeira/Árvores,Castanho
Comestivel,Nenhum,Branco,Preto,Gramados,Preto
Comestivel,Nenhum,Cinzento,Roxo,Madeira/Árvores,Castanho
Comestivel,Nenhum,Castanho,Rosa,Madeira/Árvores,Castanho
Comestivel,Nenhum,Branco,Rosa,Gramados,Castanho
Comestivel,Almíscar,Branco,Castanho,Prados,Preto
Comestivel,Nenhum,Cinzento,Castanho,Gramados,Castanho
Venenoso,Pungente,Castanho,Castanho,Gramados,Castanho
Comestivel,Nenhum,Cinzento,Rosa,Gramados,Castanho
Comestivel,Nenhum,Castanho,Castanho,Madeira/Árvores,Castanho
Comestivel,Nenhum,Branco,Castanho,Gramados,Castanho
Comestivel,Nenhum,Castanho,Roxo,Madeira/Árvores,Preto
Comestivel,Nenhum,Vermelho,Rosa,Madeira/Árvores,Castanho
Venenoso,Pungente,Castanho,Castanho,Urbano,Preto
Comestivel,Nenhum,Cinzento,Rosa,Gramados,Castanho
Comestivel,Nenhum,Cinzento,Castanho,Madeira/Árvores,Preto
Comestivel,Nenhum,Cinzento,Castanho,Madeira/Árvores,Preto
Comestivel,Nenhum,Cinzento,Castanho,Madeira/Árvores,Preto
Comestivel,Nenhum,Cinzento,Branco,Madeira/Árvores,Castanho
Comestivel,Nenhum,Castanho,Roxo,Madeira/Árvores,Preto
Venenoso,Pungente,Branco,Rosa,Urbano,Castanho
Comestivel,Anis,Amarelo,Preto,Prados,Preto
Comestivel,Nenhum,Castanho,Castanho,Madeira/Árvores,Castanho
Comestivel,Nenhum,Castanho,Branco,Madeira/Árvores,Castanho
Comestivel,Nenhum,Cinzento,Castanho,Gramados,Castanho
Comestivel,Nenhum,Vermelho,Roxo,Madeira/Árvores,Castanho
Comestivel,Nenhum,Cinzento,Preto,Gramados,Castanho
Comestivel,Nenhum,Branco,Rosa,Gramados,Castanho
Comestivel,Nenhum,Castanho,Castanho,Madeira/Árvores,Castanho
Comestivel,Nenhum,Castanho,Roxo,Madeira/Árvores,Castanho
Comestivel,Nenhum,Cinzento,Castanho,Gramados,Preto
Comestivel,Nenhum,Cinzento,Castanho,Gramados,Preto
Comestivel,Nenhum,Castanho,Chocolate-Claro,Gramados,Castanho
Comestivel,Nenhum,Cinzento,Rosa,Madeira/Árvores,Preto
Comestivel,Nenhum,Vermelho,Castanho,Madeira/Árvores,Castanho
Venenoso,Pungente,Castanho,Rosa,Urbano,Preto
Comestivel,Nenhum,Cinzento,Rosa,Madeira/Árvores,Preto
Comestivel,Nenhum,Branco,Preto,Gramados,Castanho
Comestivel,Almíscar,Branco,Cinzento,Prados,Castanho
Comestivel,Nenhum,Branco,Chocolate-Claro,Gramados,Castanho
Comestivel,Nenhum,Castanho,Preto,Gramados,Preto
Comestivel,Nenhum,Cinzento,Rosa,Madeira/Árvores,Preto
Comestivel,Nenhum,Cinzento,Castanho,Madeira/Árvores,Castanho
Comestivel,Nenhum,Cinzento,Rosa,Gramados,Preto
Venenoso,Pungente,Branco,Castanho,Gramados,Preto
Comestivel,Nenhum,Castanho,Preto,Gramados,Castanho
Comestivel,Nenhum,Cinzento,Rosa,Madeira/Árvores,Preto
Comestivel,Nenhum,Cinzento,Rosa,Madeira/Árvores,Castanho
Comestivel,Nenhum,Castanho,Branco,Madeira/Árvores,Castanho
Comestivel,Nenhum,Vermelho,Rosa,Madeira/Árvores,Castanho
Comestivel,Nenhum,Castanho,Branco,Madeira/Árvores,Castanho
Comestivel,Nenhum,Vermelho,Roxo,Madeira/Árvores,Preto
Comestivel,Nenhum,Castanho,Rosa,Madeira/Árvores,Castanho
Comestivel,Nenhum,Vermelho,Roxo,Madeira/Árvores,Preto
Comestivel,Nenhum,Cinzento,Branco,Madeira/Árvores,Preto
Comestivel,Nenhum,Cinzento,Rosa,Madeira/Árvores,Preto
Comestivel,Nenhum,Vermelho,Branco,Madeira/Árvores,Preto
Comestivel,Nenhum,Vermelho,Roxo,Madeira/Árvores,Castanho
Venenoso,Pungente,Branco,Branco,Gramados,Castanho
Comestivel,Nenhum,Vermelho,Castanho,Madeira/Árvores,Castanho
Comestivel,Nenhum,Cinzento,Rosa,Madeira/Árvores,Preto
Comestivel,Nenhum,Castanho,Rosa,Madeira/Árvores,Castanho
Comestivel,Nenhum,Vermelho,Branco,Madeira/Árvores,Preto
Comestivel,Nenhum,Cinzento,Castanho,Madeira/Árvores,Preto
Comestivel,Nenhum,Cinzento,Castanho,Madeira/Árvores,Preto
Comestivel,Nenhum,Cinzento,Roxo,Madeira/Árvores,Preto
Comestivel,Nenhum,Vermelho,Rosa,Madeira/Árvores,Castanho
Comestivel,Nenhum,Vermelho,Castanho,Madeira/Árvores,Castanho
Comestivel,Nenhum,Castanho,Rosa,Madeira/Árvores,Preto
Comestivel,Nenhum,Castanho,Roxo,Madeira/Árvores,Preto
Comestivel,Nenhum,Cinzento,Branco,Madeira/Árvores,Preto
Comestivel,Nenhum,Vermelho,Roxo,Madeira/Árvores,Castanho
Comestivel,Nenhum,Cinzento,Rosa,Madeira/Árvores,Castanho
Comestivel,Nenhum,Cinzento,Castanho,Madeira/Árvores,Preto
Venenoso,Fétido,Cinzento,Rosa,Gramados,Chocolate-Claro
Venenoso,Pungente,Branco,Rosa,Gramados,Preto
Comestivel,Nenhum,Vermelho,Castanho,Madeira/Árvores,Preto
Comestivel,Nenhum,Branco,Chocolate-Claro,Gramados,Castanho
Comestivel,Nenhum,Castanho,Roxo,Madeira/Árvores,Castanho
Comestivel,Nenhum,Castanho,Castanho,Madeira/Árvores,Castanho
Comestivel,Nenhum,Castanho,Branco,Madeira/Árvores,Castanho
Comestivel,Nenhum,Cinzento,Roxo,Madeira/Árvores,Castanho
Comestivel,Nenhum,Cinzento,Branco,Madeira/Árvores,Castanho
Comestivel,Nenhum,Vermelho,Roxo,Madeira/Árvores,Preto
Comestivel,Nenhum,Castanho,Castanho,Madeira/Árvores,Castanho
Comestivel,Nenhum,Cinzento,Branco,Madeira/Árvores,Preto
Comestivel,Nenhum,Vermelho,Branco,Madeira/Árvores,Preto
Comestivel,Nenhum,Vermelho,Roxo,Madeira/Árvores,Preto
Comestivel,Nenhum,Castanho,Rosa,Madeira/Árvores,Castanho
Comestivel,Nenhum,Vermelho,Castanho,Madeira/Árvores,Preto
Comestivel,Nenhum,Castanho,Rosa,Madeira/Árvores,Castanho
Comestivel,Nenhum,Castanho,Castanho,Madeira/Árvores,Preto
Comestivel,Nenhum,Castanho,Castanho,Madeira/Árvores,Castanho
Venenoso,Pungente,Castanho,Castanho,Urbano,Castanho
Comestivel,Nenhum,Vermelho,Roxo,Madeira/Árvores,Castanho
Venenoso,Pungente,Branco,Branco,Gramados,Preto
Comestivel,Nenhum,Vermelho,Roxo,Madeira/Árvores,Preto
Comestivel,Nenhum,Castanho,Rosa,Madeira/Árvores,Preto
Comestivel,Nenhum,Castanho,Roxo,Madeira/Árvores,Castanho
Comestivel,Nenhum,Vermelho,Rosa,Madeira/Árvores,Castanho
Comestivel,Nenhum,Vermelho,Castanho,Madeira/Árvores,Castanho
Comestivel,Nenhum,Cinzento,Rosa,Madeira/Árvores,Castanho
Comestivel,Nenhum,Castanho,Castanho,Madeira/Árvores,Castanho
Comestivel,Nenhum,Castanho,Roxo,Madeira/Árvores,Castanho
Comestivel,Nenhum,Castanho,Branco,Madeira/Árvores,Castanho
Comestivel,Nenhum,Vermelho,Roxo,Madeira/Árvores,Preto
Comestivel,Nenhum,Castanho,Roxo,Madeira/Árvores,Preto
Comestivel,Nenhum,Vermelho,Rosa,Madeira/Árvores,Castanho
Comestivel,Nenhum,Cinzento,Rosa,Madeira/Árvores,Preto
Comestivel,Nenhum,Castanho,Roxo,Madeira/Árvores,Preto
Comestivel,Nenhum,Castanho,Roxo,Madeira/Árvores,Castanho
Comestivel,Nenhum,Vermelho,Castanho,Madeira/Árvores,Castanho
Comestivel,Nenhum,Vermelho,Branco,Madeira/Árvores,Castanho
Comestivel,Nenhum,Cinzento,Rosa,Madeira/Árvores,Preto
Comestivel,Nenhum,Cinzento,Castanho,Madeira/Árvores,Preto
Comestivel,Nenhum,Vermelho,Rosa,Madeira/Árvores,Castanho
Comestivel,Nenhum,Cinzento,Rosa,Madeira/Árvores,Preto
Comestivel,Nenhum,Cinzento,Castanho,Madeira/Árvores,Castanho
Comestivel,Nenhum,Cinzento,Castanho,Madeira/Árvores,Castanho
Comestivel,Nenhum,Cinzento,Castanho,Madeira/Árvores,Preto
Comestivel,Nenhum,Vermelho,Castanho,Madeira/Árvores,Castanho
Comestivel,Nenhum,Castanho,Rosa,Madeira/Árvores,Preto
Comestivel,Nenhum,Castanho,Branco,Madeira/Árvores,Preto
Comestivel,Nenhum,Vermelho,Rosa,Madeira/Árvores,Castanho
Venenoso,Fétido,Cinzento,Rosa,Madeira/Árvores,Chocolate-Claro
Comestivel,Nenhum,Cinzento,Roxo,Madeira/Árvores,Preto
Comestivel,Nenhum,Vermelho,Branco,Madeira/Árvores,Castanho
Comestivel,Nenhum,Castanho,Roxo,Madeira/Árvores,Castanho
Comestivel,Nenhum,Castanho,Rosa,Madeira/Árvores,Castanho
Comestivel,Nenhum,Vermelho,Branco,Madeira/Árvores,Preto
Comestivel,Nenhum,Castanho,Rosa,Madeira/Árvores,Preto
Comestivel,Nenhum,Castanho,Rosa,Madeira/Árvores,Preto
Comestivel,Nenhum,Cinzento,Rosa,Madeira/Árvores,Preto
Comestivel,Nenhum,Vermelho,Castanho,Madeira/Árvores,Preto
Comestivel,Nenhum,Cinzento,Branco,Madeira/Árvores,Preto
Comestivel,Nenhum,Cinzento,Roxo,Madeira/Árvores,Castanho
Comestivel,Nenhum,Castanho,Roxo,Madeira/Árvores,Preto
Comestivel,Nenhum,Cinzento,Branco,Madeira/Árvores,Preto
Comestivel,Nenhum,Cinzento,Preto,Gramados,Castanho
Comestivel,Nenhum,Vermelho,Roxo,Madeira/Árvores,Preto
Comestivel,Nenhum,Cinzento,Rosa,Madeira/Árvores,Preto
Comestivel,Nenhum,Vermelho,Castanho,Madeira/Árvores,Castanho
Comestivel,Nenhum,Cinzento,Castanho,Madeira/Árvores,Preto
Comestivel,Nenhum,Cinzento,Roxo,Madeira/Árvores,Preto
Comestivel,Nenhum,Cinzento,Castanho,Madeira/Árvores,Castanho
Comestivel,Nenhum,Cinzento,Rosa,Madeira/Árvores,Castanho
Comestivel,Nenhum,Branco,Rosa,Gramados,Castanho
Comestivel,Nenhum,Castanho,Branco,Madeira/Árvores,Castanho
Comestivel,Nenhum,Castanho,Branco,Madeira/Árvores,Preto
Comestivel,Nenhum,Cinzento,Rosa,Madeira/Árvores,Preto
Comestivel,Nenhum,Cinzento,Branco,Madeira/Árvores,Preto
Comestivel,Nenhum,Vermelho,Roxo,Madeira/Árvores,Castanho
Comestivel,Nenhum,Vermelho,Roxo,Madeira/Árvores,Preto
Comestivel,Nenhum,Castanho,Branco,Madeira/Árvores,Preto
Comestivel,Nenhum,Cinzento,Branco,Madeira/Árvores,Preto
Comestivel,Nenhum,Cinzento,Branco,Madeira/Árvores,Castanho
Venenoso,Creosoto,Rosa,Cinzento,Madeira/Árvores,Castanho
Comestivel,Nenhum,Castanho,Rosa,Madeira/Árvores,Castanho
Comestivel,Nenhum,Cinzento,Castanho,Madeira/Árvores,Preto
Comestivel,Nenhum,Vermelho,Rosa,Madeira/Árvores,Preto
Comestivel,Nenhum,Castanho,Rosa,Madeira/Árvores,Castanho
Comestivel,Nenhum,Castanho,Branco,Madeira/Árvores,Castanho
Comestivel,Nenhum,Cinzento,Branco,Madeira/Árvores,Castanho
Comestivel,Nenhum,Castanho,Rosa,Madeira/Árvores,Castanho
Comestivel,Nenhum,Castanho,Castanho,Madeira/Árvores,Preto
Comestivel,Nenhum,Castanho,Branco,Madeira/Árvores,Preto
Comestivel,Nenhum,Vermelho,Branco,Madeira/Árvores,Castanho
Comestivel,Nenhum,Cinzento,Rosa,Madeira/Árvores,Preto
Comestivel,Nenhum,Vermelho,Castanho,Madeira/Árvores,Castanho
Comestivel,Nenhum,Vermelho,Roxo,Madeira/Árvores,Castanho
Comestivel,Nenhum,Castanho,Branco,Madeira/Árvores,Castanho
Comestivel,Nenhum,Vermelho,Rosa,Madeira/Árvores,Preto
Comestivel,Nenhum,Vermelho,Castanho,Madeira/Árvores,Castanho
Comestivel,Nenhum,Branco,Preto,Gramados,Castanho
Comestivel,Nenhum,Cinzento,Rosa,Madeira/Árvores,Preto
Comestivel,Nenhum,Vermelho,Rosa,Madeira/Árvores,Preto
Comestivel,Nenhum,Cinzento,Rosa,Madeira/Árvores,Castanho
Comestivel,Nenhum,Vermelho,Branco,Madeira/Árvores,Preto
Comestivel,Nenhum,Cinzento,Rosa,Madeira/Árvores,Castanho
Comestivel,Nenhum,Vermelho,Rosa,Madeira/Árvores,Castanho
Comestivel,Nenhum,Cinzento,Rosa,Madeira/Árvores,Preto
Comestivel,Nenhum,Vermelho,Rosa,Madeira/Árvores,Preto
Comestivel,Nenhum,Cinzento,Rosa,Madeira/Árvores,Castanho
Comestivel,Nenhum,Cinzento,Chocolate-Claro,Gramados,Preto
Venenoso,Fétido,Cinzento,Cinzento,Caminhos,Chocolate-Claro
Comestivel,Nenhum,Vermelho,Rosa,Madeira/Árvores,Preto
Comestivel,Nenhum,Vermelho,Branco,Madeira/Árvores,Castanho
Venenoso,Pungente,Branco,Branco,Gramados,Preto
Comestivel,Nenhum,Castanho,Roxo,Madeira/Árvores,Preto
Comestivel,Nenhum,Vermelho,Castanho,Madeira/Árvores,Castanho
Comestivel,Nenhum,Vermelho,Castanho,Madeira/Árvores,Preto
Comestivel,Nenhum,Cinzento,Castanho,Madeira/Árvores,Preto
Comestivel,Nenhum,Cinzento,Rosa,Madeira/Árvores,Castanho
Comestivel,Nenhum,Cinzento,Castanho,Gramados,Castanho
Comestivel,Nenhum,Castanho,Roxo,Madeira/Árvores,Castanho
Comestivel,Nenhum,Vermelho,Castanho,Madeira/Árvores,Preto
Comestivel,Nenhum,Cinzento,Roxo,Madeira/Árvores,Castanho
Comestivel,Nenhum,Castanho,Branco,Madeira/Árvores,Preto
Comestivel,Nenhum,Cinzento,Chocolate-Claro,Gramados,Castanho
Comestivel,Nenhum,Cinzento,Rosa,Madeira/Árvores,Castanho
Comestivel,Nenhum,Castanho,Branco,Madeira/Árvores,Preto
Comestivel,Nenhum,Cinzento,Rosa,Madeira/Árvores,Preto
Comestivel,Nenhum,Castanho,Roxo,Madeira/Árvores,Castanho
Comestivel,Nenhum,Cinzento,Branco,Madeira/Árvores,Castanho
Comestivel,Nenhum,Vermelho,Roxo,Madeira/Árvores,Castanho
Comestivel,Nenhum,Castanho,Castanho,Madeira/Árvores,Castanho
Comestivel,Nenhum,Cinzento,Castanho,Gramados,Castanho
Comestivel,Nenhum,Castanho,Branco,Madeira/Árvores,Preto
Comestivel,Nenhum,Castanho,Castanho,Madeira/Árvores,Preto
Comestivel,Nenhum,Vermelho,Branco,Madeira/Árvores,Castanho
Comestivel,Nenhum,Vermelho,Branco,Madeira/Árvores,Preto
Comestivel,Nenhum,Castanho,Castanho,Madeira/Árvores,Preto
Comestivel,Nenhum,Branco,Chocolate-Claro,Gramados,Preto
Comestivel,Nenhum,Castanho,Rosa,Madeira/Árvores,Castanho
Comestivel,Nenhum,Vermelho,Rosa,Madeira/Árvores,Preto
Comestivel,Nenhum,Cinzento,Rosa,Madeira/Árvores,Castanho
Comestivel,Nenhum,Cinzento,Castanho,Madeira/Árvores,Castanho
Comestivel,Nenhum,Castanho,Castanho,Gramados,Preto
Comestivel,Nenhum,Cinzento,Castanho,Madeira/Árvores,Preto
Comestivel,Nenhum,Vermelho,Roxo,Madeira/Árvores,Preto
Comestivel,Nenhum,Cinzento,Castanho,Madeira/Árvores,Preto
Comestivel,Nenhum,Castanho,Roxo,Madeira/Árvores,Castanho
Comestivel,Nenhum,Vermelho,Roxo,Madeira/Árvores,Preto
Comestivel,Nenhum,Castanho,Branco,Madeira/Árvores,Castanho
Comestivel,Nenhum,Cinzento,Castanho,Madeira/Árvores,Castanho
Comestivel,Nenhum,Cinzento,Branco,Madeira/Árvores,Castanho
Comestivel,Nenhum,Castanho,Rosa,Madeira/Árvores,Preto
Comestivel,Nenhum,Castanho,Roxo,Madeira/Árvores,Castanho
Comestivel,Nenhum,Vermelho,Rosa,Madeira/Árvores,Castanho
Comestivel,Nenhum,Cinzento,Castanho,Madeira/Árvores,Preto
Comestivel,Nenhum,Castanho,Rosa,Madeira/Árvores,Preto
Venenoso,Creosoto,Rosa,Castanho,Madeira/Árvores,Preto
Comestivel,Nenhum,Cinzento,Branco,Madeira/Árvores,Preto
Comestivel,Nenhum,Castanho,Rosa,Madeira/Árvores,Castanho
Venenoso,Pungente,Castanho,Rosa,Urbano,Preto
Comestivel,Nenhum,Castanho,Roxo,Madeira/Árvores,Preto
Comestivel,Nenhum,Cinzento,Roxo,Madeira/Árvores,Preto
Comestivel,Nenhum,Vermelho,Castanho,Madeira/Árvores,Preto
Comestivel,Nenhum,Vermelho,Castanho,Madeira/Árvores,Castanho
Comestivel,Nenhum,Vermelho,Rosa,Madeira/Árvores,Preto
Comestivel,Nenhum,Cinzento,Rosa,Madeira/Árvores,Castanho
Comestivel,Nenhum,Branco,Castanho,Gramados,Preto
Comestivel,Nenhum,Cinzento,Rosa,Madeira/Árvores,Castanho
Comestivel,Nenhum,Castanho,Rosa,Gramados,Castanho
Comestivel,Nenhum,Castanho,Branco,Madeira/Árvores,Castanho
Comestivel,Nenhum,Cinzento,Rosa,Madeira/Árvores,Preto
Comestivel,Nenhum,Vermelho,Rosa,Madeira/Árvores,Castanho
Comestivel,Nenhum,Castanho,Roxo,Madeira/Árvores,Preto
Comestivel,Nenhum,Cinzento,Branco,Madeira/Árvores,Castanho
Comestivel,Nenhum,Cinzento,Branco,Madeira/Árvores,Preto
Comestivel,Nenhum,Cinzento,Branco,Madeira/Árvores,Preto
Comestivel,Nenhum,Cinzento,Castanho,Madeira/Árvores,Castanho
Comestivel,Nenhum,Cinzento,Rosa,Madeira/Árvores,Castanho
Comestivel,Nenhum,Vermelho,Rosa,Madeira/Árvores,Preto
Comestivel,Nenhum,Vermelho,Castanho,Madeira/Árvores,Preto
Comestivel,Nenhum,Castanho,Branco,Madeira/Árvores,Castanho
Comestivel,Nenhum,Castanho,Branco,Madeira/Árvores,Castanho
Comestivel,Nenhum,Castanho,Castanho,Madeira/Árvores,Preto
Comestivel,Nenhum,Castanho,Rosa,Madeira/Árvores,Castanho
Comestivel,Nenhum,Cinzento,Roxo,Madeira/Árvores,Castanho
Comestivel,Nenhum,Vermelho,Branco,Madeira/Árvores,Preto
Comestivel,Nenhum,Castanho,Branco,Madeira/Árvores,Preto
Comestivel,Nenhum,Vermelho,Rosa,Madeira/Árvores,Preto
Comestivel,Nenhum,Castanho,Branco,Madeira/Árvores,Preto
Comestivel,Nenhum,Cinzento,Rosa,Madeira/Árvores,Preto
Comestivel,Nenhum,Castanho,Castanho,Madeira/Árvores,Castanho
Comestivel,Nenhum,Cinzento,Branco,Madeira/Árvores,Preto
Comestivel,Nenhum,Vermelho,Branco,Madeira/Árvores,Preto
Comestivel,Nenhum,Castanho,Rosa,Madeira/Árvores,Preto
Comestivel,Nenhum,Cinzento,Branco,Madeira/Árvores,Preto
Comestivel,Nenhum,Vermelho,Roxo,Madeira/Árvores,Castanho
Comestivel,Nenhum,Castanho,Roxo,Madeira/Árvores,Preto
Comestivel,Nenhum,Castanho,Branco,Madeira/Árvores,Castanho
Comestivel,Nenhum,Cinzento,Roxo,Madeira/Árvores,Castanho
Comestivel,Nenhum,Castanho,Branco,Madeira/Árvores,Preto
Comestivel,Nenhum,Vermelho,Branco,Madeira/Árvores,Preto
Comestivel,Nenhum,Castanho,Branco,Madeira/Árvores,Preto
Comestivel,Nenhum,Castanho,Branco,Madeira/Árvores,Preto
Comestivel,Nenhum,Castanho,Castanho,Madeira/Árvores,Preto
Comestivel,Nenhum,Vermelho,Roxo,Madeira/Árvores,Castanho
Comestivel,Nenhum,Vermelho,Roxo,Madeira/Árvores,Castanho
Comestivel,Nenhum,Cinzento,Branco,Madeira/Árvores,Castanho
Comestivel,Nenhum,Cinzento,Rosa,Madeira/Árvores,Castanho
Comestivel,Nenhum,Vermelho,Roxo,Madeira/Árvores,Castanho
Comestivel,Nenhum,Castanho,Branco,Madeira/Árvores,Castanho
Comestivel,Nenhum,Vermelho,Castanho,Madeira/Árvores,Castanho
Comestivel,Nenhum,Cinzento,Roxo,Madeira/Árvores,Castanho
Comestivel,Nenhum,Cinzento,Roxo,Madeira/Árvores,Preto
Comestivel,Nenhum,Vermelho,Roxo,Madeira/Árvores,Castanho
Comestivel,Nenhum,Castanho,Branco,Madeira/Árvores,Castanho
Comestivel,Nenhum,Castanho,Rosa,Madeira/Árvores,Castanho
Comestivel,Nenhum,Cinzento,Roxo,Madeira/Árvores,Preto
Comestivel,Nenhum,Branco,Chocolate-Claro,Gramados,Castanho
Comestivel,Nenhum,Cinzento,Branco,Madeira/Árvores,Castanho
Comestivel,Nenhum,Cinzento,Castanho,Gramados,Castanho
Comestivel,Nenhum,Castanho,Roxo,Madeira/Árvores,Castanho
Comestivel,Nenhum,Vermelho,Branco,Madeira/Árvores,Preto
Venenoso,Pungente,Branco,Branco,Urbano,Castanho
Comestivel,Nenhum,Cinzento,Castanho,Madeira/Árvores,Preto
Comestivel,Nenhum,Castanho,Branco,Madeira/Árvores,Preto
Comestivel,Nenhum,Cinzento,Branco,Madeira/Árvores,Castanho
Comestivel,Nenhum,Vermelho,Castanho,Madeira/Árvores,Preto
Comestivel,Nenhum,Cinzento,Castanho,Madeira/Árvores,Preto
Comestivel,Nenhum,Castanho,Rosa,Madeira/Árvores,Castanho
Comestivel,Nenhum,Vermelho,Castanho,Madeira/Árvores,Preto
Comestivel,Nenhum,Castanho,Castanho,Madeira/Árvores,Castanho
Comestivel,Nenhum,Castanho,Castanho,Madeira/Árvores,Castanho
Comestivel,Nenhum,Castanho,Rosa,Madeira/Árvores,Preto
Comestivel,Nenhum,Cinzento,Roxo,Madeira/Árvores,Preto
Comestivel,Nenhum,Castanho,Castanho,Madeira/Árvores,Preto
Comestivel,Nenhum,Vermelho,Branco,Madeira/Árvores,Preto
Comestivel,Nenhum,Castanho,Rosa,Madeira/Árvores,Preto
Comestivel,Nenhum,Vermelho,Castanho,Madeira/Árvores,Preto
Comestivel,Nenhum,Branco,Preto,Gramados,Castanho
Comestivel,Nenhum,Castanho,Castanho,Madeira/Árvores,Preto
Comestivel,Nenhum,Cinzento,Branco,Madeira/Árvores,Preto
Comestivel,Nenhum,Castanho,Branco,Madeira/Árvores,Preto
Comestivel,Nenhum,Vermelho,Rosa,Madeira/Árvores,Castanho
Comestivel,Nenhum,Castanho,Castanho,Madeira/Árvores,Preto
Comestivel,Nenhum,Castanho,Roxo,Madeira/Árvores,Castanho
Comestivel,Nenhum,Castanho,Rosa,Madeira/Árvores,Castanho
Venenoso,Pungente,Branco,Branco,Urbano,Castanho
Comestivel,Nenhum,Cinzento,Branco,Madeira/Árvores,Preto
Comestivel,Nenhum,Branco,Preto,Gramados,Preto
Comestivel,Nenhum,Cinzento,Rosa,Gramados,Castanho
Comestivel,Nenhum,Cinzento,Rosa,Madeira/Árvores,Preto
Comestivel,Nenhum,Castanho,Castanho,Madeira/Árvores,Preto
Comestivel,Nenhum,Vermelho,Castanho,Madeira/Árvores,Preto
Comestivel,Nenhum,Cinzento,Castanho,Madeira/Árvores,Preto
Comestivel,Nenhum,Castanho,Roxo,Madeira/Árvores,Preto
Comestivel,Nenhum,Castanho,Branco,Madeira/Árvores,Castanho
Venenoso,Fétido,Cinzento,Chocolate-Claro,Madeira/Árvores,Chocolate-Claro
Comestivel,Nenhum,Vermelho,Branco,Madeira/Árvores,Preto
Comestivel,Nenhum,Castanho,Chocolate-Claro,Gramados,Preto
Venenoso,Pungente,Branco,Castanho,Gramados,Castanho
Comestivel,Nenhum,Cinzento,Rosa,Madeira/Árvores,Castanho
Comestivel,Nenhum,Castanho,Castanho,Madeira/Árvores,Castanho
Comestivel,Nenhum,Castanho,Rosa,Madeira/Árvores,Preto
Comestivel,Nenhum,Cinzento,Roxo,Madeira/Árvores,Preto
Comestivel,Nenhum,Cinzento,Branco,Madeira/Árvores,Preto
Comestivel,Nenhum,Castanho,Roxo,Madeira/Árvores,Castanho
Comestivel,Nenhum,Castanho,Roxo,Madeira/Árvores,Preto
Comestivel,Nenhum,Cinzento,Roxo,Madeira/Árvores,Preto
Comestivel,Nenhum,Cinzento,Castanho,Madeira/Árvores,Castanho
Comestivel,Nenhum,Vermelho,Roxo,Madeira/Árvores,Castanho
Comestivel,Nenhum,Vermelho,Castanho,Madeira/Árvores,Preto
Venenoso,Pungente,Branco,Castanho,Gramados,Preto
Comestivel,Nenhum,Cinzento,Castanho,Madeira/Árvores,Preto
Comestivel,Nenhum,Cinzento,Rosa,Madeira/Árvores,Preto
Comestivel,Nenhum,Vermelho,Branco,Madeira/Árvores,Preto
Comestivel,Nenhum,Cinzento,Rosa,Madeira/Árvores,Preto
Comestivel,Nenhum,Castanho,Branco,Madeira/Árvores,Castanho
Comestivel,Nenhum,Vermelho,Branco,Madeira/Árvores,Castanho
Comestivel,Nenhum,Vermelho,Branco,Madeira/Árvores,Castanho
Comestivel,Nenhum,Vermelho,Branco,Madeira/Árvores,Preto
Comestivel,Nenhum,Cinzento,Castanho,Madeira/Árvores,Castanho
Comestivel,Nenhum,Cinzento,Rosa,Madeira/Árvores,Preto
Comestivel,Nenhum,Castanho,Rosa,Madeira/Árvores,Castanho
Comestivel,Nenhum,Castanho,Rosa,Madeira/Árvores,Castanho
Comestivel,Nenhum,Cinzento,Castanho,Madeira/Árvores,Preto
Comestivel,Nenhum,Cinzento,Roxo,Madeira/Árvores,Castanho
Comestivel,Nenhum,Castanho,Rosa,Madeira/Árvores,Preto
Comestivel,Nenhum,Castanho,Branco,Madeira/Árvores,Castanho
Comestivel,Nenhum,Castanho,Roxo,Madeira/Árvores,Preto
Comestivel,Nenhum,Castanho,Rosa,Madeira/Árvores,Preto
Comestivel,Nenhum,Castanho,Rosa,Madeira/Árvores,Preto
Comestivel,Nenhum,Castanho,Roxo,Madeira/Árvores,Castanho
Comestivel,Nenhum,Castanho,Rosa,Madeira/Árvores,Castanho
Comestivel,Nenhum,Castanho,Rosa,Madeira/Árvores,Preto
Comestivel,Nenhum,Cinzento,Castanho,Madeira/Árvores,Castanho
Comestivel,Nenhum,Vermelho,Roxo,Madeira/Árvores,Castanho
Comestivel,Nenhum,Castanho,Rosa,Madeira/Árvores,Castanho
Venenoso,Creosoto,Rosa,Cinzento,Madeira/Árvores,Preto
Comestivel,Nenhum,Vermelho,Roxo,Madeira/Árvores,Castanho
Comestivel,Nenhum,Castanho,Branco,Madeira/Árvores,Preto
Comestivel,Nenhum,Castanho,Branco,Madeira/Árvores,Preto
Comestivel,Nenhum,Vermelho,Roxo,Madeira/Árvores,Castanho
Comestivel,Nenhum,Vermelho,Castanho,Madeira/Árvores,Preto
Comestivel,Nenhum,Cinzento,Branco,Madeira/Árvores,Castanho
Comestivel,Nenhum,Cinzento,Castanho,Madeira/Árvores,Castanho
Comestivel,Nenhum,Cinzento,Rosa,Madeira/Árvores,Preto
Comestivel,Nenhum,Cinzento,Roxo,Madeira/Árvores,Castanho
Comestivel,Nenhum,Cinzento,Rosa,Madeira/Árvores,Castanho
Comestivel,Nenhum,Vermelho,Roxo,Madeira/Árvores,Castanho
Comestivel,Nenhum,Castanho,Rosa,Madeira/Árvores,Preto
Comestivel,Nenhum,Vermelho,Roxo,Madeira/Árvores,Preto
Comestivel,Nenhum,Cinzento,Roxo,Madeira/Árvores,Castanho
Comestivel,Nenhum,Cinzento,Branco,Madeira/Árvores,Preto
Comestivel,Nenhum,Cinzento,Castanho,Madeira/Árvores,Preto
Venenoso,Fétido,Cinzento,Chocolate-Claro,Gramados,Chocolate-Claro
Comestivel,Nenhum,Castanho,Roxo,Madeira/Árvores,Preto
Comestivel,Nenhum,Vermelho,Rosa,Madeira/Árvores,Castanho
Comestivel,Nenhum,Castanho,Branco,Madeira/Árvores,Preto
Comestivel,Nenhum,Castanho,Rosa,Madeira/Árvores,Castanho
Comestivel,Nenhum,Castanho,Rosa,Madeira/Árvores,Preto
Comestivel,Nenhum,Cinzento,Castanho,Madeira/Árvores,Preto
Comestivel,Nenhum,Cinzento,Rosa,Madeira/Árvores,Castanho
Comestivel,Nenhum,Cinzento,Branco,Madeira/Árvores,Castanho
Comestivel,Nenhum,Cinzento,Preto,Gramados,Castanho
Comestivel,Nenhum,Cinzento,Castanho,Madeira/Árvores,Preto
Comestivel,Nenhum,Vermelho,Rosa,Madeira/Árvores,Preto
Comestivel,Nenhum,Castanho,Rosa,Madeira/Árvores,Preto
Comestivel,Nenhum,Vermelho,Castanho,Madeira/Árvores,Castanho
Comestivel,Nenhum,Cinzento,Rosa,Madeira/Árvores,Castanho
Comestivel,Nenhum,Castanho,Rosa,Madeira/Árvores,Preto
Comestivel,Nenhum,Vermelho,Branco,Madeira/Árvores,Castanho
Comestivel,Nenhum,Castanho,Branco,Madeira/Árvores,Preto
Comestivel,Nenhum,Cinzento,Rosa,Madeira/Árvores,Preto
Comestivel,Nenhum,Cinzento,Castanho,Madeira/Árvores,Preto
Comestivel,Nenhum,Cinzento,Roxo,Madeira/Árvores,Preto
Comestivel,Nenhum,Castanho,Roxo,Madeira/Árvores,Castanho
Comestivel,Nenhum,Cinzento,Rosa,Madeira/Árvores,Preto
Comestivel,Nenhum,Castanho,Rosa,Madeira/Árvores,Castanho
Comestivel,Nenhum,Vermelho,Rosa,Madeira/Árvores,Preto
Comestivel,Nenhum,Castanho,Roxo,Madeira/Árvores,Preto
Comestivel,Nenhum,Cinzento,Branco,Madeira/Árvores,Preto
Comestivel,Nenhum,Cinzento,Rosa,Madeira/Árvores,Preto
Comestivel,Nenhum,Cinzento,Rosa,Madeira/Árvores,Castanho
Comestivel,Nenhum,Castanho,Branco,Madeira/Árvores,Preto
Comestivel,Nenhum,Cinzento,Branco,Madeira/Árvores,Castanho
Comestivel,Nenhum,Cinzento,Rosa,Madeira/Árvores,Castanho
Comestivel,Nenhum,Vermelho,Castanho,Madeira/Árvores,Castanho
Comestivel,Nenhum,Castanho,Branco,Madeira/Árvores,Preto
Comestivel,Nenhum,Cinzento,Roxo,Madeira/Árvores,Preto
Venenoso,Pungente,Castanho,Preto,Urbano,Preto
Comestivel,Nenhum,Cinzento,Castanho,Gramados,Castanho
Comestivel,Nenhum,Cinzento,Roxo,Madeira/Árvores,Preto
Comestivel,Nenhum,Vermelho,Castanho,Madeira/Árvores,Preto
Venenoso,Creosoto,Rosa,Roxo,Madeira/Árvores,Castanho
Comestivel,Nenhum,Castanho,Branco,Madeira/Árvores,Preto
Comestivel,Nenhum,Vermelho,Rosa,Madeira/Árvores,Preto
Comestivel,Nenhum,Castanho,Rosa,Madeira/Árvores,Castanho
Comestivel,Nenhum,Vermelho,Roxo,Madeira/Árvores,Preto
Comestivel,Nenhum,Branco,Preto,Gramados,Castanho
Comestivel,Nenhum,Cinzento,Rosa,Madeira/Árvores,Castanho
Comestivel,Nenhum,Cinzento,Castanho,Madeira/Árvores,Castanho
Comestivel,Nenhum,Cinzento,Castanho,Madeira/Árvores,Castanho
Comestivel,Nenhum,Vermelho,Castanho,Madeira/Árvores,Castanho
Comestivel,Nenhum,Cinzento,Castanho,Madeira/Árvores,Preto
Comestivel,Nenhum,Cinzento,Branco,Madeira/Árvores,Castanho
Comestivel,Nenhum,Vermelho,Rosa,Madeira/Árvores,Preto
Venenoso,Pungente,Branco,Rosa,Urbano,Castanho
Comestivel,Nenhum,Castanho,Roxo,Madeira/Árvores,Castanho
Comestivel,Nenhum,Vermelho,Branco,Madeira/Árvores,Preto
Comestivel,Nenhum,Vermelho,Castanho,Madeira/Árvores,Castanho
Comestivel,Nenhum,Cinzento,Rosa,Madeira/Árvores,Preto
Comestivel,Nenhum,Branco,Chocolate-Claro,Gramados,Preto
Comestivel,Nenhum,Castanho,Preto,Gramados,Castanho
Comestivel,Nenhum,Castanho,Branco,Madeira/Árvores,Preto
Comestivel,Nenhum,Castanho,Castanho,Madeira/Árvores,Castanho
Comestivel,Nenhum,Vermelho,Rosa,Madeira/Árvores,Castanho
Comestivel,Nenhum,Vermelho,Roxo,Madeira/Árvores,Castanho
Comestivel,Nenhum,Vermelho,Rosa,Madeira/Árvores,Castanho
Comestivel,Nenhum,Castanho,Branco,Madeira/Árvores,Preto
Comestivel,Nenhum,Cinzento,Branco,Madeira/Árvores,Preto
Comestivel,Nenhum,Castanho,Branco,Madeira/Árvores,Preto
Comestivel,Nenhum,Vermelho,Castanho,Madeira/Árvores,Castanho
Comestivel,Nenhum,Vermelho,Branco,Madeira/Árvores,Castanho
Venenoso,Creosoto,Branco,Rosa,Madeira/Árvores,Castanho
Comestivel,Nenhum,Castanho,Roxo,Madeira/Árvores,Preto
Comestivel,Nenhum,Cinzento,Rosa,Madeira/Árvores,Castanho
Comestivel,Nenhum,Castanho,Roxo,Madeira/Árvores,Preto
Comestivel,Nenhum,Castanho,Rosa,Madeira/Árvores,Preto
Comestivel,Nenhum,Vermelho,Branco,Madeira/Árvores,Preto
Comestivel,Nenhum,Branco,Castanho,Gramados,Castanho
Comestivel,Nenhum,Cinzento,Roxo,Madeira/Árvores,Castanho
Comestivel,Nenhum,Vermelho,Rosa,Madeira/Árvores,Preto
Comestivel,Nenhum,Castanho,Castanho,Madeira/Árvores,Castanho
Comestivel,Nenhum,Castanho,Rosa,Madeira/Árvores,Preto
Comestivel,Nenhum,Castanho,Castanho,Madeira/Árvores,Preto
Comestivel,Nenhum,Cinzento,Castanho,Madeira/Árvores,Castanho
Comestivel,Nenhum,Castanho,Castanho,Madeira/Árvores,Preto
Comestivel,Nenhum,Cinzento,Roxo,Madeira/Árvores,Castanho
Comestivel,Nenhum,Castanho,Branco,Madeira/Árvores,Preto
Comestivel,Nenhum,Castanho,Rosa,Madeira/Árvores,Preto
Comestivel,Nenhum,Castanho,Rosa,Madeira/Árvores,Castanho
Comestivel,Nenhum,Cinzento,Castanho,Madeira/Árvores,Castanho
Comestivel,Nenhum,Vermelho,Branco,Madeira/Árvores,Preto
Comestivel,Nenhum,Castanho,Castanho,Madeira/Árvores,Preto
Venenoso,Fétido,Cinzento,Cinzento,Caminhos,Chocolate-Claro
Comestivel,Nenhum,Cinzento,Roxo,Madeira/Árvores,Preto
Comestivel,Nenhum,Vermelho,Roxo,Madeira/Árvores,Preto
Venenoso,Fétido,Cinzento,Chocolate-Claro,Madeira/Árvores,Chocolate-Claro
Comestivel,Nenhum,Vermelho,Castanho,Madeira/Árvores,Preto
Comestivel,Nenhum,Vermelho,Castanho,Madeira/Árvores,Preto
Venenoso,Fétido,Cinzento,Chocolate-Claro,Madeira/Árvores,Chocolate-Claro
Venenoso,Creosoto,Rosa,Castanho,Madeira/Árvores,Castanho
Comestivel,Nenhum,Cinzento,Roxo,Madeira/Árvores,Preto
Comestivel,Nenhum,Cinzento,Rosa,Madeira/Árvores,Castanho
Comestivel,Nenhum,Cinzento,Roxo,Madeira/Árvores,Castanho
Comestivel,Nenhum,Cinzento,Branco,Madeira/Árvores,Preto
Comestivel,Nenhum,Cinzento,Castanho,Madeira/Árvores,Castanho
Comestivel,Nenhum,Cinzento,Castanho,Madeira/Árvores,Castanho
Comestivel,Nenhum,Cinzento,Branco,Madeira/Árvores,Castanho
Comestivel,Nenhum,Vermelho,Rosa,Madeira/Árvores,Preto
Comestivel,Nenhum,Castanho,Branco,Madeira/Árvores,Preto
Comestivel,Nenhum,Castanho,Roxo,Madeira/Árvores,Preto
Comestivel,Nenhum,Castanho,Rosa,Madeira/Árvores,Preto
Comestivel,Nenhum,Castanho,Roxo,Madeira/Árvores,Castanho
Comestivel,Nenhum,Cinzento,Castanho,Madeira/Árvores,Preto
Comestivel,Nenhum,Cinzento,Rosa,Madeira/Árvores,Preto
Comestivel,Nenhum,Castanho,Roxo,Madeira/Árvores,Castanho
Comestivel,Nenhum,Vermelho,Branco,Madeira/Árvores,Castanho
Comestivel,Nenhum,Castanho,Roxo,Madeira/Árvores,Castanho
Comestivel,Nenhum,Cinzento,Castanho,Madeira/Árvores,Castanho
Comestivel,Nenhum,Castanho,Roxo,Madeira/Árvores,Preto
Venenoso,Creosoto,Branco,Cinzento,Madeira/Árvores,Preto
Comestivel,Nenhum,Castanho,Roxo,Madeira/Árvores,Preto
Comestivel,Nenhum,Vermelho,Branco,Madeira/Árvores,Castanho
Comestivel,Nenhum,Castanho,Castanho,Madeira/Árvores,Castanho
Comestivel,Nenhum,Cinzento,Castanho,Madeira/Árvores,Preto
Comestivel,Nenhum,Vermelho,Branco,Madeira/Árvores,Preto
Venenoso,Fétido,Cinzento,Rosa,Madeira/Árvores,Chocolate-Claro
Comestivel,Nenhum,Vermelho,Castanho,Madeira/Árvores,Preto
Comestivel,Nenhum,Cinzento,Rosa,Madeira/Árvores,Castanho
Comestivel,Nenhum,Vermelho,Branco,Madeira/Árvores,Preto
Comestivel,Nenhum,Vermelho,Rosa,Madeira/Árvores,Castanho
Venenoso,Fétido,Cinzento,Rosa,Gramados,Chocolate-Claro
Comestivel,Nenhum,Castanho,Branco,Madeira/Árvores,Castanho
Comestivel,Nenhum,Castanho,Rosa,Madeira/Árvores,Preto
Comestivel,Nenhum,Castanho,Rosa,Madeira/Árvores,Preto
Comestivel,Nenhum,Castanho,Castanho,Madeira/Árvores,Preto
Comestivel,Nenhum,Cinzento,Roxo,Madeira/Árvores,Castanho
Comestivel,Nenhum,Castanho,Castanho,Madeira/Árvores,Preto
Comestivel,Nenhum,Cinzento,Rosa,Madeira/Árvores,Preto
Comestivel,Nenhum,Vermelho,Castanho,Madeira/Árvores,Preto
Comestivel,Nenhum,Vermelho,Castanho,Madeira/Árvores,Preto
Comestivel,Nenhum,Cinzento,Rosa,Madeira/Árvores,Castanho
Comestivel,Nenhum,Vermelho,Castanho,Madeira/Árvores,Castanho
Comestivel,Nenhum,Castanho,Castanho,Madeira/Árvores,Preto
Comestivel,Nenhum,Castanho,Branco,Madeira/Árvores,Castanho
Comestivel,Nenhum,Cinzento,Rosa,Madeira/Árvores,Castanho
Comestivel,Nenhum,Cinzento,Branco,Madeira/Árvores,Castanho
Comestivel,Nenhum,Vermelho,Roxo,Madeira/Árvores,Preto
Comestivel,Nenhum,Castanho,Branco,Madeira/Árvores,Castanho
Comestivel,Nenhum,Castanho,Rosa,Madeira/Árvores,Castanho
Comestivel,Nenhum,Vermelho,Rosa,Madeira/Árvores,Preto
Comestivel,Nenhum,Castanho,Castanho,Madeira/Árvores,Castanho
Comestivel,Nenhum,Castanho,Rosa,Madeira/Árvores,Preto
Comestivel,Nenhum,Castanho,Branco,Madeira/Árvores,Castanho
Venenoso,Fétido,Cinzento,Cinzento,Caminhos,Chocolate-Claro
Comestivel,Nenhum,Cinzento,Castanho,Madeira/Árvores,Preto
Comestivel,Nenhum,Castanho,Branco,Madeira/Árvores,Castanho
Comestivel,Nenhum,Cinzento,Castanho,Madeira/Árvores,Castanho
Comestivel,Nenhum,Cinzento,Castanho,Madeira/Árvores,Castanho
Comestivel,Nenhum,Cinzento,Branco,Madeira/Árvores,Preto
Comestivel,Nenhum,Castanho,Roxo,Madeira/Árvores,Preto
Comestivel,Nenhum,Cinzento,Castanho,Madeira/Árvores,Preto
Comestivel,Nenhum,Castanho,Castanho,Madeira/Árvores,Preto
Comestivel,Nenhum,Vermelho,Branco,Madeira/Árvores,Preto
Comestivel,Nenhum,Castanho,Castanho,Madeira/Árvores,Castanho
Venenoso,Fétido,Cinzento,Cinzento,Caminhos,Chocolate-Claro
Comestivel,Nenhum,Vermelho,Rosa,Madeira/Árvores,Castanho
Comestivel,Nenhum,Castanho,Castanho,Madeira/Árvores,Castanho
Comestivel,Nenhum,Vermelho,Castanho,Madeira/Árvores,Preto
Comestivel,Nenhum,Vermelho,Castanho,Madeira/Árvores,Castanho
Comestivel,Nenhum,Vermelho,Rosa,Madeira/Árvores,Preto
Comestivel,Nenhum,Cinzento,Branco,Madeira/Árvores,Castanho
Comestivel,Nenhum,Castanho,Roxo,Madeira/Árvores,Castanho
Comestivel,Nenhum,Cinzento,Castanho,Madeira/Árvores,Castanho
Comestivel,Nenhum,Cinzento,Rosa,Madeira/Árvores,Preto
Comestivel,Nenhum,Castanho,Branco,Madeira/Árvores,Preto
Comestivel,Nenhum,Cinzento,Rosa,Madeira/Árvores,Castanho
Comestivel,Nenhum,Cinzento,Roxo,Madeira/Árvores,Castanho
Comestivel,Nenhum,Castanho,Branco,Madeira/Árvores,Castanho
Comestivel,Nenhum,Vermelho,Rosa,Madeira/Árvores,Preto
Comestivel,Nenhum,Castanho,Roxo,Madeira/Árvores,Castanho
Comestivel,Nenhum,Vermelho,Castanho,Madeira/Árvores,Castanho
Comestivel,Nenhum,Castanho,Castanho,Madeira/Árvores,Castanho
Comestivel,Nenhum,Castanho,Roxo,Madeira/Árvores,Preto
Comestivel,Nenhum,Vermelho,Rosa,Madeira/Árvores,Castanho
Comestivel,Nenhum,Cinzento,Branco,Madeira/Árvores,Castanho
Comestivel,Nenhum,Castanho,Rosa,Madeira/Árvores,Castanho
Venenoso,Creosoto,Cinzento,Cinzento,Madeira/Árvores,Castanho
Comestivel,Nenhum,Cinzento,Castanho,Madeira/Árvores,Castanho
Comestivel,Nenhum,Castanho,Branco,Madeira/Árvores,Castanho
Comestivel,Nenhum,Castanho,Rosa,Gramados,Preto
Comestivel,Nenhum,Castanho,Branco,Madeira/Árvores,Castanho
Comestivel,Nenhum,Cinzento,Castanho,Madeira/Árvores,Castanho
Comestivel,Nenhum,Cinzento,Branco,Madeira/Árvores,Castanho
Comestivel,Nenhum,Cinzento,Branco,Madeira/Árvores,Castanho
Comestivel,Nenhum,Vermelho,Rosa,Madeira/Árvores,Castanho
Comestivel,Nenhum,Cinzento,Castanho,Madeira/Árvores,Castanho
Comestivel,Nenhum,Cinzento,Castanho,Madeira/Árvores,Castanho
Comestivel,Nenhum,Cinzento,Castanho,Madeira/Árvores,Castanho
Comestivel,Nenhum,Castanho,Rosa,Madeira/Árvores,Preto
Comestivel,Nenhum,Castanho,Roxo,Madeira/Árvores,Preto
Comestivel,Nenhum,Vermelho,Rosa,Madeira/Árvores,Castanho
Comestivel,Nenhum,Vermelho,Branco,Madeira/Árvores,Preto
Comestivel,Nenhum,Castanho,Roxo,Madeira/Árvores,Preto
Comestivel,Nenhum,Castanho,Branco,Madeira/Árvores,Castanho
Comestivel,Nenhum,Cinzento,Roxo,Madeira/Árvores,Castanho
Comestivel,Nenhum,Cinzento,Rosa,Madeira/Árvores,Preto
Comestivel,Nenhum,Branco,Chocolate-Claro,Gramados,Preto
Comestivel,Nenhum,Castanho,Rosa,Madeira/Árvores,Castanho
Comestivel,Nenhum,Cinzento,Roxo,Madeira/Árvores,Preto
Comestivel,Nenhum,Vermelho,Castanho,Madeira/Árvores,Castanho
Comestivel,Nenhum,Vermelho,Branco,Madeira/Árvores,Preto
Comestivel,Nenhum,Castanho,Roxo,Madeira/Árvores,Castanho
Comestivel,Nenhum,Castanho,Branco,Madeira/Árvores,Preto
Comestivel,Nenhum,Cinzento,Rosa,Madeira/Árvores,Preto
Comestivel,Nenhum,Castanho,Branco,Madeira/Árvores,Preto
Comestivel,Nenhum,Vermelho,Roxo,Madeira/Árvores,Preto
Comestivel,Nenhum,Vermelho,Rosa,Madeira/Árvores,Preto
Comestivel,Nenhum,Vermelho,Branco,Madeira/Árvores,Preto
Comestivel,Nenhum,Vermelho,Branco,Madeira/Árvores,Castanho
Comestivel,Nenhum,Vermelho,Rosa,Madeira/Árvores,Castanho
Comestivel,Nenhum,Vermelho,Rosa,Madeira/Árvores,Castanho
Comestivel,Nenhum,Castanho,Rosa,Madeira/Árvores,Castanho
Comestivel,Nenhum,Cinzento,Castanho,Madeira/Árvores,Preto
Comestivel,Nenhum,Cinzento,Rosa,Madeira/Árvores,Preto
Comestivel,Nenhum,Cinzento,Roxo,Madeira/Árvores,Preto
Comestivel,Nenhum,Castanho,Castanho,Madeira/Árvores,Castanho
Comestivel,Nenhum,Vermelho,Castanho,Madeira/Árvores,Preto
Comestivel,Nenhum,Vermelho,Branco,Madeira/Árvores,Castanho
Comestivel,Nenhum,Cinzento,Roxo,Madeira/Árvores,Castanho
Comestivel,Nenhum,Vermelho,Branco,Madeira/Árvores,Castanho
Comestivel,Nenhum,Castanho,Castanho,Madeira/Árvores,Castanho
Comestivel,Nenhum,Vermelho,Rosa,Madeira/Árvores,Castanho
Comestivel,Nenhum,Castanho,Branco,Madeira/Árvores,Castanho
Comestivel,Nenhum,Castanho,Branco,Madeira/Árvores,Preto
Comestivel,Nenhum,Castanho,Roxo,Madeira/Árvores,Preto
Comestivel,Nenhum,Cinzento,Castanho,Madeira/Árvores,Preto
Comestivel,Nenhum,Vermelho,Roxo,Madeira/Árvores,Castanho
Comestivel,Nenhum,Vermelho,Roxo,Madeira/Árvores,Castanho
Comestivel,Nenhum,Cinzento,Castanho,Madeira/Árvores,Preto
Comestivel,Nenhum,Castanho,Rosa,Madeira/Árvores,Castanho
Comestivel,Nenhum,Castanho,Castanho,Madeira/Árvores,Castanho
Comestivel,Nenhum,Castanho,Roxo,Madeira/Árvores,Preto
Venenoso,Creosoto,Rosa,Rosa,Madeira/Árvores,Castanho
Comestivel,Nenhum,Vermelho,Rosa,Madeira/Árvores,Preto
Comestivel,Nenhum,Castanho,Branco,Madeira/Árvores,Castanho
Comestivel,Nenhum,Vermelho,Branco,Madeira/Árvores,Castanho
Comestivel,Nenhum,Castanho,Castanho,Madeira/Árvores,Castanho
Comestivel,Nenhum,Castanho,Branco,Madeira/Árvores,Preto
Comestivel,Nenhum,Cinzento,Branco,Madeira/Árvores,Preto
Comestivel,Nenhum,Castanho,Castanho,Gramados,Castanho
Comestivel,Nenhum,Cinzento,Branco,Madeira/Árvores,Preto
Comestivel,Nenhum,Castanho,Branco,Madeira/Árvores,Castanho
Comestivel,Nenhum,Castanho,Rosa,Madeira/Árvores,Preto
Comestivel,Nenhum,Cinzento,Rosa,Madeira/Árvores,Castanho
Comestivel,Nenhum,Vermelho,Castanho,Madeira/Árvores,Castanho
Comestivel,Nenhum,Castanho,Rosa,Madeira/Árvores,Preto
Venenoso,Fétido,Cinzento,Chocolate-Claro,Gramados,Chocolate-Claro
Comestivel,Nenhum,Vermelho,Branco,Madeira/Árvores,Castanho
Comestivel,Nenhum,Cinzento,Roxo,Madeira/Árvores,Preto
Comestivel,Nenhum,Vermelho,Castanho,Madeira/Árvores,Castanho
Comestivel,Nenhum,Vermelho,Castanho,Madeira/Árvores,Preto
Comestivel,Nenhum,Vermelho,Castanho,Madeira/Árvores,Preto
Comestivel,Nenhum,Castanho,Branco,Madeira/Árvores,Castanho
Comestivel,Nenhum,Castanho,Roxo,Madeira/Árvores,Preto
Comestivel,Nenhum,Castanho,Branco,Madeira/Árvores,Preto
Comestivel,Nenhum,Vermelho,Roxo,Madeira/Árvores,Castanho
Comestivel,Nenhum,Vermelho,Branco,Madeira/Árvores,Preto
Comestivel,Nenhum,Castanho,Castanho,Madeira/Árvores,Preto
Comestivel,Nenhum,Cinzento,Roxo,Madeira/Árvores,Preto
Comestivel,Nenhum,Castanho,Roxo,Madeira/Árvores,Preto
Comestivel,Nenhum,Vermelho,Rosa,Madeira/Árvores,Castanho
Comestivel,Nenhum,Vermelho,Roxo,Madeira/Árvores,Castanho
Comestivel,Nenhum,Vermelho,Roxo,Madeira/Árvores,Preto
Comestivel,Nenhum,Vermelho,Rosa,Madeira/Árvores,Castanho
Comestivel,Nenhum,Castanho,Rosa,Madeira/Árvores,Preto
Comestivel,Nenhum,Vermelho,Rosa,Madeira/Árvores,Castanho
Comestivel,Nenhum,Vermelho,Branco,Madeira/Árvores,Castanho
Comestivel,Nenhum,Castanho,Branco,Madeira/Árvores,Preto
Comestivel,Nenhum,Vermelho,Roxo,Madeira/Árvores,Preto
Comestivel,Nenhum,Castanho,Roxo,Madeira/Árvores,Castanho
Comestivel,Nenhum,Vermelho,Castanho,Madeira/Árvores,Castanho
Comestivel,Nenhum,Cinzento,Rosa,Madeira/Árvores,Castanho
Comestivel,Nenhum,Castanho,Rosa,Madeira/Árvores,Castanho
Comestivel,Nenhum,Vermelho,Castanho,Madeira/Árvores,Preto
Comestivel,Nenhum,Castanho,Roxo,Madeira/Árvores,Preto
Comestivel,Nenhum,Vermelho,Rosa,Madeira/Árvores,Castanho
Comestivel,Nenhum,Cinzento,Roxo,Madeira/Árvores,Castanho
Comestivel,Nenhum,Cinzento,Rosa,Madeira/Árvores,Preto
Comestivel,Nenhum,Castanho,Roxo,Madeira/Árvores,Castanho
Comestivel,Nenhum,Cinzento,Chocolate-Claro,Gramados,Preto
Comestivel,Nenhum,Castanho,Castanho,Madeira/Árvores,Castanho
Comestivel,Nenhum,Cinzento,Branco,Madeira/Árvores,Castanho
Comestivel,Nenhum,Cinzento,Castanho,Madeira/Árvores,Preto
Comestivel,Nenhum,Castanho,Roxo,Madeira/Árvores,Preto
Comestivel,Nenhum,Vermelho,Roxo,Madeira/Árvores,Castanho
Comestivel,Nenhum,Vermelho,Castanho,Madeira/Árvores,Preto
Comestivel,Nenhum,Castanho,Branco,Madeira/Árvores,Preto
Comestivel,Nenhum,Vermelho,Branco,Madeira/Árvores,Preto
Comestivel,Nenhum,Vermelho,Roxo,Madeira/Árvores,Preto
Comestivel,Nenhum,Castanho,Roxo,Madeira/Árvores,Castanho
Comestivel,Nenhum,Cinzento,Rosa,Madeira/Árvores,Castanho
Comestivel,Nenhum,Vermelho,Roxo,Madeira/Árvores,Preto
Comestivel,Nenhum,Castanho,Rosa,Madeira/Árvores,Preto
Comestivel,Nenhum,Castanho,Branco,Madeira/Árvores,Castanho
Comestivel,Nenhum,Vermelho,Branco,Madeira/Árvores,Castanho
Comestivel,Nenhum,Cinzento,Castanho,Madeira/Árvores,Preto
Comestivel,Nenhum,Castanho,Roxo,Madeira/Árvores,Preto
Comestivel,Nenhum,Cinzento,Castanho,Madeira/Árvores,Castanho
Venenoso,Creosoto,Cinzento,Rosa,Madeira/Árvores,Preto
Comestivel,Nenhum,Castanho,Castanho,Madeira/Árvores,Castanho
Comestivel,Nenhum,Cinzento,Rosa,Madeira/Árvores,Castanho
Comestivel,Nenhum,Castanho,Castanho,Madeira/Árvores,Preto
Comestivel,Nenhum,Cinzento,Branco,Madeira/Árvores,Preto
Comestivel,Nenhum,Castanho,Branco,Madeira/Árvores,Castanho
Comestivel,Nenhum,Castanho,Rosa,Madeira/Árvores,Castanho
Comestivel,Nenhum,Castanho,Branco,Madeira/Árvores,Preto
Comestivel,Nenhum,Castanho,Castanho,Madeira/Árvores,Castanho
Comestivel,Nenhum,Castanho,Rosa,Madeira/Árvores,Preto
Comestivel,Nenhum,Castanho,Branco,Madeira/Árvores,Castanho
Comestivel,Nenhum,Cinzento,Roxo,Madeira/Árvores,Preto
Comestivel,Nenhum,Cinzento,Roxo,Madeira/Árvores,Preto
Comestivel,Nenhum,Cinzento,Branco,Madeira/Árvores,Preto
Comestivel,Nenhum,Cinzento,Roxo,Madeira/Árvores,Castanho
Comestivel,Nenhum,Castanho,Roxo,Madeira/Árvores,Castanho
Comestivel,Nenhum,Cinzento,Castanho,Madeira/Árvores,Castanho
Venenoso,Fétido,Cinzento,Cinzento,Madeira/Árvores,Chocolate-Claro
Comestivel,Nenhum,Castanho,Branco,Madeira/Árvores,Castanho
Comestivel,Nenhum,Cinzento,Branco,Madeira/Árvores,Preto
Comestivel,Nenhum,Cinzento,Roxo,Madeira/Árvores,Castanho
Venenoso,Fétido,Cinzento,Cinzento,Madeira/Árvores,Chocolate-Claro
Comestivel,Nenhum,Castanho,Roxo,Madeira/Árvores,Castanho
Comestivel,Nenhum,Vermelho,Castanho,Madeira/Árvores,Castanho
Comestivel,Nenhum,Castanho,Roxo,Madeira/Árvores,Preto
Comestivel,Nenhum,Vermelho,Rosa,Madeira/Árvores,Preto
Comestivel,Nenhum,Vermelho,Rosa,Madeira/Árvores,Castanho
Comestivel,Nenhum,Castanho,Rosa,Madeira/Árvores,Castanho
Comestivel,Nenhum,Castanho,Castanho,Madeira/Árvores,Preto
Comestivel,Nenhum,Vermelho,Castanho,Madeira/Árvores,Castanho
Comestivel,Nenhum,Cinzento,Branco,Madeira/Árvores,Preto
Comestivel,Nenhum,Castanho,Roxo,Madeira/Árvores,Preto
Comestivel,Nenhum,Vermelho,Rosa,Madeira/Árvores,Castanho
Comestivel,Nenhum,Cinzento,Roxo,Madeira/Árvores,Preto
Comestivel,Nenhum,Cinzento,Rosa,Madeira/Árvores,Preto
Comestivel,Nenhum,Cinzento,Rosa,Madeira/Árvores,Preto
Comestivel,Nenhum,Castanho,Castanho,Madeira/Árvores,Preto
Comestivel,Nenhum,Castanho,Branco,Madeira/Árvores,Castanho
Comestivel,Nenhum,Vermelho,Branco,Madeira/Árvores,Castanho
Comestivel,Nenhum,Cinzento,Rosa,Gramados,Preto
Comestivel,Nenhum,Vermelho,Rosa,Madeira/Árvores,Preto
Comestivel,Nenhum,Cinzento,Rosa,Madeira/Árvores,Castanho
Comestivel,Nenhum,Vermelho,Branco,Madeira/Árvores,Preto
Comestivel,Nenhum,Cinzento,Roxo,Madeira/Árvores,Castanho
Comestivel,Nenhum,Castanho,Branco,Madeira/Árvores,Preto
Comestivel,Nenhum,Vermelho,Branco,Madeira/Árvores,Castanho
Comestivel,Nenhum,Vermelho,Castanho,Madeira/Árvores,Castanho
Comestivel,Nenhum,Cinzento,Branco,Madeira/Árvores,Preto
Venenoso,Creosoto,Branco,Cinzento,Madeira/Árvores,Castanho
Comestivel,Nenhum,Vermelho,Rosa,Madeira/Árvores,Castanho
Comestivel,Nenhum,Vermelho,Castanho,Madeira/Árvores,Preto
Comestivel,Nenhum,Castanho,Branco,Madeira/Árvores,Castanho
Comestivel,Nenhum,Branco,Chocolate-Claro,Gramados,Castanho
Comestivel,Nenhum,Cinzento,Castanho,Madeira/Árvores,Castanho
Comestivel,Nenhum,Cinzento,Castanho,Madeira/Árvores,Castanho
Comestivel,Nenhum,Cinzento,Branco,Madeira/Árvores,Castanho
Comestivel,Nenhum,Vermelho,Branco,Madeira/Árvores,Preto
Comestivel,Nenhum,Vermelho,Castanho,Madeira/Árvores,Preto
Comestivel,Nenhum,Castanho,Castanho,Madeira/Árvores,Preto
Comestivel,Nenhum,Vermelho,Castanho,Madeira/Árvores,Castanho
Comestivel,Nenhum,Vermelho,Castanho,Madeira/Árvores,Castanho
Comestivel,Nenhum,Vermelho,Castanho,Madeira/Árvores,Preto
Comestivel,Nenhum,Castanho,Branco,Madeira/Árvores,Castanho
Comestivel,Nenhum,Cinzento,Rosa,Madeira/Árvores,Castanho
Comestivel,Nenhum,Cinzento,Rosa,Madeira/Árvores,Castanho
Comestivel,Nenhum,Cinzento,Castanho,Madeira/Árvores,Castanho
Comestivel,Nenhum,Vermelho,Branco,Madeira/Árvores,Castanho
Comestivel,Nenhum,Castanho,Branco,Madeira/Árvores,Preto
Comestivel,Nenhum,Castanho,Castanho,Gramados,Preto
Comestivel,Nenhum,Vermelho,Branco,Madeira/Árvores,Castanho
Comestivel,Nenhum,Cinzento,Castanho,Madeira/Árvores,Castanho
Comestivel,Nenhum,Castanho,Roxo,Madeira/Árvores,Preto
Comestivel,Nenhum,Cinzento,Rosa,Madeira/Árvores,Castanho
Comestivel,Nenhum,Vermelho,Castanho,Madeira/Árvores,Castanho
Comestivel,Nenhum,Castanho,Roxo,Madeira/Árvores,Preto
Comestivel,Nenhum,Cinzento,Roxo,Madeira/Árvores,Preto
Comestivel,Nenhum,Cinzento,Rosa,Madeira/Árvores,Castanho
Comestivel,Nenhum,Vermelho,Roxo,Madeira/Árvores,Preto
Comestivel,Nenhum,Castanho,Castanho,Madeira/Árvores,Preto
Comestivel,Nenhum,Cinzento,Rosa,Madeira/Árvores,Castanho
Comestivel,Nenhum,Castanho,Rosa,Madeira/Árvores,Castanho
Comestivel,Nenhum,Vermelho,Branco,Madeira/Árvores,Preto
Comestivel,Nenhum,Vermelho,Roxo,Madeira/Árvores,Preto
Comestivel,Nenhum,Castanho,Roxo,Madeira/Árvores,Castanho
Comestivel,Nenhum,Castanho,Castanho,Madeira/Árvores,Preto
Comestivel,Nenhum,Cinzento,Castanho,Madeira/Árvores,Preto
Comestivel,Nenhum,Vermelho,Branco,Madeira/Árvores,Castanho
Comestivel,Nenhum,Castanho,Branco,Madeira/Árvores,Castanho
Comestivel,Nenhum,Castanho,Castanho,Madeira/Árvores,Castanho
Comestivel,Nenhum,Vermelho,Roxo,Madeira/Árvores,Preto
Comestivel,Nenhum,Cinzento,Roxo,Madeira/Árvores,Preto
Comestivel,Nenhum,Cinzento,Roxo,Madeira/Árvores,Preto
Venenoso,Creosoto,Rosa,Roxo,Madeira/Árvores,Preto
Comestivel,Nenhum,Castanho,Rosa,Madeira/Árvores,Castanho
Comestivel,Nenhum,Vermelho,Rosa,Madeira/Árvores,Castanho
Comestivel,Nenhum,Castanho,Rosa,Gramados,Castanho
Comestivel,Nenhum,Cinzento,Rosa,Madeira/Árvores,Preto
Comestivel,Nenhum,Cinzento,Roxo,Madeira/Árvores,Preto
Comestivel,Nenhum,Castanho,Roxo,Madeira/Árvores,Preto
Comestivel,Nenhum,Cinzento,Castanho,Madeira/Árvores,Castanho
Comestivel,Nenhum,Cinzento,Branco,Madeira/Árvores,Castanho
Comestivel,Nenhum,Castanho,Branco,Madeira/Árvores,Preto
Comestivel,Nenhum,Vermelho,Branco,Madeira/Árvores,Castanho
Comestivel,Nenhum,Castanho,Roxo,Madeira/Árvores,Castanho
Comestivel,Nenhum,Cinzento,Castanho,Madeira/Árvores,Castanho
Comestivel,Nenhum,Castanho,Branco,Madeira/Árvores,Castanho
Comestivel,Nenhum,Cinzento,Branco,Madeira/Árvores,Castanho
Comestivel,Nenhum,Vermelho,Roxo,Madeira/Árvores,Castanho
Comestivel,Nenhum,Cinzento,Rosa,Madeira/Árvores,Preto
Comestivel,Nenhum,Cinzento,Rosa,Madeira/Árvores,Preto
Comestivel,Nenhum,Vermelho,Roxo,Madeira/Árvores,Castanho
Venenoso,Creosoto,Rosa,Roxo,Madeira/Árvores,Preto
Comestivel,Nenhum,Castanho,Branco,Madeira/Árvores,Preto
Comestivel,Nenhum,Vermelho,Branco,Madeira/Árvores,Preto
Comestivel,Nenhum,Cinzento,Roxo,Madeira/Árvores,Preto
Comestivel,Nenhum,Cinzento,Castanho,Madeira/Árvores,Preto
Comestivel,Nenhum,Cinzento,Castanho,Madeira/Árvores,Preto
Comestivel,Nenhum,Vermelho,Castanho,Madeira/Árvores,Castanho
Comestivel,Nenhum,Castanho,Roxo,Madeira/Árvores,Castanho
Comestivel,Nenhum,Cinzento,Rosa,Madeira/Árvores,Castanho
Comestivel,Nenhum,Vermelho,Roxo,Madeira/Árvores,Preto
Comestivel,Nenhum,Castanho,Rosa,Madeira/Árvores,Preto
Comestivel,Nenhum,Cinzento,Branco,Madeira/Árvores,Castanho
Comestivel,Nenhum,Castanho,Roxo,Madeira/Árvores,Castanho
Comestivel,Nenhum,Vermelho,Rosa,Madeira/Árvores,Preto
Comestivel,Nenhum,Vermelho,Rosa,Madeira/Árvores,Castanho
Comestivel,Nenhum,Cinzento,Branco,Madeira/Árvores,Castanho
Comestivel,Nenhum,Cinzento,Castanho,Madeira/Árvores,Preto
Comestivel,Nenhum,Vermelho,Branco,Madeira/Árvores,Castanho
Comestivel,Nenhum,Cinzento,Rosa,Madeira/Árvores,Castanho
Comestivel,Nenhum,Vermelho,Rosa,Madeira/Árvores,Castanho
Comestivel,Nenhum,Vermelho,Rosa,Madeira/Árvores,Castanho
Comestivel,Nenhum,Branco,Preto,Gramados,Preto
Comestivel,Nenhum,Castanho,Branco,Madeira/Árvores,Preto
Comestivel,Nenhum,Vermelho,Castanho,Madeira/Árvores,Castanho
Comestivel,Nenhum,Vermelho,Roxo,Madeira/Árvores,Preto
Comestivel,Nenhum,Cinzento,Castanho,Madeira/Árvores,Preto
Comestivel,Nenhum,Castanho,Castanho,Madeira/Árvores,Preto
Venenoso,Creosoto,Cinzento,Castanho,Madeira/Árvores,Preto
Comestivel,Nenhum,Vermelho,Branco,Madeira/Árvores,Preto
Comestivel,Nenhum,Cinzento,Branco,Madeira/Árvores,Preto
Comestivel,Nenhum,Castanho,Preto,Gramados,Preto
Comestivel,Nenhum,Vermelho,Roxo,Madeira/Árvores,Preto
Venenoso,Creosoto,Branco,Roxo,Madeira/Árvores,Castanho
Comestivel,Nenhum,Vermelho,Rosa,Madeira/Árvores,Preto
Comestivel,Nenhum,Cinzento,Rosa,Madeira/Árvores,Preto
Comestivel,Nenhum,Castanho,Roxo,Madeira/Árvores,Preto
Comestivel,Nenhum,Castanho,Rosa,Madeira/Árvores,Preto
Comestivel,Nenhum,Castanho,Roxo,Madeira/Árvores,Preto
Comestivel,Nenhum,Cinzento,Castanho,Madeira/Árvores,Castanho
Comestivel,Nenhum,Castanho,Castanho,Madeira/Árvores,Preto
Comestivel,Nenhum,Cinzento,Branco,Madeira/Árvores,Castanho
Comestivel,Nenhum,Castanho,Rosa,Madeira/Árvores,Castanho
Comestivel,Nenhum,Cinzento,Castanho,Madeira/Árvores,Castanho
Venenoso,Fétido,Cinzento,Chocolate-Claro,Caminhos,Chocolate-Claro
Comestivel,Nenhum,Cinzento,Castanho,Madeira/Árvores,Castanho
Comestivel,Nenhum,Cinzento,Branco,Madeira/Árvores,Preto
Comestivel,Nenhum,Cinzento,Castanho,Madeira/Árvores,Preto
Comestivel,Nenhum,Vermelho,Rosa,Madeira/Árvores,Preto
Comestivel,Nenhum,Cinzento,Rosa,Madeira/Árvores,Preto
Comestivel,Nenhum,Cinzento,Rosa,Madeira/Árvores,Castanho
Comestivel,Nenhum,Cinzento,Castanho,Madeira/Árvores,Castanho
Comestivel,Nenhum,Vermelho,Castanho,Madeira/Árvores,Castanho
Comestivel,Nenhum,Cinzento,Rosa,Madeira/Árvores,Castanho
Comestivel,Nenhum,Vermelho,Roxo,Madeira/Árvores,Preto
Comestivel,Nenhum,Castanho,Branco,Madeira/Árvores,Preto
Comestivel,Nenhum,Cinzento,Roxo,Madeira/Árvores,Castanho
Comestivel,Nenhum,Vermelho,Castanho,Madeira/Árvores,Castanho
Comestivel,Nenhum,Castanho,Rosa,Madeira/Árvores,Preto
Comestivel,Nenhum,Vermelho,Branco,Madeira/Árvores,Preto
Comestivel,Nenhum,Castanho,Roxo,Madeira/Árvores,Castanho
Comestivel,Nenhum,Castanho,Branco,Madeira/Árvores,Preto
Comestivel,Nenhum,Cinzento,Roxo,Madeira/Árvores,Castanho
Comestivel,Nenhum,Vermelho,Roxo,Madeira/Árvores,Preto
Comestivel,Nenhum,Cinzento,Roxo,Madeira/Árvores,Preto
Comestivel,Nenhum,Cinzento,Castanho,Madeira/Árvores,Preto
Comestivel,Nenhum,Cinzento,Branco,Madeira/Árvores,Castanho
Venenoso,Fétido,Cinzento,Cinzento,Caminhos,Chocolate-Claro
Comestivel,Nenhum,Cinzento,Rosa,Madeira/Árvores,Preto
Comestivel,Nenhum,Cinzento,Castanho,Madeira/Árvores,Castanho
Comestivel,Nenhum,Castanho,Rosa,Madeira/Árvores,Castanho
Comestivel,Nenhum,Cinzento,Branco,Madeira/Árvores,Castanho
Comestivel,Nenhum,Castanho,Castanho,Madeira/Árvores,Preto
Comestivel,Nenhum,Castanho,Rosa,Madeira/Árvores,Preto
Comestivel,Nenhum,Vermelho,Rosa,Madeira/Árvores,Preto
Comestivel,Nenhum,Castanho,Branco,Madeira/Árvores,Preto
Comestivel,Nenhum,Cinzento,Branco,Madeira/Árvores,Preto
Comestivel,Nenhum,Cinzento,Castanho,Madeira/Árvores,Castanho
Venenoso,Fétido,Cinzento,Chocolate-Claro,Caminhos,Chocolate-Claro
Comestivel,Nenhum,Castanho,Roxo,Madeira/Árvores,Castanho
Comestivel,Nenhum,Castanho,Roxo,Madeira/Árvores,Preto
Comestivel,Nenhum,Vermelho,Castanho,Madeira/Árvores,Castanho
Comestivel,Nenhum,Castanho,Roxo,Madeira/Árvores,Castanho
Comestivel,Nenhum,Castanho,Rosa,Madeira/Árvores,Castanho
Comestivel,Nenhum,Cinzento,Branco,Madeira/Árvores,Castanho
Comestivel,Nenhum,Castanho,Roxo,Madeira/Árvores,Preto
Comestivel,Nenhum,Vermelho,Rosa,Madeira/Árvores,Castanho
Comestivel,Nenhum,Cinzento,Rosa,Madeira/Árvores,Preto
Comestivel,Nenhum,Cinzento,Branco,Madeira/Árvores,Preto
Comestivel,Nenhum,Vermelho,Castanho,Madeira/Árvores,Castanho
Comestivel,Nenhum,Vermelho,Roxo,Madeira/Árvores,Castanho
Comestivel,Nenhum,Cinzento,Rosa,Madeira/Árvores,Preto
Comestivel,Nenhum,Castanho,Rosa,Madeira/Árvores,Castanho
Comestivel,Nenhum,Vermelho,Roxo,Madeira/Árvores,Preto
Comestivel,Nenhum,Castanho,Castanho,Madeira/Árvores,Castanho
Comestivel,Nenhum,Vermelho,Rosa,Madeira/Árvores,Castanho
Comestivel,Nenhum,Castanho,Castanho,Madeira/Árvores,Castanho
Comestivel,Nenhum,Vermelho,Castanho,Madeira/Árvores,Preto
Comestivel,Nenhum,Castanho,Castanho,Madeira/Árvores,Preto
Comestivel,Nenhum,Vermelho,Branco,Madeira/Árvores,Castanho
Comestivel,Nenhum,Vermelho,Branco,Madeira/Árvores,Preto
Comestivel,Nenhum,Castanho,Roxo,Madeira/Árvores,Preto
Comestivel,Nenhum,Castanho,Castanho,Madeira/Árvores,Castanho
Comestivel,Nenhum,Vermelho,Branco,Madeira/Árvores,Castanho
Comestivel,Nenhum,Castanho,Roxo,Madeira/Árvores,Castanho
Comestivel,Nenhum,Castanho,Roxo,Madeira/Árvores,Preto
Comestivel,Nenhum,Vermelho,Roxo,Madeira/Árvores,Castanho
Comestivel,Nenhum,Cinzento,Castanho,Gramados,Castanho
Comestivel,Nenhum,Vermelho,Branco,Madeira/Árvores,Preto
Comestivel,Nenhum,Vermelho,Rosa,Madeira/Árvores,Castanho
Comestivel,Nenhum,Castanho,Roxo,Madeira/Árvores,Castanho
Comestivel,Nenhum,Castanho,Castanho,Madeira/Árvores,Preto
Comestivel,Nenhum,Cinzento,Roxo,Madeira/Árvores,Preto
Comestivel,Nenhum,Cinzento,Branco,Madeira/Árvores,Preto
Comestivel,Nenhum,Castanho,Roxo,Madeira/Árvores,Castanho
Comestivel,Nenhum,Castanho,Branco,Madeira/Árvores,Castanho
Comestivel,Nenhum,Castanho,Roxo,Madeira/Árvores,Preto
Comestivel,Nenhum,Cinzento,Roxo,Madeira/Árvores,Preto
Comestivel,Nenhum,Cinzento,Branco,Madeira/Árvores,Castanho
Comestivel,Nenhum,Vermelho,Rosa,Madeira/Árvores,Preto
Comestivel,Nenhum,Cinzento,Roxo,Madeira/Árvores,Castanho
Comestivel,Nenhum,Vermelho,Roxo,Madeira/Árvores,Castanho
Comestivel,Nenhum,Cinzento,Rosa,Madeira/Árvores,Castanho
Comestivel,Nenhum,Vermelho,Roxo,Madeira/Árvores,Castanho
Comestivel,Nenhum,Vermelho,Branco,Madeira/Árvores,Castanho
Comestivel,Nenhum,Vermelho,Roxo,Madeira/Árvores,Preto
Comestivel,Nenhum,Cinzento,Branco,Madeira/Árvores,Preto
Comestivel,Nenhum,Cinzento,Branco,Madeira/Árvores,Preto
Comestivel,Nenhum,Vermelho,Branco,Madeira/Árvores,Preto
Comestivel,Nenhum,Cinzento,Branco,Madeira/Árvores,Castanho
Comestivel,Nenhum,Castanho,Rosa,Madeira/Árvores,Preto
Venenoso,Fétido,Cinzento,Chocolate-Claro,Madeira/Árvores,Chocolate-Claro
Comestivel,Nenhum,Castanho,Branco,Madeira/Árvores,Preto
Comestivel,Nenhum,Cinzento,Rosa,Madeira/Árvores,Castanho
Comestivel,Nenhum,Castanho,Castanho,Madeira/Árvores,Castanho
Comestivel,Nenhum,Vermelho,Roxo,Madeira/Árvores,Preto
Comestivel,Nenhum,Cinzento,Roxo,Madeira/Árvores,Preto
Comestivel,Nenhum,Castanho,Castanho,Madeira/Árvores,Preto
Comestivel,Nenhum,Vermelho,Castanho,Madeira/Árvores,Preto
Comestivel,Nenhum,Vermelho,Branco,Madeira/Árvores,Preto
Comestivel,Nenhum,Castanho,Roxo,Madeira/Árvores,Castanho
Comestivel,Nenhum,Castanho,Castanho,Madeira/Árvores,Preto
Venenoso,Fétido,Amarelo,Chocolate-Claro,Caminhos,Chocolate-Claro
Comestivel,Nenhum,Castanho,Roxo,Madeira/Árvores,Castanho
Venenoso,Fétido,Cinzento,Rosa,Madeira/Árvores,Chocolate-Claro
Venenoso,Creosoto,Cinzento,Cinzento,Madeira/Árvores,Preto
Comestivel,Nenhum,Cinzento,Roxo,Madeira/Árvores,Castanho
Comestivel,Nenhum,Vermelho,Roxo,Madeira/Árvores,Castanho
Comestivel,Nenhum,Castanho,Rosa,Madeira/Árvores,Preto
Comestivel,Nenhum,Vermelho,Rosa,Madeira/Árvores,Preto
Venenoso,Fétido,Cinzento,Chocolate-Claro,Caminhos,Chocolate-Claro
Comestivel,Nenhum,Cinzento,Branco,Madeira/Árvores,Castanho
Comestivel,Nenhum,Vermelho,Roxo,Madeira/Árvores,Preto
Comestivel,Nenhum,Vermelho,Roxo,Madeira/Árvores,Castanho
Venenoso,Creosoto,Branco,Rosa,Madeira/Árvores,Castanho
Comestivel,Nenhum,Vermelho,Roxo,Madeira/Árvores,Castanho
Comestivel,Nenhum,Castanho,Roxo,Madeira/Árvores,Preto
Venenoso,Fétido,Cinzento,Cinzento,Gramados,Chocolate-Claro
Venenoso,Fétido,Cinzento,Cinzento,Caminhos,Chocolate-Claro
Comestivel,Nenhum,Vermelho,Rosa,Madeira/Árvores,Castanho
Comestivel,Nenhum,Vermelho,Castanho,Madeira/Árvores,Preto
Comestivel,Nenhum,Castanho,Branco,Madeira/Árvores,Preto
Comestivel,Nenhum,Cinzento,Branco,Madeira/Árvores,Preto
Comestivel,Nenhum,Vermelho,Branco,Madeira/Árvores,Castanho
Comestivel,Nenhum,Vermelho,Roxo,Madeira/Árvores,Castanho
Comestivel,Nenhum,Vermelho,Branco,Madeira/Árvores,Castanho
Comestivel,Nenhum,Vermelho,Rosa,Madeira/Árvores,Preto
Venenoso,Creosoto,Rosa,Roxo,Madeira/Árvores,Preto
Venenoso,Fétido,Cinzento,Cinzento,Madeira/Árvores,Chocolate-Claro
Comestivel,Nenhum,Vermelho,Rosa,Madeira/Árvores,Castanho
Comestivel,Nenhum,Cinzento,Branco,Madeira/Árvores,Preto
Comestivel,Nenhum,Cinzento,Branco,Madeira/Árvores,Preto
Comestivel,Nenhum,Cinzento,Branco,Madeira/Árvores,Castanho
Comestivel,Nenhum,Vermelho,Roxo,Madeira/Árvores,Preto
Comestivel,Nenhum,Vermelho,Branco,Madeira/Árvores,Castanho
Venenoso,Fétido,Cinzento,Chocolate-Claro,Caminhos,Chocolate-Claro
Comestivel,Nenhum,Castanho,Branco,Madeira/Árvores,Castanho
Comestivel,Nenhum,Vermelho,Rosa,Madeira/Árvores,Castanho
Venenoso,Creosoto,Cinzento,Rosa,Madeira/Árvores,Castanho
Comestivel,Nenhum,Vermelho,Rosa,Madeira/Árvores,Preto
Comestivel,Nenhum,Vermelho,Rosa,Madeira/Árvores,Preto
Venenoso,Fétido,Amarelo,Rosa,Gramados,Chocolate-Claro
Venenoso,Fétido,Amarelo,Rosa,Madeira/Árvores,Chocolate-Claro
Comestivel,Nenhum,Castanho,Roxo,Madeira/Árvores,Preto
Comestivel,Nenhum,Castanho,Rosa,Madeira/Árvores,Preto
Comestivel,Nenhum,Cinzento,Branco,Madeira/Árvores,Castanho
Comestivel,Nenhum,Castanho,Rosa,Madeira/Árvores,Castanho
Comestivel,Nenhum,Vermelho,Castanho,Madeira/Árvores,Preto
Venenoso,Creosoto,Rosa,Castanho,Madeira/Árvores,Castanho
Comestivel,Nenhum,Castanho,Rosa,Madeira/Árvores,Preto
Comestivel,Nenhum,Vermelho,Roxo,Madeira/Árvores,Preto
Comestivel,Nenhum,Vermelho,Rosa,Madeira/Árvores,Preto
Comestivel,Nenhum,Castanho,Castanho,Madeira/Árvores,Preto
Venenoso,Creosoto,Branco,Rosa,Madeira/Árvores,Preto
Comestivel,Nenhum,Cinzento,Branco,Madeira/Árvores,Castanho
Comestivel,Nenhum,Cinzento,Roxo,Madeira/Árvores,Castanho
Comestivel,Nenhum,Cinzento,Rosa,Madeira/Árvores,Castanho
Comestivel,Nenhum,Castanho,Rosa,Madeira/Árvores,Preto
Venenoso,Creosoto,Cinzento,Roxo,Madeira/Árvores,Castanho
Venenoso,Creosoto,Rosa,Castanho,Madeira/Árvores,Preto
Comestivel,Nenhum,Vermelho,Roxo,Madeira/Árvores,Preto
Venenoso,Fétido,Cinzento,Rosa,Madeira/Árvores,Chocolate-Claro
Venenoso,Creosoto,Branco,Cinzento,Madeira/Árvores,Preto
Venenoso,Fétido,Cinzento,Cinzento,Caminhos,Chocolate-Claro
Comestivel,Nenhum,Castanho,Castanho,Madeira/Árvores,Castanho
Venenoso,Fétido,Amarelo,Cinzento,Caminhos,Chocolate-Claro
Comestivel,Nenhum,Cinzento,Roxo,Madeira/Árvores,Castanho
Comestivel,Nenhum,Castanho,Roxo,Madeira/Árvores,Preto
Comestivel,Nenhum,Cinzento,Rosa,Madeira/Árvores,Preto
Venenoso,Creosoto,Branco,Rosa,Madeira/Árvores,Castanho
Venenoso,Fétido,Cinzento,Cinzento,Caminhos,Chocolate-Claro
Comestivel,Nenhum,Cinzento,Roxo,Madeira/Árvores,Preto
Comestivel,Nenhum,Castanho,Branco,Madeira/Árvores,Preto
Comestivel,Nenhum,Cinzento,Castanho,Madeira/Árvores,Preto
Venenoso,Fétido,Cinzento,Rosa,Caminhos,Chocolate-Claro
Comestivel,Nenhum,Castanho,Rosa,Madeira/Árvores,Castanho
Venenoso,Fétido,Cinzento,Chocolate-Claro,Caminhos,Chocolate-Claro
Comestivel,Nenhum,Vermelho,Castanho,Madeira/Árvores,Castanho
Comestivel,Nenhum,Castanho,Roxo,Madeira/Árvores,Preto
Venenoso,Fétido,Cinzento,Cinzento,Caminhos,Chocolate-Claro
Comestivel,Nenhum,Cinzento,Roxo,Madeira/Árvores,Preto
Comestivel,Nenhum,Cinzento,Roxo,Madeira/Árvores,Castanho
Comestivel,Nenhum,Vermelho,Rosa,Madeira/Árvores,Castanho
Venenoso,Fétido,Cinzento,Cinzento,Caminhos,Chocolate-Claro
Comestivel,Nenhum,Vermelho,Rosa,Madeira/Árvores,Castanho
Comestivel,Nenhum,Castanho,Roxo,Madeira/Árvores,Preto
Venenoso,Fétido,Cinzento,Rosa,Gramados,Chocolate-Claro
Comestivel,Nenhum,Vermelho,Roxo,Madeira/Árvores,Preto
Venenoso,Fétido,Cinzento,Chocolate-Claro,Madeira/Árvores,Chocolate-Claro
Comestivel,Nenhum,Vermelho,Branco,Madeira/Árvores,Castanho
Venenoso,Fétido,Cinzento,Chocolate-Claro,Gramados,Chocolate-Claro
Venenoso,Fétido,Cinzento,Cinzento,Caminhos,Chocolate-Claro
Venenoso,Fétido,Cinzento,Cinzento,Gramados,Chocolate-Claro
Comestivel,Nenhum,Vermelho,Roxo,Madeira/Árvores,Castanho
Venenoso,Fétido,Cinzento,Rosa,Gramados,Chocolate-Claro
Comestivel,Nenhum,Vermelho,Roxo,Madeira/Árvores,Castanho
Venenoso,Creosoto,Cinzento,Cinzento,Madeira/Árvores,Castanho
Comestivel,Nenhum,Cinzento,Branco,Madeira/Árvores,Preto
Venenoso,Creosoto,Rosa,Rosa,Madeira/Árvores,Castanho
Comestivel,Nenhum,Vermelho,Castanho,Madeira/Árvores,Castanho
Comestivel,Nenhum,Vermelho,Roxo,Madeira/Árvores,Castanho
Comestivel,Nenhum,Vermelho,Rosa,Madeira/Árvores,Preto
Comestivel,Nenhum,Castanho,Castanho,Madeira/Árvores,Preto
Venenoso,Fétido,Cinzento,Rosa,Gramados,Chocolate-Claro
Venenoso,Fétido,Amarelo,Cinzento,Caminhos,Chocolate-Claro
Venenoso,Creosoto,Cinzento,Cinzento,Madeira/Árvores,Preto
Comestivel,Nenhum,Vermelho,Roxo,Madeira/Árvores,Preto
Comestivel,Nenhum,Vermelho,Branco,Madeira/Árvores,Preto
Comestivel,Nenhum,Vermelho,Roxo,Madeira/Árvores,Preto
Comestivel,Nenhum,Castanho,Branco,Madeira/Árvores,Preto
Venenoso,Fétido,Cinzento,Rosa,Gramados,Chocolate-Claro
Venenoso,Creosoto,Cinzento,Roxo,Madeira/Árvores,Preto
Comestivel,Nenhum,Cinzento,Branco,Madeira/Árvores,Preto
Comestivel,Nenhum,Vermelho,Castanho,Madeira/Árvores,Castanho
Comestivel,Nenhum,Vermelho,Castanho,Madeira/Árvores,Preto
Comestivel,Nenhum,Cinzento,Branco,Madeira/Árvores,Castanho
Comestivel,Nenhum,Castanho,Rosa,Madeira/Árvores,Preto
Comestivel,Nenhum,Castanho,Castanho,Madeira/Árvores,Preto
Comestivel,Nenhum,Vermelho,Castanho,Madeira/Árvores,Preto
Venenoso,Creosoto,Cinzento,Roxo,Madeira/Árvores,Preto
Venenoso,Creosoto,Branco,Castanho,Madeira/Árvores,Castanho
Comestivel,Nenhum,Cinzento,Roxo,Madeira/Árvores,Preto
Comestivel,Nenhum,Cinzento,Branco,Madeira/Árvores,Castanho
Venenoso,Fétido,Cinzento,Rosa,Madeira/Árvores,Chocolate-Claro
Comestivel,Nenhum,Vermelho,Castanho,Madeira/Árvores,Preto
Venenoso,Creosoto,Branco,Rosa,Madeira/Árvores,Preto
Comestivel,Nenhum,Cinzento,Castanho,Madeira/Árvores,Castanho
Comestivel,Nenhum,Cinzento,Castanho,Madeira/Árvores,Preto
Comestivel,Nenhum,Cinzento,Rosa,Madeira/Árvores,Castanho
Comestivel,Nenhum,Vermelho,Branco,Madeira/Árvores,Castanho
Comestivel,Nenhum,Castanho,Branco,Madeira/Árvores,Castanho
Comestivel,Nenhum,Cinzento,Rosa,Madeira/Árvores,Preto
Comestivel,Nenhum,Castanho,Roxo,Madeira/Árvores,Castanho
Comestivel,Nenhum,Cinzento,Rosa,Madeira/Árvores,Preto
Comestivel,Nenhum,Cinzento,Roxo,Madeira/Árvores,Castanho
Comestivel,Nenhum,Castanho,Roxo,Madeira/Árvores,Preto
Comestivel,Nenhum,Vermelho,Rosa,Madeira/Árvores,Preto
Comestivel,Nenhum,Vermelho,Rosa,Madeira/Árvores,Preto
Comestivel,Nenhum,Vermelho,Rosa,Madeira/Árvores,Castanho
Venenoso,Fétido,Amarelo,Cinzento,Caminhos,Chocolate-Claro
Comestivel,Nenhum,Cinzento,Roxo,Madeira/Árvores,Castanho
Comestivel,Nenhum,Castanho,Rosa,Madeira/Árvores,Preto
Venenoso,Fétido,Cinzento,Rosa,Madeira/Árvores,Chocolate-Claro
Comestivel,Nenhum,Cinzento,Branco,Madeira/Árvores,Preto
Comestivel,Nenhum,Cinzento,Roxo,Madeira/Árvores,Preto
Comestivel,Nenhum,Cinzento,Rosa,Madeira/Árvores,Castanho
Comestivel,Nenhum,Vermelho,Castanho,Madeira/Árvores,Castanho
Comestivel,Nenhum,Cinzento,Castanho,Madeira/Árvores,Preto
Venenoso,Creosoto,Branco,Cinzento,Madeira/Árvores,Castanho
Venenoso,Creosoto,Branco,Castanho,Madeira/Árvores,Castanho
Comestivel,Nenhum,Castanho,Castanho,Madeira/Árvores,Preto
Comestivel,Nenhum,Vermelho,Roxo,Madeira/Árvores,Preto
Comestivel,Nenhum,Vermelho,Castanho,Madeira/Árvores,Castanho
Venenoso,Fétido,Cinzento,Chocolate-Claro,Madeira/Árvores,Chocolate-Claro
Comestivel,Nenhum,Cinzento,Rosa,Madeira/Árvores,Castanho
Comestivel,Nenhum,Cinzento,Castanho,Madeira/Árvores,Preto
Comestivel,Nenhum,Cinzento,Roxo,Madeira/Árvores,Preto
Venenoso,Creosoto,Branco,Cinzento,Madeira/Árvores,Castanho
Comestivel,Nenhum,Vermelho,Castanho,Madeira/Árvores,Preto
Comestivel,Nenhum,Vermelho,Roxo,Madeira/Árvores,Preto
Venenoso,Fétido,Cinzento,Cinzento,Madeira/Árvores,Chocolate-Claro
Comestivel,Nenhum,Vermelho,Branco,Madeira/Árvores,Preto
Venenoso,Fétido,Cinzento,Rosa,Caminhos,Chocolate-Claro
Venenoso,Creosoto,Rosa,Cinzento,Madeira/Árvores,Preto
Comestivel,Nenhum,Cinzento,Branco,Madeira/Árvores,Preto
Venenoso,Fétido,Cinzento,Cinzento,Caminhos,Chocolate-Claro
Venenoso,Creosoto,Branco,Cinzento,Madeira/Árvores,Castanho
Venenoso,Fétido,Cinzento,Rosa,Caminhos,Chocolate-Claro
Comestivel,Nenhum,Vermelho,Branco,Madeira/Árvores,Castanho
Venenoso,Fétido,Cinzento,Rosa,Caminhos,Chocolate-Claro
Venenoso,Creosoto,Cinzento,Roxo,Madeira/Árvores,Castanho
Comestivel,Nenhum,Cinzento,Castanho,Madeira/Árvores,Castanho
Comestivel,Nenhum,Castanho,Rosa,Madeira/Árvores,Preto
Comestivel,Nenhum,Vermelho,Castanho,Madeira/Árvores,Castanho
Venenoso,Fétido,Cinzento,Rosa,Caminhos,Chocolate-Claro
Venenoso,Creosoto,Rosa,Cinzento,Madeira/Árvores,Preto
Comestivel,Nenhum,Castanho,Rosa,Madeira/Árvores,Castanho
Comestivel,Nenhum,Vermelho,Branco,Madeira/Árvores,Preto
Comestivel,Nenhum,Castanho,Branco,Madeira/Árvores,Preto
Comestivel,Nenhum,Cinzento,Castanho,Madeira/Árvores,Preto
Venenoso,Fétido,Cinzento,Cinzento,Gramados,Chocolate-Claro
Comestivel,Nenhum,Castanho,Roxo,Madeira/Árvores,Castanho
Venenoso,Creosoto,Rosa,Roxo,Madeira/Árvores,Preto
Venenoso,Creosoto,Branco,Castanho,Madeira/Árvores,Preto
Comestivel,Nenhum,Vermelho,Branco,Madeira/Árvores,Castanho
Comestivel,Nenhum,Castanho,Rosa,Madeira/Árvores,Castanho
Comestivel,Nenhum,Vermelho,Roxo,Madeira/Árvores,Preto
Comestivel,Nenhum,Cinzento,Roxo,Madeira/Árvores,Preto
Venenoso,Fétido,Cinzento,Cinzento,Madeira/Árvores,Chocolate-Claro
Venenoso,Fétido,Cinzento,Rosa,Caminhos,Chocolate-Claro
Comestivel,Nenhum,Vermelho,Rosa,Madeira/Árvores,Preto
Venenoso,Fétido,Amarelo,Cinzento,Gramados,Chocolate-Claro
Venenoso,Creosoto,Rosa,Roxo,Madeira/Árvores,Preto
Comestivel,Nenhum,Vermelho,Rosa,Madeira/Árvores,Castanho
Venenoso,Fétido,Amarelo,Rosa,Madeira/Árvores,Chocolate-Claro
Comestivel,Nenhum,Vermelho,Roxo,Madeira/Árvores,Preto
Comestivel,Nenhum,Vermelho,Castanho,Madeira/Árvores,Castanho
Comestivel,Nenhum,Castanho,Roxo,Madeira/Árvores,Preto
Comestivel,Nenhum,Vermelho,Branco,Madeira/Árvores,Preto
Comestivel,Nenhum,Cinzento,Branco,Madeira/Árvores,Castanho
Venenoso,Fétido,Cinzento,Rosa,Gramados,Chocolate-Claro
Comestivel,Nenhum,Vermelho,Roxo,Madeira/Árvores,Castanho
Venenoso,Fétido,Cinzento,Chocolate-Claro,Caminhos,Chocolate-Claro
Comestivel,Nenhum,Vermelho,Roxo,Madeira/Árvores,Castanho
Comestivel,Nenhum,Vermelho,Rosa,Madeira/Árvores,Preto
Comestivel,Nenhum,Cinzento,Branco,Madeira/Árvores,Castanho
Venenoso,Fétido,Cinzento,Cinzento,Gramados,Chocolate-Claro
Comestivel,Nenhum,Cinzento,Roxo,Madeira/Árvores,Preto
Comestivel,Nenhum,Cinzento,Roxo,Madeira/Árvores,Preto
Venenoso,Fétido,Cinzento,Chocolate-Claro,Gramados,Chocolate-Claro
Venenoso,Creosoto,Branco,Roxo,Madeira/Árvores,Castanho
Comestivel,Nenhum,Vermelho,Branco,Madeira/Árvores,Preto
Venenoso,Fétido,Amarelo,Cinzento,Madeira/Árvores,Chocolate-Claro
Comestivel,Nenhum,Vermelho,Branco,Madeira/Árvores,Castanho
Comestivel,Nenhum,Cinzento,Castanho,Madeira/Árvores,Castanho
Comestivel,Nenhum,Vermelho,Castanho,Madeira/Árvores,Preto
Comestivel,Nenhum,Cinzento,Roxo,Madeira/Árvores,Castanho
Comestivel,Nenhum,Cinzento,Branco,Madeira/Árvores,Preto
Comestivel,Nenhum,Vermelho,Rosa,Madeira/Árvores,Castanho
Venenoso,Creosoto,Cinzento,Cinzento,Madeira/Árvores,Preto
Comestivel,Nenhum,Cinzento,Roxo,Madeira/Árvores,Castanho
Comestivel,Nenhum,Castanho,Branco,Madeira/Árvores,Castanho
Comestivel,Nenhum,Cinzento,Castanho,Madeira/Árvores,Castanho
Comestivel,Nenhum,Cinzento,Castanho,Madeira/Árvores,Castanho
Comestivel,Nenhum,Castanho,Branco,Madeira/Árvores,Preto
Comestivel,Nenhum,Cinzento,Castanho,Madeira/Árvores,Castanho
Comestivel,Nenhum,Cinzento,Roxo,Madeira/Árvores,Castanho
Venenoso,Fétido,Cinzento,Rosa,Caminhos,Chocolate-Claro
Venenoso,Creosoto,Branco,Rosa,Madeira/Árvores,Preto
Comestivel,Nenhum,Cinzento,Roxo,Madeira/Árvores,Preto
Comestivel,Nenhum,Cinzento,Branco,Madeira/Árvores,Preto
Comestivel,Nenhum,Cinzento,Castanho,Madeira/Árvores,Castanho
Venenoso,Fétido,Cinzento,Chocolate-Claro,Caminhos,Chocolate-Claro
Venenoso,Creosoto,Branco,Roxo,Madeira/Árvores,Castanho
Venenoso,Fétido,Cinzento,Rosa,Caminhos,Chocolate-Claro
Comestivel,Nenhum,Cinzento,Castanho,Madeira/Árvores,Preto
Venenoso,Fétido,Cinzento,Chocolate-Claro,Gramados,Chocolate-Claro
Comestivel,Nenhum,Vermelho,Rosa,Madeira/Árvores,Castanho
Comestivel,Nenhum,Cinzento,Rosa,Madeira/Árvores,Castanho
Comestivel,Nenhum,Cinzento,Branco,Madeira/Árvores,Preto
Venenoso,Fétido,Cinzento,Chocolate-Claro,Madeira/Árvores,Chocolate-Claro
Comestivel,Nenhum,Cinzento,Rosa,Madeira/Árvores,Preto
Comestivel,Nenhum,Cinzento,Castanho,Madeira/Árvores,Preto
Venenoso,Creosoto,Branco,Rosa,Madeira/Árvores,Preto
Venenoso,Fétido,Amarelo,Cinzento,Gramados,Chocolate-Claro
Comestivel,Nenhum,Vermelho,Castanho,Madeira/Árvores,Preto
Venenoso,Fétido,Cinzento,Cinzento,Madeira/Árvores,Chocolate-Claro
Venenoso,Fétido,Cinzento,Cinzento,Madeira/Árvores,Chocolate-Claro
Comestivel,Nenhum,Castanho,Roxo,Madeira/Árvores,Castanho
Venenoso,Fétido,Cinzento,Cinzento,Gramados,Chocolate-Claro
Comestivel,Nenhum,Castanho,Roxo,Madeira/Árvores,Castanho
Comestivel,Nenhum,Cinzento,Roxo,Madeira/Árvores,Preto
Comestivel,Nenhum,Cinzento,Rosa,Madeira/Árvores,Castanho
Comestivel,Nenhum,Cinzento,Roxo,Madeira/Árvores,Preto
Venenoso,Creosoto,Cinzento,Castanho,Madeira/Árvores,Castanho
Comestivel,Nenhum,Cinzento,Branco,Madeira/Árvores,Preto
Comestivel,Nenhum,Vermelho,Castanho,Madeira/Árvores,Castanho
Comestivel,Nenhum,Castanho,Castanho,Madeira/Árvores,Castanho
Comestivel,Nenhum,Cinzento,Roxo,Madeira/Árvores,Preto
Venenoso,Creosoto,Rosa,Cinzento,Madeira/Árvores,Castanho
Venenoso,Fétido,Cinzento,Rosa,Gramados,Chocolate-Claro
Comestivel,Nenhum,Cinzento,Rosa,Madeira/Árvores,Preto
Comestivel,Nenhum,Cinzento,Roxo,Madeira/Árvores,Preto
Venenoso,Creosoto,Rosa,Rosa,Madeira/Árvores,Castanho
Comestivel,Nenhum,Cinzento,Roxo,Madeira/Árvores,Castanho
Venenoso,Fétido,Cinzento,Chocolate-Claro,Caminhos,Chocolate-Claro
Venenoso,Fétido,Cinzento,Chocolate-Claro,Caminhos,Chocolate-Claro
Comestivel,Nenhum,Castanho,Branco,Madeira/Árvores,Castanho
Comestivel,Nenhum,Castanho,Rosa,Madeira/Árvores,Castanho
Venenoso,Creosoto,Cinzento,Roxo,Madeira/Árvores,Castanho
Venenoso,Fétido,Cinzento,Cinzento,Madeira/Árvores,Chocolate-Claro
Venenoso,Creosoto,Rosa,Rosa,Madeira/Árvores,Castanho
Comestivel,Nenhum,Vermelho,Branco,Madeira/Árvores,Preto
Comestivel,Nenhum,Cinzento,Branco,Madeira/Árvores,Preto
Comestivel,Nenhum,Vermelho,Castanho,Madeira/Árvores,Castanho
Venenoso,Fétido,Amarelo,Rosa,Gramados,Chocolate-Claro
Comestivel,Nenhum,Cinzento,Branco,Madeira/Árvores,Preto
Venenoso,Creosoto,Branco,Rosa,Madeira/Árvores,Preto
Venenoso,Fétido,Cinzento,Cinzento,Madeira/Árvores,Chocolate-Claro
Comestivel,Nenhum,Vermelho,Rosa,Madeira/Árvores,Castanho
Comestivel,Nenhum,Cinzento,Branco,Madeira/Árvores,Castanho
Venenoso,Fétido,Cinzento,Rosa,Caminhos,Chocolate-Claro
Venenoso,Fétido,Cinzento,Chocolate-Claro,Caminhos,Chocolate-Claro
Venenoso,Creosoto,Rosa,Rosa,Madeira/Árvores,Preto
Comestivel,Nenhum,Cinzento,Roxo,Madeira/Árvores,Preto
Venenoso,Fétido,Cinzento,Rosa,Madeira/Árvores,Chocolate-Claro
Comestivel,Nenhum,Castanho,Branco,Madeira/Árvores,Castanho
Comestivel,Nenhum,Castanho,Roxo,Madeira/Árvores,Castanho
Comestivel,Nenhum,Vermelho,Rosa,Madeira/Árvores,Castanho
Comestivel,Nenhum,Cinzento,Rosa,Madeira/Árvores,Castanho
Comestivel,Nenhum,Vermelho,Rosa,Madeira/Árvores,Preto
Comestivel,Nenhum,Cinzento,Rosa,Madeira/Árvores,Preto
Comestivel,Nenhum,Cinzento,Branco,Madeira/Árvores,Castanho
Venenoso,Creosoto,Rosa,Castanho,Madeira/Árvores,Preto
Comestivel,Nenhum,Vermelho,Castanho,Madeira/Árvores,Castanho
Comestivel,Nenhum,Vermelho,Roxo,Madeira/Árvores,Preto
Venenoso,Creosoto,Branco,Castanho,Madeira/Árvores,Castanho
Comestivel,Nenhum,Cinzento,Branco,Madeira/Árvores,Preto
Comestivel,Nenhum,Castanho,Castanho,Madeira/Árvores,Preto
Venenoso,Fétido,Cinzento,Chocolate-Claro,Gramados,Chocolate-Claro
Comestivel,Nenhum,Vermelho,Castanho,Madeira/Árvores,Castanho
Venenoso,Fétido,Cinzento,Chocolate-Claro,Gramados,Chocolate-Claro
Comestivel,Nenhum,Vermelho,Branco,Madeira/Árvores,Castanho
Comestivel,Nenhum,Cinzento,Roxo,Madeira/Árvores,Castanho
Comestivel,Nenhum,Cinzento,Branco,Madeira/Árvores,Castanho
Venenoso,Fétido,Cinzento,Cinzento,Gramados,Chocolate-Claro
Comestivel,Nenhum,Vermelho,Castanho,Madeira/Árvores,Castanho
Venenoso,Creosoto,Branco,Rosa,Madeira/Árvores,Preto
Comestivel,Nenhum,Castanho,Castanho,Madeira/Árvores,Castanho
Comestivel,Nenhum,Cinzento,Rosa,Madeira/Árvores,Preto
Comestivel,Nenhum,Castanho,Roxo,Madeira/Árvores,Castanho
Comestivel,Nenhum,Vermelho,Castanho,Madeira/Árvores,Castanho
Comestivel,Nenhum,Cinzento,Rosa,Madeira/Árvores,Castanho
Comestivel,Nenhum,Vermelho,Roxo,Madeira/Árvores,Castanho
Venenoso,Fétido,Cinzento,Chocolate-Claro,Madeira/Árvores,Chocolate-Claro
Comestivel,Nenhum,Cinzento,Roxo,Madeira/Árvores,Preto
Comestivel,Nenhum,Cinzento,Branco,Madeira/Árvores,Castanho
Comestivel,Nenhum,Cinzento,Branco,Madeira/Árvores,Castanho
Comestivel,Nenhum,Cinzento,Rosa,Madeira/Árvores,Castanho
Comestivel,Nenhum,Vermelho,Rosa,Madeira/Árvores,Preto
Comestivel,Nenhum,Vermelho,Castanho,Madeira/Árvores,Preto
Comestivel,Nenhum,Castanho,Rosa,Madeira/Árvores,Castanho
Comestivel,Nenhum,Castanho,Branco,Madeira/Árvores,Preto
Venenoso,Creosoto,Rosa,Roxo,Madeira/Árvores,Castanho
Venenoso,Fétido,Cinzento,Rosa,Madeira/Árvores,Chocolate-Claro
Comestivel,Nenhum,Cinzento,Castanho,Madeira/Árvores,Castanho
Comestivel,Nenhum,Vermelho,Roxo,Madeira/Árvores,Castanho
Venenoso,Creosoto,Branco,Cinzento,Madeira/Árvores,Preto
Venenoso,Creosoto,Rosa,Cinzento,Madeira/Árvores,Castanho
Venenoso,Fétido,Cinzento,Cinzento,Caminhos,Chocolate-Claro
Comestivel,Nenhum,Cinzento,Rosa,Madeira/Árvores,Preto
Comestivel,Nenhum,Vermelho,Roxo,Madeira/Árvores,Preto
Venenoso,Creosoto,Rosa,Rosa,Madeira/Árvores,Preto
Comestivel,Nenhum,Cinzento,Castanho,Madeira/Árvores,Castanho
Comestivel,Nenhum,Castanho,Castanho,Madeira/Árvores,Preto
Venenoso,Fétido,Cinzento,Cinzento,Gramados,Chocolate-Claro
Comestivel,Nenhum,Castanho,Branco,Madeira/Árvores,Preto
Comestivel,Nenhum,Vermelho,Rosa,Madeira/Árvores,Preto
Venenoso,Creosoto,Branco,Cinzento,Madeira/Árvores,Preto
Comestivel,Nenhum,Castanho,Castanho,Madeira/Árvores,Castanho
Venenoso,Fétido,Cinzento,Cinzento,Madeira/Árvores,Chocolate-Claro
Comestivel,Nenhum,Vermelho,Castanho,Madeira/Árvores,Preto
Venenoso,Fétido,Amarelo,Rosa,Caminhos,Chocolate-Claro
Comestivel,Nenhum,Cinzento,Roxo,Madeira/Árvores,Preto
Comestivel,Nenhum,Vermelho,Castanho,Madeira/Árvores,Preto
Comestivel,Nenhum,Vermelho,Castanho,Madeira/Árvores,Castanho
Comestivel,Nenhum,Cinzento,Roxo,Madeira/Árvores,Preto
Venenoso,Creosoto,Cinzento,Roxo,Madeira/Árvores,Preto
Comestivel,Nenhum,Cinzento,Branco,Madeira/Árvores,Castanho
Comestivel,Nenhum,Vermelho,Castanho,Madeira/Árvores,Preto
Venenoso,Fétido,Cinzento,Chocolate-Claro,Caminhos,Chocolate-Claro
Comestivel,Nenhum,Castanho,Branco,Madeira/Árvores,Castanho
Venenoso,Creosoto,Cinzento,Cinzento,Madeira/Árvores,Castanho
Venenoso,Fétido,Cinzento,Chocolate-Claro,Gramados,Chocolate-Claro
Comestivel,Nenhum,Vermelho,Roxo,Madeira/Árvores,Preto
Comestivel,Nenhum,Castanho,Roxo,Madeira/Árvores,Castanho
Comestivel,Nenhum,Cinzento,Castanho,Madeira/Árvores,Preto
Comestivel,Nenhum,Cinzento,Roxo,Madeira/Árvores,Castanho
Venenoso,Creosoto,Branco,Rosa,Madeira/Árvores,Preto
Venenoso,Fétido,Cinzento,Rosa,Gramados,Chocolate-Claro
Venenoso,Creosoto,Cinzento,Roxo,Madeira/Árvores,Castanho
Comestivel,Nenhum,Vermelho,Castanho,Madeira/Árvores,Castanho
Comestivel,Nenhum,Vermelho,Branco,Madeira/Árvores,Castanho
Venenoso,Fétido,Cinzento,Chocolate-Claro,Madeira/Árvores,Chocolate-Claro
Venenoso,Fétido,Cinzento,Chocolate-Claro,Gramados,Chocolate-Claro
Comestivel,Nenhum,Vermelho,Rosa,Madeira/Árvores,Castanho
Venenoso,Creosoto,Rosa,Cinzento,Madeira/Árvores,Castanho
Venenoso,Creosoto,Cinzento,Roxo,Madeira/Árvores,Preto
Comestivel,Nenhum,Vermelho,Branco,Madeira/Árvores,Preto
Comestivel,Nenhum,Vermelho,Rosa,Madeira/Árvores,Castanho
Comestivel,Nenhum,Vermelho,Branco,Madeira/Árvores,Preto
Comestivel,Nenhum,Castanho,Branco,Madeira/Árvores,Preto
Venenoso,Creosoto,Rosa,Cinzento,Madeira/Árvores,Castanho
Venenoso,Fétido,Cinzento,Rosa,Madeira/Árvores,Chocolate-Claro
Comestivel,Nenhum,Vermelho,Branco,Madeira/Árvores,Preto
Comestivel,Nenhum,Vermelho,Roxo,Madeira/Árvores,Castanho
Comestivel,Nenhum,Cinzento,Roxo,Madeira/Árvores,Preto
Comestivel,Nenhum,Vermelho,Roxo,Madeira/Árvores,Castanho
Comestivel,Nenhum,Castanho,Castanho,Madeira/Árvores,Castanho
Comestivel,Nenhum,Vermelho,Branco,Madeira/Árvores,Preto
Venenoso,Fétido,Amarelo,Cinzento,Caminhos,Chocolate-Claro
Comestivel,Nenhum,Cinzento,Rosa,Madeira/Árvores,Preto
Venenoso,Creosoto,Rosa,Rosa,Madeira/Árvores,Castanho
Comestivel,Nenhum,Vermelho,Branco,Madeira/Árvores,Castanho
Comestivel,Nenhum,Cinzento,Roxo,Madeira/Árvores,Preto
Comestivel,Nenhum,Vermelho,Roxo,Madeira/Árvores,Castanho
Comestivel,Nenhum,Vermelho,Roxo,Madeira/Árvores,Preto
Comestivel,Nenhum,Cinzento,Rosa,Madeira/Árvores,Preto
Comestivel,Nenhum,Vermelho,Castanho,Madeira/Árvores,Castanho
Venenoso,Creosoto,Branco,Castanho,Madeira/Árvores,Castanho
Venenoso,Fétido,Cinzento,Cinzento,Madeira/Árvores,Chocolate-Claro
Venenoso,Creosoto,Rosa,Castanho,Madeira/Árvores,Preto
Comestivel,Nenhum,Cinzento,Branco,Madeira/Árvores,Castanho
Comestivel,Nenhum,Castanho,Branco,Madeira/Árvores,Castanho
Venenoso,Creosoto,Cinzento,Castanho,Madeira/Árvores,Castanho
Comestivel,Nenhum,Castanho,Branco,Madeira/Árvores,Preto
Venenoso,Creosoto,Rosa,Cinzento,Madeira/Árvores,Preto
Comestivel,Nenhum,Vermelho,Castanho,Madeira/Árvores,Castanho
Venenoso,Creosoto,Branco,Castanho,Madeira/Árvores,Preto
Comestivel,Nenhum,Castanho,Castanho,Madeira/Árvores,Castanho
Venenoso,Fétido,Cinzento,Cinzento,Gramados,Chocolate-Claro
Venenoso,Creosoto,Cinzento,Castanho,Madeira/Árvores,Preto
Comestivel,Nenhum,Castanho,Castanho,Madeira/Árvores,Castanho
Venenoso,Fétido,Cinzento,Cinzento,Gramados,Chocolate-Claro
Venenoso,Creosoto,Rosa,Rosa,Madeira/Árvores,Preto
Comestivel,Nenhum,Vermelho,Roxo,Madeira/Árvores,Preto
Venenoso,Creosoto,Cinzento,Rosa,Madeira/Árvores,Castanho
Comestivel,Nenhum,Cinzento,Rosa,Madeira/Árvores,Castanho
Comestivel,Nenhum,Cinzento,Branco,Madeira/Árvores,Preto
Comestivel,Nenhum,Castanho,Castanho,Madeira/Árvores,Castanho
Comestivel,Nenhum,Castanho,Roxo,Madeira/Árvores,Preto
Comestivel,Nenhum,Castanho,Roxo,Madeira/Árvores,Castanho
Venenoso,Creosoto,Cinzento,Castanho,Madeira/Árvores,Castanho
Comestivel,Nenhum,Cinzento,Branco,Madeira/Árvores,Preto
Comestivel,Nenhum,Vermelho,Roxo,Madeira/Árvores,Castanho
Comestivel,Nenhum,Cinzento,Branco,Madeira/Árvores,Castanho
Comestivel,Nenhum,Vermelho,Castanho,Madeira/Árvores,Castanho
Comestivel,Nenhum,Castanho,Castanho,Madeira/Árvores,Preto
Venenoso,Fétido,Cinzento,Cinzento,Gramados,Chocolate-Claro
Venenoso,Creosoto,Cinzento,Rosa,Madeira/Árvores,Castanho
Comestivel,Nenhum,Vermelho,Branco,Madeira/Árvores,Preto
Comestivel,Nenhum,Cinzento,Branco,Madeira/Árvores,Castanho
Venenoso,Creosoto,Cinzento,Cinzento,Madeira/Árvores,Preto
Comestivel,Nenhum,Castanho,Castanho,Madeira/Árvores,Preto
Comestivel,Nenhum,Cinzento,Castanho,Madeira/Árvores,Preto
Comestivel,Nenhum,Vermelho,Roxo,Madeira/Árvores,Preto
Venenoso,Fétido,Amarelo,Rosa,Caminhos,Chocolate-Claro
Venenoso,Creosoto,Cinzento,Rosa,Madeira/Árvores,Preto
Comestivel,Nenhum,Cinzento,Castanho,Madeira/Árvores,Castanho
Comestivel,Nenhum,Castanho,Rosa,Madeira/Árvores,Castanho
Comestivel,Nenhum,Castanho,Roxo,Madeira/Árvores,Preto
Comestivel,Nenhum,Cinzento,Rosa,Madeira/Árvores,Castanho
Comestivel,Nenhum,Cinzento,Castanho,Madeira/Árvores,Preto
Venenoso,Fétido,Cinzento,Cinzento,Caminhos,Chocolate-Claro
Comestivel,Nenhum,Cinzento,Branco,Madeira/Árvores,Preto
Comestivel,Nenhum,Vermelho,Rosa,Madeira/Árvores,Castanho
Venenoso,Creosoto,Cinzento,Cinzento,Madeira/Árvores,Castanho
Comestivel,Nenhum,Cinzento,Roxo,Madeira/Árvores,Castanho
Venenoso,Fétido,Cinzento,Chocolate-Claro,Caminhos,Chocolate-Claro
Comestivel,Nenhum,Vermelho,Roxo,Madeira/Árvores,Preto
Venenoso,Fétido,Cinzento,Chocolate-Claro,Caminhos,Chocolate-Claro
Comestivel,Nenhum,Cinzento,Roxo,Madeira/Árvores,Preto
Venenoso,Creosoto,Rosa,Castanho,Madeira/Árvores,Castanho
Comestivel,Nenhum,Vermelho,Branco,Madeira/Árvores,Castanho
Venenoso,Creosoto,Rosa,Rosa,Madeira/Árvores,Castanho
Venenoso,Creosoto,Branco,Roxo,Madeira/Árvores,Castanho
Comestivel,Nenhum,Cinzento,Castanho,Madeira/Árvores,Castanho
Venenoso,Creosoto,Rosa,Roxo,Madeira/Árvores,Castanho
Venenoso,Fétido,Cinzento,Cinzento,Madeira/Árvores,Chocolate-Claro
Comestivel,Nenhum,Castanho,Roxo,Madeira/Árvores,Castanho
Comestivel,Nenhum,Cinzento,Rosa,Madeira/Árvores,Preto
Comestivel,Nenhum,Vermelho,Roxo,Madeira/Árvores,Preto
Venenoso,Fétido,Cinzento,Rosa,Gramados,Chocolate-Claro
Venenoso,Creosoto,Cinzento,Castanho,Madeira/Árvores,Castanho
Venenoso,Fétido,Cinzento,Cinzento,Caminhos,Chocolate-Claro
Venenoso,Creosoto,Branco,Roxo,Madeira/Árvores,Castanho
Comestivel,Nenhum,Castanho,Rosa,Madeira/Árvores,Preto
Comestivel,Nenhum,Cinzento,Rosa,Madeira/Árvores,Preto
Venenoso,Creosoto,Branco,Cinzento,Madeira/Árvores,Preto
Comestivel,Nenhum,Cinzento,Branco,Madeira/Árvores,Preto
Comestivel,Nenhum,Castanho,Branco,Madeira/Árvores,Preto
Comestivel,Nenhum,Cinzento,Roxo,Madeira/Árvores,Preto
Comestivel,Nenhum,Vermelho,Rosa,Madeira/Árvores,Preto
Comestivel,Nenhum,Vermelho,Castanho,Madeira/Árvores,Preto
Venenoso,Creosoto,Branco,Castanho,Madeira/Árvores,Preto
Comestivel,Nenhum,Vermelho,Rosa,Madeira/Árvores,Castanho
Venenoso,Fétido,Amarelo,Chocolate-Claro,Madeira/Árvores,Chocolate-Claro
Comestivel,Nenhum,Cinzento,Rosa,Madeira/Árvores,Castanho
Comestivel,Nenhum,Castanho,Castanho,Madeira/Árvores,Castanho
Venenoso,Creosoto,Cinzento,Rosa,Madeira/Árvores,Castanho
Venenoso,Creosoto,Rosa,Castanho,Madeira/Árvores,Castanho
Comestivel,Nenhum,Vermelho,Roxo,Madeira/Árvores,Castanho
Comestivel,Nenhum,Cinzento,Rosa,Madeira/Árvores,Preto
Comestivel,Nenhum,Cinzento,Roxo,Madeira/Árvores,Preto
Venenoso,Fétido,Cinzento,Chocolate-Claro,Caminhos,Chocolate-Claro
Comestivel,Nenhum,Castanho,Roxo,Madeira/Árvores,Preto
Comestivel,Nenhum,Cinzento,Castanho,Madeira/Árvores,Preto
Comestivel,Nenhum,Cinzento,Roxo,Madeira/Árvores,Castanho
Venenoso,Creosoto,Cinzento,Rosa,Madeira/Árvores,Preto
Comestivel,Nenhum,Castanho,Rosa,Madeira/Árvores,Castanho
Venenoso,Fétido,Cinzento,Chocolate-Claro,Caminhos,Chocolate-Claro
Comestivel,Nenhum,Cinzento,Roxo,Madeira/Árvores,Preto
Comestivel,Nenhum,Vermelho,Roxo,Madeira/Árvores,Preto
Comestivel,Nenhum,Vermelho,Castanho,Madeira/Árvores,Preto
Venenoso,Creosoto,Branco,Roxo,Madeira/Árvores,Castanho
Venenoso,Creosoto,Branco,Rosa,Madeira/Árvores,Castanho
Comestivel,Nenhum,Vermelho,Branco,Madeira/Árvores,Preto
Comestivel,Nenhum,Vermelho,Rosa,Madeira/Árvores,Preto
Comestivel,Nenhum,Castanho,Roxo,Madeira/Árvores,Preto
Venenoso,Fétido,Cinzento,Chocolate-Claro,Gramados,Chocolate-Claro
Comestivel,Nenhum,Cinzento,Branco,Madeira/Árvores,Preto
Venenoso,Fétido,Cinzento,Rosa,Caminhos,Chocolate-Claro
Comestivel,Nenhum,Vermelho,Branco,Madeira/Árvores,Castanho
Venenoso,Fétido,Cinzento,Chocolate-Claro,Gramados,Chocolate-Claro
Comestivel,Nenhum,Cinzento,Roxo,Madeira/Árvores,Castanho
Comestivel,Nenhum,Vermelho,Roxo,Madeira/Árvores,Preto
Comestivel,Nenhum,Castanho,Branco,Madeira/Árvores,Castanho
Venenoso,Fétido,Cinzento,Chocolate-Claro,Madeira/Árvores,Chocolate-Claro
Comestivel,Nenhum,Vermelho,Roxo,Madeira/Árvores,Preto
Comestivel,Nenhum,Cinzento,Rosa,Madeira/Árvores,Castanho
Comestivel,Nenhum,Cinzento,Castanho,Madeira/Árvores,Castanho
Venenoso,Creosoto,Branco,Roxo,Madeira/Árvores,Preto
Comestivel,Nenhum,Vermelho,Rosa,Madeira/Árvores,Preto
Comestivel,Nenhum,Vermelho,Castanho,Madeira/Árvores,Preto
Comestivel,Nenhum,Vermelho,Roxo,Madeira/Árvores,Castanho
Comestivel,Nenhum,Vermelho,Castanho,Madeira/Árvores,Preto
Comestivel,Nenhum,Castanho,Roxo,Madeira/Árvores,Preto
Venenoso,Fétido,Cinzento,Rosa,Gramados,Chocolate-Claro
Comestivel,Nenhum,Cinzento,Castanho,Madeira/Árvores,Preto
Venenoso,Fétido,Cinzento,Cinzento,Madeira/Árvores,Chocolate-Claro
Comestivel,Nenhum,Cinzento,Castanho,Madeira/Árvores,Preto
Comestivel,Nenhum,Castanho,Rosa,Madeira/Árvores,Castanho
Venenoso,Fétido,Cinzento,Chocolate-Claro,Madeira/Árvores,Chocolate-Claro
Comestivel,Nenhum,Cinzento,Branco,Madeira/Árvores,Castanho
Venenoso,Fétido,Cinzento,Rosa,Madeira/Árvores,Chocolate-Claro
Comestivel,Nenhum,Vermelho,Branco,Madeira/Árvores,Preto
Venenoso,Creosoto,Cinzento,Cinzento,Madeira/Árvores,Castanho
Comestivel,Nenhum,Vermelho,Roxo,Madeira/Árvores,Preto
Comestivel,Nenhum,Castanho,Roxo,Madeira/Árvores,Preto
Comestivel,Nenhum,Vermelho,Castanho,Madeira/Árvores,Preto
Comestivel,Nenhum,Vermelho,Castanho,Madeira/Árvores,Preto
Comestivel,Nenhum,Cinzento,Branco,Madeira/Árvores,Castanho
Venenoso,Creosoto,Rosa,Castanho,Madeira/Árvores,Preto
Venenoso,Fétido,Cinzento,Chocolate-Claro,Madeira/Árvores,Chocolate-Claro
Comestivel,Nenhum,Cinzento,Branco,Madeira/Árvores,Castanho
Comestivel,Nenhum,Vermelho,Branco,Madeira/Árvores,Castanho
Venenoso,Creosoto,Rosa,Roxo,Madeira/Árvores,Castanho
Comestivel,Nenhum,Castanho,Rosa,Madeira/Árvores,Castanho
Comestivel,Nenhum,Cinzento,Rosa,Madeira/Árvores,Preto
Comestivel,Nenhum,Vermelho,Rosa,Madeira/Árvores,Preto
Comestivel,Nenhum,Vermelho,Branco,Madeira/Árvores,Preto
Comestivel,Nenhum,Cinzento,Castanho,Madeira/Árvores,Castanho
Venenoso,Creosoto,Branco,Rosa,Madeira/Árvores,Castanho
Comestivel,Nenhum,Cinzento,Castanho,Madeira/Árvores,Preto
Venenoso,Fétido,Cinzento,Rosa,Madeira/Árvores,Chocolate-Claro
Comestivel,Nenhum,Castanho,Rosa,Madeira/Árvores,Preto
Comestivel,Nenhum,Castanho,Rosa,Madeira/Árvores,Preto
Venenoso,Creosoto,Cinzento,Castanho,Madeira/Árvores,Preto
Comestivel,Nenhum,Cinzento,Rosa,Madeira/Árvores,Castanho
Comestivel,Nenhum,Vermelho,Branco,Madeira/Árvores,Castanho
Venenoso,Fétido,Cinzento,Cinzento,Madeira/Árvores,Chocolate-Claro
Comestivel,Nenhum,Castanho,Branco,Madeira/Árvores,Castanho
Comestivel,Nenhum,Vermelho,Roxo,Madeira/Árvores,Castanho
Comestivel,Nenhum,Vermelho,Castanho,Madeira/Árvores,Preto
Venenoso,Creosoto,Rosa,Castanho,Madeira/Árvores,Castanho
Venenoso,Fétido,Cinzento,Chocolate-Claro,Madeira/Árvores,Chocolate-Claro
Comestivel,Nenhum,Vermelho,Rosa,Madeira/Árvores,Preto
Comestivel,Nenhum,Cinzento,Rosa,Madeira/Árvores,Preto
Venenoso,Creosoto,Rosa,Rosa,Madeira/Árvores,Castanho
Comestivel,Nenhum,Cinzento,Roxo,Madeira/Árvores,Castanho
Comestivel,Nenhum,Vermelho,Castanho,Madeira/Árvores,Preto
Comestivel,Nenhum,Castanho,Roxo,Madeira/Árvores,Preto
Comestivel,Nenhum,Cinzento,Castanho,Madeira/Árvores,Castanho
Comestivel,Nenhum,Castanho,Branco,Madeira/Árvores,Castanho
Comestivel,Nenhum,Castanho,Roxo,Madeira/Árvores,Castanho
Venenoso,Creosoto,Rosa,Rosa,Madeira/Árvores,Preto
Comestivel,Nenhum,Vermelho,Rosa,Madeira/Árvores,Preto
Venenoso,Fétido,Amarelo,Rosa,Madeira/Árvores,Chocolate-Claro
Venenoso,Creosoto,Cinzento,Rosa,Madeira/Árvores,Castanho
Comestivel,Nenhum,Castanho,Branco,Madeira/Árvores,Preto
Venenoso,Fétido,Cinzento,Rosa,Madeira/Árvores,Chocolate-Claro
Venenoso,Creosoto,Cinzento,Castanho,Madeira/Árvores,Preto
Comestivel,Nenhum,Cinzento,Rosa,Madeira/Árvores,Preto
Comestivel,Nenhum,Cinzento,Roxo,Madeira/Árvores,Preto
Comestivel,Nenhum,Cinzento,Branco,Madeira/Árvores,Castanho
Comestivel,Nenhum,Castanho,Branco,Madeira/Árvores,Castanho
Venenoso,Fétido,Amarelo,Rosa,Gramados,Chocolate-Claro
Comestivel,Nenhum,Cinzento,Roxo,Madeira/Árvores,Castanho
Venenoso,Fétido,Cinzento,Rosa,Caminhos,Chocolate-Claro
Comestivel,Nenhum,Vermelho,Roxo,Madeira/Árvores,Castanho
Comestivel,Nenhum,Vermelho,Branco,Madeira/Árvores,Castanho
Venenoso,Fétido,Cinzento,Rosa,Madeira/Árvores,Chocolate-Claro
Comestivel,Nenhum,Vermelho,Rosa,Madeira/Árvores,Preto
Venenoso,Fétido,Amarelo,Cinzento,Caminhos,Chocolate-Claro
Comestivel,Nenhum,Vermelho,Roxo,Madeira/Árvores,Castanho
Comestivel,Nenhum,Cinzento,Roxo,Madeira/Árvores,Castanho
Comestivel,Nenhum,Vermelho,Rosa,Madeira/Árvores,Preto
Comestivel,Nenhum,Vermelho,Castanho,Madeira/Árvores,Castanho
Comestivel,Nenhum,Vermelho,Castanho,Madeira/Árvores,Preto
Comestivel,Nenhum,Castanho,Castanho,Madeira/Árvores,Castanho
Comestivel,Nenhum,Cinzento,Branco,Madeira/Árvores,Castanho
Comestivel,Nenhum,Vermelho,Rosa,Madeira/Árvores,Castanho
Venenoso,Fétido,Cinzento,Cinzento,Gramados,Chocolate-Claro
Comestivel,Nenhum,Castanho,Roxo,Madeira/Árvores,Preto
Venenoso,Creosoto,Cinzento,Castanho,Madeira/Árvores,Preto
Comestivel,Nenhum,Castanho,Branco,Madeira/Árvores,Castanho
Comestivel,Nenhum,Cinzento,Branco,Madeira/Árvores,Preto
Comestivel,Nenhum,Vermelho,Rosa,Madeira/Árvores,Preto
Comestivel,Nenhum,Vermelho,Rosa,Madeira/Árvores,Preto
Comestivel,Nenhum,Cinzento,Rosa,Madeira/Árvores,Castanho
Comestivel,Nenhum,Cinzento,Rosa,Madeira/Árvores,Castanho
Venenoso,Creosoto,Rosa,Cinzento,Madeira/Árvores,Preto
Comestivel,Nenhum,Castanho,Castanho,Madeira/Árvores,Castanho
Comestivel,Nenhum,Castanho,Castanho,Madeira/Árvores,Preto
Comestivel,Nenhum,Cinzento,Branco,Madeira/Árvores,Preto
Venenoso,Fétido,Cinzento,Cinzento,Gramados,Chocolate-Claro
Comestivel,Nenhum,Cinzento,Branco,Madeira/Árvores,Castanho
Comestivel,Nenhum,Vermelho,Castanho,Madeira/Árvores,Preto
Venenoso,Fétido,Cinzento,Cinzento,Gramados,Chocolate-Claro
Comestivel,Nenhum,Castanho,Castanho,Madeira/Árvores,Preto
Venenoso,Fétido,Cinzento,Chocolate-Claro,Gramados,Chocolate-Claro
Comestivel,Nenhum,Vermelho,Branco,Madeira/Árvores,Preto
Comestivel,Nenhum,Castanho,Branco,Madeira/Árvores,Preto
Comestivel,Nenhum,Cinzento,Rosa,Madeira/Árvores,Preto
Comestivel,Nenhum,Vermelho,Roxo,Madeira/Árvores,Preto
Venenoso,Fétido,Cinzento,Rosa,Madeira/Árvores,Chocolate-Claro
Venenoso,Creosoto,Cinzento,Cinzento,Madeira/Árvores,Preto
Venenoso,Fétido,Cinzento,Rosa,Gramados,Chocolate-Claro
Venenoso,Fétido,Cinzento,Rosa,Caminhos,Chocolate-Claro
Venenoso,Fétido,Cinzento,Rosa,Caminhos,Chocolate-Claro
Comestivel,Nenhum,Cinzento,Roxo,Madeira/Árvores,Preto
Venenoso,Fétido,Cinzento,Cinzento,Madeira/Árvores,Chocolate-Claro
Comestivel,Nenhum,Vermelho,Rosa,Madeira/Árvores,Preto
Comestivel,Nenhum,Castanho,Branco,Madeira/Árvores,Castanho
Comestivel,Nenhum,Castanho,Castanho,Madeira/Árvores,Preto
Venenoso,Fétido,Amarelo,Rosa,Madeira/Árvores,Chocolate-Claro
Comestivel,Nenhum,Cinzento,Castanho,Madeira/Árvores,Preto
Venenoso,Creosoto,Rosa,Roxo,Madeira/Árvores,Castanho
Comestivel,Nenhum,Vermelho,Branco,Madeira/Árvores,Castanho
Comestivel,Nenhum,Castanho,Castanho,Madeira/Árvores,Preto
Comestivel,Nenhum,Castanho,Castanho,Madeira/Árvores,Preto
Comestivel,Nenhum,Vermelho,Rosa,Madeira/Árvores,Castanho
Venenoso,Fétido,Cinzento,Chocolate-Claro,Gramados,Chocolate-Claro
Venenoso,Fétido,Cinzento,Chocolate-Claro,Caminhos,Chocolate-Claro
Comestivel,Nenhum,Cinzento,Castanho,Madeira/Árvores,Preto
Comestivel,Nenhum,Castanho,Roxo,Madeira/Árvores,Castanho
Venenoso,Fétido,Cinzento,Rosa,Madeira/Árvores,Chocolate-Claro
Comestivel,Nenhum,Cinzento,Branco,Madeira/Árvores,Castanho
Venenoso,Creosoto,Rosa,Cinzento,Madeira/Árvores,Castanho
Comestivel,Nenhum,Castanho,Castanho,Madeira/Árvores,Castanho
Comestivel,Nenhum,Cinzento,Castanho,Madeira/Árvores,Preto
Venenoso,Fétido,Cinzento,Cinzento,Caminhos,Chocolate-Claro
Comestivel,Nenhum,Vermelho,Branco,Madeira/Árvores,Preto
Venenoso,Creosoto,Cinzento,Roxo,Madeira/Árvores,Preto
Venenoso,Fétido,Cinzento,Chocolate-Claro,Gramados,Chocolate-Claro
Comestivel,Nenhum,Castanho,Castanho,Madeira/Árvores,Castanho
Venenoso,Fétido,Cinzento,Cinzento,Madeira/Árvores,Chocolate-Claro
Comestivel,Nenhum,Vermelho,Rosa,Madeira/Árvores,Preto
Comestivel,Nenhum,Cinzento,Roxo,Madeira/Árvores,Castanho
Comestivel,Nenhum,Cinzento,Branco,Madeira/Árvores,Castanho
Comestivel,Nenhum,Castanho,Branco,Madeira/Árvores,Castanho
Comestivel,Nenhum,Vermelho,Roxo,Madeira/Árvores,Castanho
Comestivel,Nenhum,Cinzento,Rosa,Madeira/Árvores,Preto
Comestivel,Nenhum,Vermelho,Roxo,Madeira/Árvores,Preto
Comestivel,Nenhum,Castanho,Castanho,Madeira/Árvores,Preto
Venenoso,Fétido,Amarelo,Rosa,Gramados,Chocolate-Claro
Comestivel,Nenhum,Cinzento,Roxo,Madeira/Árvores,Preto
Comestivel,Nenhum,Castanho,Roxo,Madeira/Árvores,Castanho
Venenoso,Fétido,Cinzento,Cinzento,Gramados,Chocolate-Claro
Venenoso,Fétido,Cinzento,Rosa,Madeira/Árvores,Chocolate-Claro
Venenoso,Fétido,Cinzento,Rosa,Caminhos,Chocolate-Claro
Comestivel,Nenhum,Vermelho,Roxo,Madeira/Árvores,Castanho
Comestivel,Nenhum,Castanho,Rosa,Madeira/Árvores,Preto
Venenoso,Fétido,Cinzento,Rosa,Madeira/Árvores,Chocolate-Claro
Venenoso,Fétido,Cinzento,Rosa,Caminhos,Chocolate-Claro
Venenoso,Fétido,Cinzento,Rosa,Caminhos,Chocolate-Claro
Comestivel,Nenhum,Castanho,Branco,Madeira/Árvores,Castanho
Venenoso,Creosoto,Cinzento,Castanho,Madeira/Árvores,Castanho
Comestivel,Nenhum,Vermelho,Castanho,Madeira/Árvores,Castanho
Venenoso,Fétido,Amarelo,Chocolate-Claro,Madeira/Árvores,Chocolate-Claro
Comestivel,Nenhum,Castanho,Roxo,Madeira/Árvores,Castanho
Comestivel,Nenhum,Vermelho,Roxo,Madeira/Árvores,Preto
Venenoso,Fétido,Cinzento,Chocolate-Claro,Caminhos,Chocolate-Claro
Comestivel,Nenhum,Castanho,Rosa,Madeira/Árvores,Preto
Venenoso,Creosoto,Branco,Cinzento,Madeira/Árvores,Castanho
Comestivel,Nenhum,Cinzento,Rosa,Madeira/Árvores,Preto
Comestivel,Nenhum,Vermelho,Rosa,Madeira/Árvores,Castanho
Comestivel,Nenhum,Cinzento,Rosa,Madeira/Árvores,Castanho
Venenoso,Fétido,Cinzento,Cinzento,Madeira/Árvores,Chocolate-Claro
Comestivel,Nenhum,Vermelho,Roxo,Madeira/Árvores,Castanho
Comestivel,Nenhum,Vermelho,Rosa,Madeira/Árvores,Castanho
Venenoso,Creosoto,Rosa,Cinzento,Madeira/Árvores,Preto
Comestivel,Nenhum,Vermelho,Roxo,Madeira/Árvores,Preto
Comestivel,Nenhum,Cinzento,Roxo,Madeira/Árvores,Preto
Comestivel,Nenhum,Cinzento,Branco,Madeira/Árvores,Castanho
Comestivel,Nenhum,Cinzento,Roxo,Madeira/Árvores,Castanho
Venenoso,Fétido,Cinzento,Chocolate-Claro,Caminhos,Chocolate-Claro
Comestivel,Nenhum,Castanho,Rosa,Madeira/Árvores,Castanho
Comestivel,Nenhum,Cinzento,Castanho,Madeira/Árvores,Preto
Comestivel,Nenhum,Castanho,Roxo,Madeira/Árvores,Preto
Venenoso,Creosoto,Rosa,Castanho,Madeira/Árvores,Preto
Comestivel,Nenhum,Vermelho,Castanho,Madeira/Árvores,Preto
Comestivel,Nenhum,Cinzento,Rosa,Madeira/Árvores,Preto
Comestivel,Nenhum,Vermelho,Castanho,Madeira/Árvores,Preto
Venenoso,Creosoto,Branco,Roxo,Madeira/Árvores,Preto
Venenoso,Fétido,Cinzento,Chocolate-Claro,Caminhos,Chocolate-Claro
Comestivel,Nenhum,Castanho,Branco,Madeira/Árvores,Castanho
Venenoso,Fétido,Cinzento,Cinzento,Gramados,Chocolate-Claro
Venenoso,Creosoto,Branco,Castanho,Madeira/Árvores,Castanho
Comestivel,Nenhum,Castanho,Branco,Madeira/Árvores,Preto
Comestivel,Nenhum,Cinzento,Rosa,Madeira/Árvores,Castanho
Comestivel,Nenhum,Cinzento,Castanho,Madeira/Árvores,Castanho
Comestivel,Nenhum,Cinzento,Branco,Madeira/Árvores,Castanho
Venenoso,Creosoto,Branco,Rosa,Madeira/Árvores,Castanho
Comestivel,Nenhum,Vermelho,Roxo,Madeira/Árvores,Castanho
Venenoso,Fétido,Cinzento,Cinzento,Gramados,Chocolate-Claro
Comestivel,Nenhum,Castanho,Branco,Madeira/Árvores,Castanho
Comestivel,Nenhum,Castanho,Rosa,Madeira/Árvores,Castanho
Venenoso,Creosoto,Rosa,Roxo,Madeira/Árvores,Preto
Comestivel,Nenhum,Cinzento,Castanho,Madeira/Árvores,Castanho
Venenoso,Creosoto,Rosa,Cinzento,Madeira/Árvores,Castanho
Comestivel,Nenhum,Castanho,Castanho,Madeira/Árvores,Castanho
Venenoso,Fétido,Cinzento,Rosa,Gramados,Chocolate-Claro
Comestivel,Nenhum,Vermelho,Branco,Madeira/Árvores,Preto
Venenoso,Creosoto,Rosa,Rosa,Madeira/Árvores,Castanho
Venenoso,Fétido,Cinzento,Rosa,Caminhos,Chocolate-Claro
Comestivel,Nenhum,Vermelho,Roxo,Madeira/Árvores,Castanho
Comestivel,Nenhum,Vermelho,Branco,Madeira/Árvores,Preto
Venenoso,Creosoto,Cinzento,Roxo,Madeira/Árvores,Castanho
Venenoso,Fétido,Cinzento,Rosa,Gramados,Chocolate-Claro
Comestivel,Nenhum,Cinzento,Castanho,Madeira/Árvores,Castanho
Venenoso,Fétido,Cinzento,Rosa,Madeira/Árvores,Chocolate-Claro
Comestivel,Nenhum,Vermelho,Branco,Madeira/Árvores,Preto
Comestivel,Nenhum,Castanho,Roxo,Madeira/Árvores,Preto
Venenoso,Fétido,Amarelo,Chocolate-Claro,Madeira/Árvores,Chocolate-Claro
Comestivel,Nenhum,Vermelho,Castanho,Madeira/Árvores,Preto
Comestivel,Nenhum,Vermelho,Rosa,Madeira/Árvores,Preto
Comestivel,Nenhum,Castanho,Branco,Madeira/Árvores,Castanho
Comestivel,Nenhum,Castanho,Branco,Madeira/Árvores,Preto
Venenoso,Fétido,Cinzento,Cinzento,Madeira/Árvores,Chocolate-Claro
Comestivel,Nenhum,Cinzento,Roxo,Madeira/Árvores,Castanho
Comestivel,Nenhum,Vermelho,Branco,Madeira/Árvores,Preto
Comestivel,Nenhum,Castanho,Rosa,Madeira/Árvores,Castanho
Comestivel,Nenhum,Cinzento,Rosa,Madeira/Árvores,Castanho
Comestivel,Nenhum,Castanho,Branco,Madeira/Árvores,Preto
Venenoso,Fétido,Cinzento,Rosa,Madeira/Árvores,Chocolate-Claro
Venenoso,Creosoto,Branco,Cinzento,Madeira/Árvores,Castanho
Venenoso,Fétido,Amarelo,Cinzento,Caminhos,Chocolate-Claro
Comestivel,Nenhum,Castanho,Roxo,Madeira/Árvores,Castanho
Comestivel,Nenhum,Vermelho,Rosa,Madeira/Árvores,Preto
Comestivel,Nenhum,Vermelho,Roxo,Madeira/Árvores,Castanho
Comestivel,Nenhum,Vermelho,Branco,Madeira/Árvores,Castanho
Comestivel,Nenhum,Vermelho,Branco,Madeira/Árvores,Castanho
Comestivel,Nenhum,Castanho,Castanho,Madeira/Árvores,Preto
Comestivel,Nenhum,Vermelho,Castanho,Madeira/Árvores,Preto
Venenoso,Fétido,Cinzento,Chocolate-Claro,Gramados,Chocolate-Claro
Comestivel,Nenhum,Vermelho,Branco,Madeira/Árvores,Castanho
Comestivel,Nenhum,Castanho,Rosa,Madeira/Árvores,Castanho
Venenoso,Fétido,Cinzento,Rosa,Madeira/Árvores,Chocolate-Claro
Venenoso,Creosoto,Branco,Rosa,Madeira/Árvores,Preto
Venenoso,Creosoto,Cinzento,Rosa,Madeira/Árvores,Preto
Comestivel,Nenhum,Castanho,Roxo,Madeira/Árvores,Castanho
Venenoso,Fétido,Amarelo,Chocolate-Claro,Caminhos,Chocolate-Claro
Venenoso,Creosoto,Cinzento,Castanho,Madeira/Árvores,Castanho
Comestivel,Nenhum,Vermelho,Branco,Madeira/Árvores,Castanho
Comestivel,Nenhum,Vermelho,Roxo,Madeira/Árvores,Castanho
Comestivel,Nenhum,Vermelho,Rosa,Madeira/Árvores,Preto
Venenoso,Fétido,Amarelo,Rosa,Madeira/Árvores,Chocolate-Claro
Comestivel,Nenhum,Castanho,Roxo,Madeira/Árvores,Castanho
Comestivel,Nenhum,Vermelho,Branco,Madeira/Árvores,Castanho
Comestivel,Nenhum,Vermelho,Roxo,Madeira/Árvores,Castanho
Venenoso,Fétido,Amarelo,Rosa,Caminhos,Chocolate-Claro
Venenoso,Creosoto,Cinzento,Castanho,Madeira/Árvores,Castanho
Comestivel,Nenhum,Vermelho,Roxo,Madeira/Árvores,Preto
Venenoso,Creosoto,Cinzento,Cinzento,Madeira/Árvores,Castanho
Venenoso,Creosoto,Branco,Roxo,Madeira/Árvores,Castanho
Venenoso,Fétido,Cinzento,Chocolate-Claro,Gramados,Chocolate-Claro
Comestivel,Nenhum,Cinzento,Castanho,Madeira/Árvores,Castanho
Comestivel,Nenhum,Vermelho,Castanho,Madeira/Árvores,Preto
Venenoso,Fétido,Amarelo,Rosa,Caminhos,Chocolate-Claro
Comestivel,Nenhum,Vermelho,Roxo,Madeira/Árvores,Preto
Comestivel,Nenhum,Vermelho,Branco,Madeira/Árvores,Castanho
Comestivel,Nenhum,Cinzento,Roxo,Madeira/Árvores,Castanho
Comestivel,Nenhum,Vermelho,Castanho,Madeira/Árvores,Castanho
Comestivel,Nenhum,Cinzento,Roxo,Madeira/Árvores,Preto
Comestivel,Nenhum,Castanho,Roxo,Madeira/Árvores,Preto
Comestivel,Nenhum,Vermelho,Branco,Madeira/Árvores,Preto
Comestivel,Nenhum,Castanho,Branco,Madeira/Árvores,Castanho
Comestivel,Nenhum,Vermelho,Castanho,Madeira/Árvores,Castanho
Comestivel,Nenhum,Vermelho,Branco,Madeira/Árvores,Castanho
Comestivel,Nenhum,Cinzento,Branco,Madeira/Árvores,Preto
Comestivel,Nenhum,Cinzento,Rosa,Madeira/Árvores,Castanho
Comestivel,Nenhum,Castanho,Rosa,Madeira/Árvores,Castanho
Comestivel,Nenhum,Castanho,Rosa,Madeira/Árvores,Castanho
Comestivel,Nenhum,Vermelho,Castanho,Madeira/Árvores,Preto
Comestivel,Nenhum,Castanho,Rosa,Madeira/Árvores,Preto
Venenoso,Fétido,Cinzento,Chocolate-Claro,Caminhos,Chocolate-Claro
Comestivel,Nenhum,Vermelho,Rosa,Madeira/Árvores,Castanho
Comestivel,Nenhum,Cinzento,Castanho,Madeira/Árvores,Preto
Comestivel,Nenhum,Castanho,Branco,Madeira/Árvores,Castanho
Comestivel,Nenhum,Castanho,Branco,Madeira/Árvores,Preto
Comestivel,Nenhum,Cinzento,Branco,Madeira/Árvores,Castanho
Venenoso,Fétido,Cinzento,Chocolate-Claro,Madeira/Árvores,Chocolate-Claro
Comestivel,Nenhum,Vermelho,Branco,Madeira/Árvores,Castanho
Venenoso,Fétido,Cinzento,Cinzento,Madeira/Árvores,Chocolate-Claro
Comestivel,Nenhum,Cinzento,Roxo,Madeira/Árvores,Castanho
Comestivel,Nenhum,Cinzento,Castanho,Madeira/Árvores,Castanho
Comestivel,Nenhum,Cinzento,Roxo,Madeira/Árvores,Preto
Venenoso,Fétido,Amarelo,Chocolate-Claro,Caminhos,Chocolate-Claro
Comestivel,Nenhum,Castanho,Castanho,Madeira/Árvores,Castanho
Comestivel,Nenhum,Cinzento,Rosa,Madeira/Árvores,Castanho
Venenoso,Fétido,Cinzento,Chocolate-Claro,Madeira/Árvores,Chocolate-Claro
Comestivel,Nenhum,Castanho,Branco,Madeira/Árvores,Preto
Venenoso,Creosoto,Cinzento,Roxo,Madeira/Árvores,Preto
Comestivel,Nenhum,Vermelho,Branco,Madeira/Árvores,Castanho
Venenoso,Creosoto,Branco,Cinzento,Madeira/Árvores,Preto
Comestivel,Nenhum,Castanho,Castanho,Madeira/Árvores,Preto
Venenoso,Creosoto,Branco,Castanho,Madeira/Árvores,Castanho
Comestivel,Nenhum,Vermelho,Rosa,Madeira/Árvores,Castanho
Comestivel,Nenhum,Cinzento,Roxo,Madeira/Árvores,Castanho
Comestivel,Nenhum,Vermelho,Rosa,Madeira/Árvores,Preto
Comestivel,Nenhum,Vermelho,Branco,Madeira/Árvores,Castanho
Venenoso,Creosoto,Cinzento,Rosa,Madeira/Árvores,Preto
Comestivel,Nenhum,Vermelho,Castanho,Madeira/Árvores,Preto
Comestivel,Nenhum,Vermelho,Castanho,Madeira/Árvores,Preto
Venenoso,Creosoto,Rosa,Castanho,Madeira/Árvores,Preto
Comestivel,Nenhum,Vermelho,Roxo,Madeira/Árvores,Preto
Venenoso,Creosoto,Rosa,Roxo,Madeira/Árvores,Castanho
Comestivel,Nenhum,Vermelho,Branco,Madeira/Árvores,Preto
Venenoso,Fétido,Cinzento,Cinzento,Gramados,Chocolate-Claro
Comestivel,Nenhum,Cinzento,Rosa,Madeira/Árvores,Castanho
Venenoso,Fétido,Cinzento,Chocolate-Claro,Gramados,Chocolate-Claro
Comestivel,Nenhum,Castanho,Castanho,Madeira/Árvores,Preto
Comestivel,Nenhum,Vermelho,Roxo,Madeira/Árvores,Castanho
Comestivel,Nenhum,Castanho,Roxo,Madeira/Árvores,Preto
Venenoso,Creosoto,Rosa,Cinzento,Madeira/Árvores,Preto
Venenoso,Fétido,Cinzento,Chocolate-Claro,Caminhos,Chocolate-Claro
Comestivel,Nenhum,Vermelho,Rosa,Madeira/Árvores,Castanho
Comestivel,Nenhum,Cinzento,Branco,Madeira/Árvores,Preto
Comestivel,Nenhum,Cinzento,Castanho,Madeira/Árvores,Preto
Comestivel,Nenhum,Vermelho,Rosa,Madeira/Árvores,Castanho
Comestivel,Nenhum,Vermelho,Roxo,Madeira/Árvores,Preto
Comestivel,Nenhum,Cinzento,Castanho,Madeira/Árvores,Castanho
Venenoso,Fétido,Cinzento,Cinzento,Madeira/Árvores,Chocolate-Claro
Comestivel,Nenhum,Castanho,Roxo,Madeira/Árvores,Castanho
Comestivel,Nenhum,Vermelho,Roxo,Madeira/Árvores,Preto
Comestivel,Nenhum,Vermelho,Castanho,Madeira/Árvores,Preto
Venenoso,Creosoto,Branco,Castanho,Madeira/Árvores,Preto
Comestivel,Nenhum,Vermelho,Rosa,Madeira/Árvores,Preto
Comestivel,Nenhum,Cinzento,Rosa,Madeira/Árvores,Castanho
Venenoso,Fétido,Cinzento,Rosa,Gramados,Chocolate-Claro
Comestivel,Nenhum,Cinzento,Castanho,Madeira/Árvores,Castanho
Venenoso,Creosoto,Branco,Castanho,Madeira/Árvores,Preto
Comestivel,Nenhum,Vermelho,Castanho,Madeira/Árvores,Preto
Venenoso,Creosoto,Branco,Castanho,Madeira/Árvores,Preto
Venenoso,Fétido,Cinzento,Cinzento,Madeira/Árvores,Chocolate-Claro
Venenoso,Fétido,Cinzento,Chocolate-Claro,Madeira/Árvores,Chocolate-Claro
Comestivel,Nenhum,Cinzento,Roxo,Madeira/Árvores,Castanho
Comestivel,Nenhum,Cinzento,Rosa,Madeira/Árvores,Castanho
Comestivel,Nenhum,Vermelho,Rosa,Madeira/Árvores,Castanho
Comestivel,Nenhum,Vermelho,Rosa,Madeira/Árvores,Preto
Venenoso,Fétido,Cinzento,Chocolate-Claro,Caminhos,Chocolate-Claro
Comestivel,Nenhum,Vermelho,Roxo,Madeira/Árvores,Castanho
Comestivel,Nenhum,Vermelho,Castanho,Madeira/Árvores,Preto
Venenoso,Fétido,Cinzento,Cinzento,Gramados,Chocolate-Claro
Comestivel,Nenhum,Vermelho,Roxo,Madeira/Árvores,Preto
Venenoso,Creosoto,Cinzento,Rosa,Madeira/Árvores,Castanho
Comestivel,Nenhum,Cinzento,Roxo,Madeira/Árvores,Preto
Comestivel,Nenhum,Vermelho,Branco,Madeira/Árvores,Castanho
Comestivel,Nenhum,Vermelho,Castanho,Madeira/Árvores,Castanho
Comestivel,Nenhum,Cinzento,Branco,Madeira/Árvores,Preto
Comestivel,Nenhum,Vermelho,Castanho,Madeira/Árvores,Castanho
Comestivel,Nenhum,Cinzento,Roxo,Madeira/Árvores,Preto
Venenoso,Creosoto,Rosa,Rosa,Madeira/Árvores,Preto
Comestivel,Nenhum,Castanho,Roxo,Madeira/Árvores,Castanho
Venenoso,Fétido,Cinzento,Rosa,Gramados,Chocolate-Claro
Comestivel,Nenhum,Vermelho,Castanho,Madeira/Árvores,Preto
Comestivel,Nenhum,Cinzento,Branco,Madeira/Árvores,Castanho
Comestivel,Nenhum,Vermelho,Castanho,Madeira/Árvores,Castanho
Venenoso,Creosoto,Branco,Roxo,Madeira/Árvores,Castanho
Venenoso,Creosoto,Branco,Castanho,Madeira/Árvores,Castanho
Comestivel,Nenhum,Castanho,Castanho,Madeira/Árvores,Castanho
Comestivel,Nenhum,Vermelho,Branco,Madeira/Árvores,Preto
Comestivel,Nenhum,Vermelho,Branco,Madeira/Árvores,Preto
Comestivel,Nenhum,Cinzento,Roxo,Madeira/Árvores,Castanho
Venenoso,Fétido,Cinzento,Rosa,Madeira/Árvores,Chocolate-Claro
Venenoso,Creosoto,Branco,Castanho,Madeira/Árvores,Preto
Comestivel,Nenhum,Castanho,Branco,Madeira/Árvores,Preto
Comestivel,Nenhum,Vermelho,Branco,Madeira/Árvores,Preto
Venenoso,Creosoto,Branco,Roxo,Madeira/Árvores,Preto
Venenoso,Creosoto,Cinzento,Rosa,Madeira/Árvores,Preto
Comestivel,Nenhum,Vermelho,Rosa,Madeira/Árvores,Preto
Venenoso,Fétido,Cinzento,Chocolate-Claro,Madeira/Árvores,Chocolate-Claro
Venenoso,Creosoto,Cinzento,Rosa,Madeira/Árvores,Castanho
Venenoso,Fétido,Cinzento,Chocolate-Claro,Madeira/Árvores,Chocolate-Claro
Venenoso,Creosoto,Cinzento,Castanho,Madeira/Árvores,Castanho
Comestivel,Nenhum,Cinzento,Branco,Madeira/Árvores,Preto
Venenoso,Creosoto,Rosa,Roxo,Madeira/Árvores,Preto
Comestivel,Nenhum,Vermelho,Castanho,Madeira/Árvores,Castanho
Venenoso,Creosoto,Rosa,Castanho,Madeira/Árvores,Preto
Venenoso,Creosoto,Cinzento,Rosa,Madeira/Árvores,Preto
Comestivel,Nenhum,Vermelho,Rosa,Madeira/Árvores,Preto
Venenoso,Creosoto,Cinzento,Castanho,Madeira/Árvores,Preto
Venenoso,Creosoto,Cinzento,Castanho,Madeira/Árvores,Preto
Comestivel,Nenhum,Cinzento,Roxo,Madeira/Árvores,Castanho
Comestivel,Nenhum,Castanho,Roxo,Madeira/Árvores,Castanho
Venenoso,Creosoto,Cinzento,Cinzento,Madeira/Árvores,Castanho
Comestivel,Nenhum,Vermelho,Rosa,Madeira/Árvores,Preto
Venenoso,Creosoto,Branco,Castanho,Madeira/Árvores,Castanho
Comestivel,Nenhum,Castanho,Branco,Madeira/Árvores,Preto
Venenoso,Fétido,Cinzento,Chocolate-Claro,Madeira/Árvores,Chocolate-Claro
Venenoso,Fétido,Cinzento,Cinzento,Gramados,Chocolate-Claro
Comestivel,Nenhum,Cinzento,Castanho,Madeira/Árvores,Preto
Venenoso,Fétido,Cinzento,Cinzento,Gramados,Chocolate-Claro
Comestivel,Nenhum,Cinzento,Rosa,Madeira/Árvores,Castanho
Venenoso,Fétido,Cinzento,Cinzento,Gramados,Chocolate-Claro
Venenoso,Fétido,Cinzento,Rosa,Caminhos,Chocolate-Claro
Comestivel,Nenhum,Vermelho,Castanho,Madeira/Árvores,Preto
Comestivel,Nenhum,Cinzento,Branco,Madeira/Árvores,Preto
Venenoso,Creosoto,Branco,Rosa,Madeira/Árvores,Castanho
Comestivel,Nenhum,Cinzento,Castanho,Madeira/Árvores,Castanho
Venenoso,Fétido,Cinzento,Rosa,Caminhos,Chocolate-Claro
Venenoso,Fétido,Amarelo,Chocolate-Claro,Madeira/Árvores,Chocolate-Claro
Venenoso,Fétido,Cinzento,Rosa,Caminhos,Chocolate-Claro
Venenoso,Fétido,Amarelo,Rosa,Gramados,Chocolate-Claro
Venenoso,Creosoto,Branco,Cinzento,Madeira/Árvores,Castanho
Venenoso,Fétido,Amarelo,Chocolate-Claro,Madeira/Árvores,Chocolate-Claro
Venenoso,Fétido,Amarelo,Cinzento,Madeira/Árvores,Chocolate-Claro
Venenoso,Fétido,Amarelo,Chocolate-Claro,Caminhos,Chocolate-Claro
Venenoso,Fétido,Amarelo,Chocolate-Claro,Madeira/Árvores,Chocolate-Claro
Venenoso,Fétido,Amarelo,Cinzento,Madeira/Árvores,Chocolate-Claro
Comestivel,Nenhum,Cinzento,Castanho,Madeira/Árvores,Preto
Venenoso,Fétido,Cinzento,Cinzento,Gramados,Chocolate-Claro
Venenoso,Fétido,Amarelo,Rosa,Caminhos,Chocolate-Claro
Venenoso,Fétido,Amarelo,Cinzento,Gramados,Chocolate-Claro
Comestivel,Nenhum,Cinzento,Branco,Madeira/Árvores,Preto
Comestivel,Nenhum,Castanho,Castanho,Madeira/Árvores,Castanho
Comestivel,Nenhum,Vermelho,Castanho,Madeira/Árvores,Castanho
Venenoso,Fétido,Amarelo,Chocolate-Claro,Gramados,Chocolate-Claro
Venenoso,Fétido,Cinzento,Cinzento,Gramados,Chocolate-Claro
Venenoso,Fétido,Cinzento,Chocolate-Claro,Madeira/Árvores,Chocolate-Claro
Comestivel,Nenhum,Vermelho,Branco,Madeira/Árvores,Preto
Venenoso,Fétido,Cinzento,Rosa,Gramados,Chocolate-Claro
Comestivel,Nenhum,Vermelho,Castanho,Madeira/Árvores,Preto
Comestivel,Nenhum,Cinzento,Rosa,Madeira/Árvores,Preto
Comestivel,Nenhum,Cinzento,Branco,Madeira/Árvores,Castanho
Venenoso,Fétido,Cinzento,Rosa,Madeira/Árvores,Chocolate-Claro
Venenoso,Fétido,Amarelo,Rosa,Gramados,Chocolate-Claro
Venenoso,Fétido,Amarelo,Chocolate-Claro,Gramados,Chocolate-Claro
Comestivel,Nenhum,Vermelho,Rosa,Madeira/Árvores,Castanho
Venenoso,Fétido,Amarelo,Chocolate-Claro,Madeira/Árvores,Chocolate-Claro
Venenoso,Fétido,Cinzento,Chocolate-Claro,Caminhos,Chocolate-Claro
Venenoso,Fétido,Amarelo,Cinzento,Gramados,Chocolate-Claro
Venenoso,Fétido,Amarelo,Cinzento,Madeira/Árvores,Chocolate-Claro
Venenoso,Fétido,Cinzento,Rosa,Caminhos,Chocolate-Claro
Venenoso,Fétido,Amarelo,Chocolate-Claro,Caminhos,Chocolate-Claro
Venenoso,Creosoto,Rosa,Cinzento,Madeira/Árvores,Castanho
Venenoso,Fétido,Amarelo,Rosa,Gramados,Chocolate-Claro
Comestivel,Nenhum,Vermelho,Roxo,Madeira/Árvores,Preto
Comestivel,Nenhum,Vermelho,Castanho,Madeira/Árvores,Preto
Venenoso,Creosoto,Rosa,Castanho,Madeira/Árvores,Castanho
Venenoso,Fétido,Amarelo,Chocolate-Claro,Gramados,Chocolate-Claro
Venenoso,Fétido,Cinzento,Rosa,Gramados,Chocolate-Claro
Comestivel,Nenhum,Cinzento,Rosa,Madeira/Árvores,Preto
Comestivel,Nenhum,Vermelho,Rosa,Madeira/Árvores,Castanho
Venenoso,Fétido,Cinzento,Rosa,Madeira/Árvores,Chocolate-Claro
Comestivel,Nenhum,Cinzento,Roxo,Madeira/Árvores,Castanho
Venenoso,Fétido,Amarelo,Cinzento,Madeira/Árvores,Chocolate-Claro
Venenoso,Fétido,Cinzento,Cinzento,Gramados,Chocolate-Claro
Comestivel,Nenhum,Vermelho,Rosa,Madeira/Árvores,Castanho
Venenoso,Fétido,Amarelo,Chocolate-Claro,Gramados,Chocolate-Claro
Venenoso,Fétido,Amarelo,Cinzento,Gramados,Chocolate-Claro
Venenoso,Fétido,Amarelo,Rosa,Gramados,Chocolate-Claro
Venenoso,Fétido,Cinzento,Cinzento,Gramados,Chocolate-Claro
Venenoso,Creosoto,Rosa,Castanho,Madeira/Árvores,Castanho
Venenoso,Creosoto,Cinzento,Cinzento,Madeira/Árvores,Preto
Venenoso,Fétido,Cinzento,Cinzento,Caminhos,Chocolate-Claro
Venenoso,Fétido,Amarelo,Chocolate-Claro,Caminhos,Chocolate-Claro
Venenoso,Fétido,Cinzento,Chocolate-Claro,Madeira/Árvores,Chocolate-Claro
Comestivel,Nenhum,Cinzento,Roxo,Madeira/Árvores,Castanho
Venenoso,Fétido,Cinzento,Branco,Urbano,Chocolate-Claro
Venenoso,Fétido,Amarelo,Cinzento,Madeira/Árvores,Chocolate-Claro
Comestivel,Nenhum,Cinzento,Branco,Madeira/Árvores,Preto
Venenoso,Fétido,Amarelo,Cinzento,Madeira/Árvores,Chocolate-Claro
Venenoso,Fétido,Cinzento,Chocolate-Claro,Caminhos,Chocolate-Claro
Venenoso,Fétido,Amarelo,Cinzento,Caminhos,Chocolate-Claro
Venenoso,Fétido,Cinzento,Chocolate-Claro,Gramados,Chocolate-Claro
Venenoso,Fétido,Cinzento,Chocolate-Claro,Gramados,Chocolate-Claro
Venenoso,Fétido,Amarelo,Chocolate-Claro,Caminhos,Chocolate-Claro
Venenoso,Fétido,Amarelo,Rosa,Caminhos,Chocolate-Claro
Venenoso,Creosoto,Branco,Cinzento,Madeira/Árvores,Preto
Venenoso,Fétido,Cinzento,Cinzento,Caminhos,Chocolate-Claro
Venenoso,Fétido,Cinzento,Rosa,Caminhos,Chocolate-Claro
Comestivel,Nenhum,Castanho,Roxo,Madeira/Árvores,Castanho
Comestivel,Nenhum,Cinzento,Branco,Madeira/Árvores,Preto
Venenoso,Fétido,Amarelo,Cinzento,Caminhos,Chocolate-Claro
Venenoso,Creosoto,Rosa,Roxo,Madeira/Árvores,Castanho
Venenoso,Fétido,Cinzento,Rosa,Gramados,Chocolate-Claro
Venenoso,Fétido,Cinzento,Chocolate-Claro,Gramados,Chocolate-Claro
Venenoso,Creosoto,Branco,Roxo,Madeira/Árvores,Preto
Comestivel,Nenhum,Vermelho,Branco,Madeira/Árvores,Castanho
Venenoso,Fétido,Cinzento,Rosa,Gramados,Chocolate-Claro
Venenoso,Creosoto,Rosa,Rosa,Madeira/Árvores,Preto
Venenoso,Fétido,Branco,Rosa,Gramados,Chocolate-Claro
Venenoso,Fétido,Amarelo,Rosa,Caminhos,Chocolate-Claro
Comestivel,Nenhum,Bege,Vermelho,Florestas,Branco
Venenoso,Fétido,Cinzento,Cinzento,Gramados,Chocolate-Claro
Venenoso,Fétido,Cinzento,Rosa,Gramados,Chocolate-Claro
Venenoso,Fétido,Amarelo,Chocolate-Claro,Gramados,Chocolate-Claro
Venenoso,Fétido,Amarelo,Chocolate-Claro,Gramados,Chocolate-Claro
Comestivel,Nenhum,Cinzento,Roxo,Madeira/Árvores,Castanho
Venenoso,Fétido,Amarelo,Chocolate-Claro,Madeira/Árvores,Chocolate-Claro
Venenoso,Fétido,Cinzento,Chocolate-Claro,Madeira/Árvores,Chocolate-Claro
Venenoso,Fétido,Cinzento,Rosa,Gramados,Chocolate-Claro
Venenoso,Creosoto,Cinzento,Roxo,Madeira/Árvores,Castanho
Venenoso,Creosoto,Cinzento,Roxo,Madeira/Árvores,Castanho
Venenoso,Fétido,Cinzento,Rosa,Gramados,Chocolate-Claro
Venenoso,Fétido,Cinzento,Chocolate-Claro,Gramados,Chocolate-Claro
Venenoso,Fétido,Cinzento,Chocolate-Claro,Gramados,Chocolate-Claro
Comestivel,Nenhum,Cinzento,Castanho,Madeira/Árvores,Preto
Venenoso,Fétido,Amarelo,Rosa,Madeira/Árvores,Chocolate-Claro
Comestivel,Nenhum,Vermelho,Rosa,Madeira/Árvores,Preto
Venenoso,Fétido,Cinzento,Rosa,Caminhos,Chocolate-Claro
Comestivel,Nenhum,Castanho,Castanho,Madeira/Árvores,Preto
Comestivel,Nenhum,Vermelho,Branco,Madeira/Árvores,Preto
Venenoso,Fétido,Cinzento,Cinzento,Caminhos,Chocolate-Claro
Venenoso,Fétido,Cinzento,Chocolate-Claro,Madeira/Árvores,Chocolate-Claro
Comestivel,Nenhum,Vermelho,Branco,Madeira/Árvores,Castanho
Venenoso,Fétido,Cinzento,Rosa,Caminhos,Chocolate-Claro
Comestivel,Nenhum,Cinzento,Branco,Madeira/Árvores,Preto
Comestivel,Nenhum,Vermelho,Branco,Madeira/Árvores,Preto
Comestivel,Nenhum,Vermelho,Branco,Madeira/Árvores,Castanho
Venenoso,Fétido,Cinzento,Cinzento,Caminhos,Chocolate-Claro
Comestivel,Nenhum,Vermelho,Roxo,Madeira/Árvores,Preto
Venenoso,Fétido,Cinzento,Rosa,Madeira/Árvores,Chocolate-Claro
Venenoso,Fétido,Amarelo,Rosa,Caminhos,Chocolate-Claro
Venenoso,Fétido,Amarelo,Rosa,Madeira/Árvores,Chocolate-Claro
Venenoso,Fétido,Amarelo,Cinzento,Caminhos,Chocolate-Claro
Venenoso,Fétido,Amarelo,Rosa,Madeira/Árvores,Chocolate-Claro
Comestivel,Nenhum,Cinzento,Roxo,Madeira/Árvores,Castanho
Comestivel,Nenhum,Cinzento,Roxo,Madeira/Árvores,Castanho
Venenoso,Fétido,Cinzento,Cinzento,Gramados,Chocolate-Claro
Venenoso,Fétido,Amarelo,Chocolate-Claro,Madeira/Árvores,Chocolate-Claro
Venenoso,Fétido,Cinzento,Rosa,Caminhos,Chocolate-Claro
Venenoso,Peixe,Vermelho,Chocolate,Caminhos,Branco
Venenoso,Fétido,Cinzento,Chocolate-Claro,Caminhos,Chocolate-Claro
Venenoso,Fétido,Cinzento,Cinzento,Gramados,Chocolate-Claro
Venenoso,Creosoto,Cinzento,Roxo,Madeira/Árvores,Castanho
Venenoso,Fétido,Cinzento,Rosa,Gramados,Chocolate-Claro
Venenoso,Fétido,Bege,Rosa,Gramados,Chocolate-Claro
Venenoso,Fétido,Cinzento,Rosa,Madeira/Árvores,Chocolate-Claro
Venenoso,Fétido,Amarelo,Rosa,Madeira/Árvores,Chocolate-Claro
Venenoso,Creosoto,Branco,Roxo,Madeira/Árvores,Preto
Venenoso,Fétido,Amarelo,Chocolate-Claro,Madeira/Árvores,Chocolate-Claro
Comestivel,Nenhum,Vermelho,Branco,Madeira/Árvores,Preto
Venenoso,Fétido,Cinzento,Chocolate-Claro,Gramados,Chocolate-Claro
Venenoso,Fétido,Amarelo,Rosa,Madeira/Árvores,Chocolate-Claro
Venenoso,Fétido,Amarelo,Rosa,Caminhos,Chocolate-Claro
Venenoso,Fétido,Cinzento,Rosa,Gramados,Chocolate-Claro
Venenoso,Fétido,Amarelo,Chocolate-Claro,Madeira/Árvores,Chocolate-Claro
Comestivel,Nenhum,Cinzento,Roxo,Madeira/Árvores,Preto
Venenoso,Fétido,Cinzento,Rosa,Madeira/Árvores,Chocolate-Claro
Comestivel,Nenhum,Castanho,Roxo,Madeira/Árvores,Castanho
Venenoso,Fétido,Cinzento,Chocolate-Claro,Madeira/Árvores,Chocolate-Claro
Venenoso,Fétido,Cinzento,Rosa,Caminhos,Chocolate-Claro
Venenoso,Fétido,Cinzento,Cinzento,Madeira/Árvores,Chocolate-Claro
Venenoso,Creosoto,Branco,Roxo,Madeira/Árvores,Preto
Venenoso,Fétido,Cinzento,Chocolate-Claro,Madeira/Árvores,Chocolate-Claro
Comestivel,Nenhum,Castanho,Rosa,Madeira/Árvores,Preto
Venenoso,Creosoto,Branco,Roxo,Madeira/Árvores,Preto
Venenoso,Fétido,Amarelo,Rosa,Madeira/Árvores,Chocolate-Claro
Venenoso,Fétido,Amarelo,Rosa,Madeira/Árvores,Chocolate-Claro
Venenoso,Creosoto,Rosa,Roxo,Madeira/Árvores,Castanho
Venenoso,Fétido,Amarelo,Rosa,Madeira/Árvores,Chocolate-Claro
Venenoso,Fétido,Cinzento,Chocolate-Claro,Caminhos,Chocolate-Claro
Comestivel,Nenhum,Vermelho,Rosa,Madeira/Árvores,Preto
Venenoso,Fétido,Amarelo,Cinzento,Caminhos,Chocolate-Claro
Venenoso,Fétido,Amarelo,Cinzento,Caminhos,Chocolate-Claro
Venenoso,Creosoto,Cinzento,Cinzento,Madeira/Árvores,Castanho
Venenoso,Creosoto,Rosa,Roxo,Madeira/Árvores,Preto
Comestivel,Nenhum,Vermelho,Castanho,Madeira/Árvores,Castanho
Venenoso,Fétido,Amarelo,Chocolate-Claro,Gramados,Chocolate-Claro
Comestivel,Nenhum,Castanho,Castanho,Madeira/Árvores,Castanho
Comestivel,Nenhum,Vermelho,Rosa,Madeira/Árvores,Preto
Venenoso,Fétido,Amarelo,Rosa,Madeira/Árvores,Chocolate-Claro
Venenoso,Fétido,Amarelo,Rosa,Gramados,Chocolate-Claro
Venenoso,Fétido,Cinzento,Cinzento,Madeira/Árvores,Chocolate-Claro
Venenoso,Fétido,Cinzento,Cinzento,Madeira/Árvores,Chocolate-Claro
Venenoso,Fétido,Amarelo,Cinzento,Caminhos,Chocolate-Claro
Comestivel,Nenhum,Cinzento,Branco,Madeira/Árvores,Castanho
Venenoso,Fétido,Cinzento,Rosa,Caminhos,Chocolate-Claro
Venenoso,Fétido,Amarelo,Chocolate-Claro,Caminhos,Chocolate-Claro
Venenoso,Fétido,Cinzento,Rosa,Caminhos,Chocolate-Claro
Venenoso,Fétido,Amarelo,Rosa,Caminhos,Chocolate-Claro
Comestivel,Nenhum,Vermelho,Roxo,Madeira/Árvores,Castanho
Comestivel,Nenhum,Castanho,Rosa,Madeira/Árvores,Castanho
Venenoso,Fétido,Amarelo,Chocolate-Claro,Gramados,Chocolate-Claro
Comestivel,Nenhum,Roxo,Chocolate-Claro,Madeira/Árvores,Chocolate-Claro
Comestivel,Nenhum,Castanho,Roxo,Madeira/Árvores,Castanho
Venenoso,Fétido,Amarelo,Rosa,Gramados,Chocolate-Claro
Venenoso,Fétido,Amarelo,Cinzento,Gramados,Chocolate-Claro
Venenoso,Fétido,Cinzento,Cinzento,Madeira/Árvores,Chocolate-Claro
Venenoso,Fétido,Cinzento,Rosa,Caminhos,Chocolate-Claro
Venenoso,Fétido,Amarelo,Cinzento,Caminhos,Chocolate-Claro
Venenoso,Fétido,Amarelo,Cinzento,Madeira/Árvores,Chocolate-Claro
Venenoso,Fétido,Amarelo,Chocolate-Claro,Caminhos,Chocolate-Claro
Venenoso,Fétido,Cinzento,Rosa,Caminhos,Chocolate-Claro
Venenoso,Fétido,Amarelo,Chocolate-Claro,Caminhos,Chocolate-Claro
Comestivel,Nenhum,Cinzento,Roxo,Madeira/Árvores,Castanho
Venenoso,Fétido,Cinzento,Chocolate-Claro,Madeira/Árvores,Chocolate-Claro
Comestivel,Nenhum,Vermelho,Rosa,Madeira/Árvores,Castanho
Venenoso,Fétido,Cinzento,Rosa,Madeira/Árvores,Chocolate-Claro
Venenoso,Fétido,Amarelo,Chocolate-Claro,Madeira/Árvores,Chocolate-Claro
Comestivel,Nenhum,Castanho,Castanho,Madeira/Árvores,Castanho
Comestivel,Nenhum,Cinzento,Branco,Madeira/Árvores,Preto
Venenoso,Fétido,Cinzento,Rosa,Gramados,Chocolate-Claro
Comestivel,Nenhum,Vermelho,Branco,Madeira/Árvores,Preto
Comestivel,Nenhum,Vermelho,Rosa,Madeira/Árvores,Castanho
Venenoso,Fétido,Amarelo,Chocolate-Claro,Caminhos,Chocolate-Claro
Venenoso,Creosoto,Branco,Roxo,Madeira/Árvores,Preto
Venenoso,Fétido,Cinzento,Rosa,Madeira/Árvores,Chocolate-Claro
Venenoso,Peixe,Vermelho,Chocolate,Madeira/Árvores,Branco
Venenoso,Fétido,Amarelo,Rosa,Caminhos,Chocolate-Claro
Venenoso,Fétido,Cinzento,Rosa,Madeira/Árvores,Chocolate-Claro
Comestivel,Nenhum,Cinzento,Roxo,Madeira/Árvores,Castanho
Venenoso,Fétido,Castanho,Chocolate,Folhas Mortas,Branco
Comestivel,Nenhum,Vermelho,Castanho,Madeira/Árvores,Castanho
Venenoso,Nenhum,Bege,Cinzento,Prados,Verde
Comestivel,Nenhum,Cinzento,Branco,Madeira/Árvores,Preto
Venenoso,Fétido,Cinzento,Rosa,Gramados,Chocolate-Claro
Comestivel,Nenhum,Cinzento,Branco,Madeira/Árvores,Preto
Venenoso,Fétido,Amarelo,Rosa,Caminhos,Chocolate-Claro
Venenoso,Fétido,Amarelo,Cinzento,Gramados,Chocolate-Claro
Venenoso,Fétido,Cinzento,Cinzento,Gramados,Chocolate-Claro
Comestivel,Nenhum,Vermelho,Roxo,Madeira/Árvores,Castanho
Venenoso,Fétido,Cinzento,Rosa,Caminhos,Chocolate-Claro
Venenoso,Fétido,Amarelo,Cinzento,Gramados,Chocolate-Claro
Venenoso,Fétido,Amarelo,Cinzento,Madeira/Árvores,Chocolate-Claro
Venenoso,Fétido,Amarelo,Cinzento,Caminhos,Chocolate-Claro
Venenoso,Fétido,Amarelo,Rosa,Gramados,Chocolate-Claro
Venenoso,Fétido,Amarelo,Chocolate-Claro,Gramados,Chocolate-Claro
Venenoso,Fétido,Cinzento,Rosa,Caminhos,Chocolate-Claro
Comestivel,Nenhum,Vermelho,Roxo,Madeira/Árvores,Preto
Venenoso,Fétido,Cinzento,Cinzento,Madeira/Árvores,Chocolate-Claro
Venenoso,Fétido,Amarelo,Chocolate-Claro,Gramados,Chocolate-Claro
Comestivel,Nenhum,Castanho,Roxo,Madeira/Árvores,Preto
Venenoso,Fétido,Amarelo,Cinzento,Caminhos,Chocolate-Claro
Venenoso,Fétido,Amarelo,Chocolate-Claro,Caminhos,Chocolate-Claro
Comestivel,Nenhum,Castanho,Rosa,Madeira/Árvores,Preto
Venenoso,Fétido,Cinzento,Rosa,Caminhos,Chocolate-Claro
Comestivel,Nenhum,Vermelho,Rosa,Madeira/Árvores,Preto
Venenoso,Fétido,Amarelo,Cinzento,Gramados,Chocolate-Claro
Venenoso,Fétido,Cinzento,Chocolate-Claro,Madeira/Árvores,Chocolate-Claro
Venenoso,Fétido,Amarelo,Rosa,Madeira/Árvores,Chocolate-Claro
Venenoso,Creosoto,Cinzento,Cinzento,Madeira/Árvores,Preto
Comestivel,Nenhum,Cinzento,Branco,Madeira/Árvores,Preto
Venenoso,Fétido,Cinzento,Cinzento,Gramados,Chocolate-Claro
Venenoso,Fétido,Cinzento,Chocolate-Claro,Madeira/Árvores,Chocolate-Claro
Venenoso,Fétido,Cinzento,Chocolate-Claro,Caminhos,Chocolate-Claro
Comestivel,Nenhum,Castanho,Branco,Madeira/Árvores,Preto
Venenoso,Fétido,Amarelo,Rosa,Madeira/Árvores,Chocolate-Claro
Venenoso,Fétido,Cinzento,Cinzento,Madeira/Árvores,Chocolate-Claro
Comestivel,Nenhum,Vermelho,Branco,Madeira/Árvores,Castanho
Comestivel,Nenhum,Vermelho,Branco,Madeira/Árvores,Preto
Venenoso,Fétido,Cinzento,Rosa,Urbano,Chocolate-Claro
Venenoso,Fétido,Cinzento,Cinzento,Caminhos,Chocolate-Claro
Venenoso,Fétido,Cinzento,Cinzento,Caminhos,Chocolate-Claro
Venenoso,Fétido,Cinzento,Cinzento,Caminhos,Chocolate-Claro
Venenoso,Fétido,Amarelo,Chocolate-Claro,Madeira/Árvores,Chocolate-Claro
Venenoso,Fétido,Cinzento,Rosa,Madeira/Árvores,Chocolate-Claro
Venenoso,Fétido,Cinzento,Rosa,Caminhos,Chocolate-Claro
Comestivel,Nenhum,Vermelho,Branco,Madeira/Árvores,Castanho
Venenoso,Fétido,Cinzento,Chocolate-Claro,Gramados,Chocolate-Claro
Venenoso,Fétido,Cinzento,Rosa,Gramados,Chocolate-Claro
Venenoso,Fétido,Cinzento,Rosa,Caminhos,Chocolate-Claro
Comestivel,Nenhum,Vermelho,Rosa,Madeira/Árvores,Castanho
Comestivel,Nenhum,Vermelho,Rosa,Madeira/Árvores,Castanho
Comestivel,Nenhum,Vermelho,Castanho,Madeira/Árvores,Castanho
Venenoso,Fétido,Amarelo,Chocolate-Claro,Gramados,Chocolate-Claro
Venenoso,Fétido,Cinzento,Chocolate-Claro,Caminhos,Chocolate-Claro
Comestivel,Nenhum,Castanho,Roxo,Madeira/Árvores,Preto
Venenoso,Fétido,Cinzento,Cinzento,Gramados,Chocolate-Claro
Comestivel,Nenhum,Cinzento,Roxo,Madeira/Árvores,Castanho
Venenoso,Fétido,Amarelo,Rosa,Caminhos,Chocolate-Claro
Venenoso,Fétido,Amarelo,Rosa,Madeira/Árvores,Chocolate-Claro
Venenoso,Fétido,Amarelo,Rosa,Madeira/Árvores,Chocolate-Claro
Comestivel,Nenhum,Canela,Branco,Folhas Mortas,Branco
Venenoso,Fétido,Cinzento,Chocolate-Claro,Madeira/Árvores,Chocolate-Claro
Venenoso,Fétido,Cinzento,Rosa,Gramados,Chocolate-Claro
Venenoso,Fétido,Cinzento,Chocolate-Claro,Gramados,Chocolate-Claro
Venenoso,Fétido,Cinzento,Rosa,Gramados,Chocolate-Claro
Venenoso,Fétido,Bege,Branco,Urbano,Chocolate-Claro
Venenoso,Fétido,Cinzento,Chocolate-Claro,Madeira/Árvores,Chocolate-Claro
Venenoso,Fétido,Cinzento,Rosa,Gramados,Chocolate-Claro
Venenoso,Fétido,Amarelo,Cinzento,Caminhos,Chocolate-Claro
Venenoso,Fétido,Cinzento,Chocolate-Claro,Caminhos,Chocolate-Claro
Venenoso,Fétido,Cinzento,Cinzento,Madeira/Árvores,Chocolate-Claro
Comestivel,Nenhum,Cinzento,Branco,Madeira/Árvores,Preto
Venenoso,Fétido,Amarelo,Rosa,Caminhos,Chocolate-Claro
Venenoso,Fétido,Amarelo,Chocolate-Claro,Caminhos,Chocolate-Claro
Comestivel,Nenhum,Vermelho,Roxo,Madeira/Árvores,Preto
Venenoso,Fétido,Cinzento,Chocolate-Claro,Caminhos,Chocolate-Claro
Venenoso,Fétido,Cinzento,Chocolate-Claro,Madeira/Árvores,Chocolate-Claro
Venenoso,Fétido,Amarelo,Cinzento,Madeira/Árvores,Chocolate-Claro
Comestivel,Nenhum,Cinzento,Branco,Madeira/Árvores,Preto
Venenoso,Fétido,Cinzento,Cinzento,Gramados,Chocolate-Claro
Venenoso,Fétido,Cinzento,Cinzento,Caminhos,Chocolate-Claro
Comestivel,Nenhum,Castanho,Rosa,Madeira/Árvores,Castanho
Comestivel,Nenhum,Cinzento,Roxo,Madeira/Árvores,Castanho
Venenoso,Fétido,Cinzento,Chocolate-Claro,Madeira/Árvores,Chocolate-Claro
Venenoso,Fétido,Amarelo,Chocolate-Claro,Caminhos,Chocolate-Claro
Venenoso,Fétido,Amarelo,Chocolate-Claro,Madeira/Árvores,Chocolate-Claro
Venenoso,Fétido,Cinzento,Cinzento,Caminhos,Chocolate-Claro
Venenoso,Fétido,Cinzento,Chocolate-Claro,Caminhos,Chocolate-Claro
Venenoso,Fétido,Cinzento,Rosa,Gramados,Chocolate-Claro
Venenoso,Fétido,Bege,Branco,Urbano,Chocolate-Claro
Comestivel,Nenhum,Vermelho,Roxo,Madeira/Árvores,Castanho
Venenoso,Peixe,Castanho,Chocolate,Madeira/Árvores,Branco
Comestivel,Nenhum,Cinzento,Castanho,Madeira/Árvores,Castanho
Venenoso,Creosoto,Cinzento,Castanho,Madeira/Árvores,Preto
Venenoso,Creosoto,Rosa,Castanho,Madeira/Árvores,Castanho
Venenoso,Peixe,Castanho,Chocolate,Folhas Mortas,Branco
Venenoso,Fétido,Cinzento,Cinzento,Caminhos,Chocolate-Claro
Venenoso,Fétido,Amarelo,Cinzento,Gramados,Chocolate-Claro
Venenoso,Fétido,Cinzento,Branco,Urbano,Chocolate-Claro
Venenoso,Fétido,Cinzento,Chocolate-Claro,Caminhos,Chocolate-Claro
Venenoso,Fétido,Amarelo,Rosa,Madeira/Árvores,Chocolate-Claro
Venenoso,Fétido,Cinzento,Cinzento,Caminhos,Chocolate-Claro
Venenoso,Fétido,Cinzento,Chocolate-Claro,Madeira/Árvores,Chocolate-Claro
Venenoso,Fétido,Cinzento,Chocolate-Claro,Madeira/Árvores,Chocolate-Claro
Venenoso,Fétido,Cinzento,Cinzento,Gramados,Chocolate-Claro
Venenoso,Fétido,Cinzento,Chocolate-Claro,Gramados,Chocolate-Claro
Venenoso,Fétido,Amarelo,Rosa,Gramados,Chocolate-Claro
Venenoso,Fétido,Amarelo,Rosa,Gramados,Chocolate-Claro
Venenoso,Fétido,Amarelo,Chocolate-Claro,Gramados,Chocolate-Claro
Venenoso,Fétido,Amarelo,Cinzento,Gramados,Chocolate-Claro
Venenoso,Fétido,Amarelo,Rosa,Gramados,Chocolate-Claro
Venenoso,Fétido,Cinzento,Chocolate-Claro,Urbano,Chocolate-Claro
Venenoso,Fétido,Amarelo,Chocolate-Claro,Gramados,Chocolate-Claro
Venenoso,Fétido,Amarelo,Rosa,Gramados,Chocolate-Claro
Venenoso,Fétido,Cinzento,Rosa,Madeira/Árvores,Chocolate-Claro
Venenoso,Fétido,Amarelo,Rosa,Madeira/Árvores,Chocolate-Claro
Venenoso,Fétido,Amarelo,Cinzento,Madeira/Árvores,Chocolate-Claro
Venenoso,Fétido,Cinzento,Chocolate-Claro,Caminhos,Chocolate-Claro
Venenoso,Fétido,Cinzento,Rosa,Caminhos,Chocolate-Claro
Comestivel,Nenhum,Vermelho,Rosa,Madeira/Árvores,Castanho
Venenoso,Fétido,Amarelo,Chocolate-Claro,Madeira/Árvores,Chocolate-Claro
Venenoso,Fétido,Cinzento,Chocolate-Claro,Madeira/Árvores,Chocolate-Claro
Venenoso,Fétido,Cinzento,Chocolate-Claro,Caminhos,Chocolate-Claro
Venenoso,Fétido,Amarelo,Cinzento,Gramados,Chocolate-Claro
Venenoso,Fétido,Amarelo,Cinzento,Caminhos,Chocolate-Claro
Venenoso,Fétido,Cinzento,Chocolate-Claro,Madeira/Árvores,Chocolate-Claro
Venenoso,Fétido,Amarelo,Rosa,Caminhos,Chocolate-Claro
Venenoso,Fétido,Branco,Rosa,Urbano,Chocolate-Claro
Venenoso,Fétido,Amarelo,Chocolate-Claro,Gramados,Chocolate-Claro
Venenoso,Fétido,Amarelo,Rosa,Madeira/Árvores,Chocolate-Claro
Venenoso,Fétido,Cinzento,Chocolate-Claro,Caminhos,Chocolate-Claro
Venenoso,Fétido,Amarelo,Rosa,Madeira/Árvores,Chocolate-Claro
Venenoso,Fétido,Amarelo,Chocolate-Claro,Madeira/Árvores,Chocolate-Claro
Venenoso,Fétido,Cinzento,Cinzento,Caminhos,Chocolate-Claro
Venenoso,Fétido,Cinzento,Rosa,Gramados,Chocolate-Claro
Venenoso,Fétido,Amarelo,Chocolate-Claro,Caminhos,Chocolate-Claro
Venenoso,Fétido,Cinzento,Cinzento,Gramados,Chocolate-Claro
Venenoso,Fétido,Amarelo,Rosa,Madeira/Árvores,Chocolate-Claro
Venenoso,Fétido,Cinzento,Rosa,Madeira/Árvores,Chocolate-Claro
Venenoso,Fétido,Amarelo,Cinzento,Madeira/Árvores,Chocolate-Claro
Venenoso,Fétido,Branco,Chocolate-Claro,Gramados,Chocolate-Claro
Venenoso,Fétido,Cinzento,Rosa,Gramados,Chocolate-Claro
Venenoso,Fétido,Bege,Rosa,Gramados,Chocolate-Claro
Venenoso,Fétido,Cinzento,Chocolate-Claro,Madeira/Árvores,Chocolate-Claro
Venenoso,Fétido,Cinzento,Rosa,Madeira/Árvores,Chocolate-Claro
Venenoso,Fétido,Amarelo,Cinzento,Gramados,Chocolate-Claro
Venenoso,Fétido,Amarelo,Rosa,Gramados,Chocolate-Claro
Venenoso,Fétido,Amarelo,Cinzento,Gramados,Chocolate-Claro
Comestivel,Nenhum,Cinzento,Roxo,Madeira/Árvores,Castanho
Venenoso,Fétido,Amarelo,Chocolate-Claro,Caminhos,Chocolate-Claro
Venenoso,Fétido,Cinzento,Chocolate-Claro,Caminhos,Chocolate-Claro
Venenoso,Fétido,Amarelo,Chocolate-Claro,Gramados,Chocolate-Claro
Venenoso,Fétido,Amarelo,Chocolate-Claro,Caminhos,Chocolate-Claro
Venenoso,Fétido,Amarelo,Cinzento,Madeira/Árvores,Chocolate-Claro
Venenoso,Fétido,Cinzento,Chocolate-Claro,Caminhos,Chocolate-Claro
Venenoso,Fétido,Cinzento,Cinzento,Gramados,Chocolate-Claro
Venenoso,Fétido,Cinzento,Cinzento,Caminhos,Chocolate-Claro
Venenoso,Creosoto,Rosa,Rosa,Madeira/Árvores,Preto
Venenoso,Fétido,Amarelo,Cinzento,Madeira/Árvores,Chocolate-Claro
Venenoso,Fétido,Amarelo,Cinzento,Gramados,Chocolate-Claro
Venenoso,Fétido,Amarelo,Chocolate-Claro,Gramados,Chocolate-Claro
Venenoso,Fétido,Cinzento,Cinzento,Gramados,Chocolate-Claro
Venenoso,Fétido,Cinzento,Cinzento,Gramados,Chocolate-Claro
Venenoso,Fétido,Cinzento,Chocolate-Claro,Madeira/Árvores,Chocolate-Claro
Venenoso,Fétido,Amarelo,Chocolate-Claro,Gramados,Chocolate-Claro
Venenoso,Fétido,Amarelo,Cinzento,Caminhos,Chocolate-Claro
Venenoso,Fétido,Cinzento,Chocolate-Claro,Madeira/Árvores,Chocolate-Claro
Venenoso,Fétido,Amarelo,Cinzento,Madeira/Árvores,Chocolate-Claro
Venenoso,Fétido,Cinzento,Cinzento,Caminhos,Chocolate-Claro
Venenoso,Fétido,Cinzento,Rosa,Madeira/Árvores,Chocolate-Claro
Venenoso,Fétido,Amarelo,Chocolate-Claro,Caminhos,Chocolate-Claro
Comestivel,Nenhum,Castanho,Branco,Folhas Mortas,Branco
Venenoso,Fétido,Cinzento,Rosa,Caminhos,Chocolate-Claro
Venenoso,Fétido,Amarelo,Chocolate-Claro,Gramados,Chocolate-Claro
Venenoso,Fétido,Amarelo,Rosa,Gramados,Chocolate-Claro
Venenoso,Fétido,Cinzento,Chocolate-Claro,Madeira/Árvores,Chocolate-Claro
Venenoso,Fétido,Cinzento,Chocolate-Claro,Caminhos,Chocolate-Claro
Venenoso,Fétido,Amarelo,Rosa,Gramados,Chocolate-Claro
Comestivel,Nenhum,Rosa,Vermelho,Florestas,Branco
Venenoso,Fétido,Amarelo,Rosa,Caminhos,Chocolate-Claro
Venenoso,Fétido,Amarelo,Cinzento,Madeira/Árvores,Chocolate-Claro
Venenoso,Fétido,Cinzento,Rosa,Madeira/Árvores,Chocolate-Claro
Venenoso,Fétido,Cinzento,Cinzento,Caminhos,Chocolate-Claro
Venenoso,Fétido,Amarelo,Cinzento,Madeira/Árvores,Chocolate-Claro
Venenoso,Fétido,Cinzento,Chocolate-Claro,Gramados,Chocolate-Claro
Venenoso,Fétido,Cinzento,Chocolate-Claro,Gramados,Chocolate-Claro
Comestivel,Nenhum,Rosa,Vermelho,Florestas,Branco
Venenoso,Fétido,Amarelo,Rosa,Madeira/Árvores,Chocolate-Claro
Venenoso,Fétido,Amarelo,Rosa,Caminhos,Chocolate-Claro
Venenoso,Fétido,Cinzento,Chocolate-Claro,Caminhos,Chocolate-Claro
Venenoso,Fétido,Cinzento,Rosa,Gramados,Chocolate-Claro
Venenoso,Fétido,Amarelo,Chocolate-Claro,Caminhos,Chocolate-Claro
Venenoso,Fétido,Cinzento,Rosa,Caminhos,Chocolate-Claro
Venenoso,Fétido,Cinzento,Cinzento,Gramados,Chocolate-Claro
Venenoso,Fétido,Amarelo,Cinzento,Gramados,Chocolate-Claro
Venenoso,Fétido,Cinzento,Chocolate-Claro,Madeira/Árvores,Chocolate-Claro
Venenoso,Fétido,Amarelo,Cinzento,Madeira/Árvores,Chocolate-Claro
Venenoso,Fétido,Cinzento,Cinzento,Gramados,Chocolate-Claro
Venenoso,Fétido,Cinzento,Cinzento,Madeira/Árvores,Chocolate-Claro
Venenoso,Fétido,Amarelo,Chocolate-Claro,Gramados,Chocolate-Claro
Comestivel,Nenhum,Cinzento,Branco,Madeira/Árvores,Castanho
Venenoso,Fétido,Cinzento,Chocolate-Claro,Madeira/Árvores,Chocolate-Claro
Venenoso,Fétido,Cinzento,Cinzento,Madeira/Árvores,Chocolate-Claro
Venenoso,Fétido,Cinzento,Cinzento,Gramados,Chocolate-Claro
Venenoso,Fétido,Amarelo,Rosa,Gramados,Chocolate-Claro
Venenoso,Fétido,Cinzento,Rosa,Gramados,Chocolate-Claro
Venenoso,Fétido,Amarelo,Cinzento,Caminhos,Chocolate-Claro
Venenoso,Fétido,Amarelo,Rosa,Madeira/Árvores,Chocolate-Claro
Venenoso,Fétido,Amarelo,Cinzento,Gramados,Chocolate-Claro
Venenoso,Fétido,Amarelo,Rosa,Caminhos,Chocolate-Claro
Venenoso,Fétido,Cinzento,Rosa,Gramados,Chocolate-Claro
Venenoso,Fétido,Amarelo,Chocolate-Claro,Madeira/Árvores,Chocolate-Claro
Venenoso,Fétido,Cinzento,Chocolate-Claro,Gramados,Chocolate-Claro
Venenoso,Fétido,Cinzento,Cinzento,Madeira/Árvores,Chocolate-Claro
Venenoso,Fétido,Cinzento,Chocolate-Claro,Gramados,Chocolate-Claro
Venenoso,Fétido,Amarelo,Chocolate-Claro,Gramados,Chocolate-Claro
Venenoso,Fétido,Cinzento,Rosa,Gramados,Chocolate-Claro
Venenoso,Fétido,Amarelo,Cinzento,Caminhos,Chocolate-Claro
Venenoso,Fétido,Cinzento,Rosa,Gramados,Chocolate-Claro
Venenoso,Fétido,Cinzento,Chocolate-Claro,Gramados,Chocolate-Claro
Venenoso,Fétido,Cinzento,Rosa,Caminhos,Chocolate-Claro
Comestivel,Nenhum,Verde,Rosa,Madeira/Árvores,Chocolate-Claro
Venenoso,Fétido,Amarelo,Rosa,Gramados,Chocolate-Claro
Venenoso,Fétido,Amarelo,Cinzento,Madeira/Árvores,Chocolate-Claro
Venenoso,Picante,Castanho,Chocolate,Caminhos,Branco
Venenoso,Fétido,Amarelo,Chocolate-Claro,Madeira/Árvores,Chocolate-Claro
Venenoso,Nenhum,Castanho,Branco,Madeira/Árvores,Branco
Venenoso,Fétido,Amarelo,Rosa,Madeira/Árvores,Chocolate-Claro
Venenoso,Fétido,Cinzento,Chocolate-Claro,Madeira/Árvores,Chocolate-Claro
Venenoso,Fétido,Cinzento,Chocolate-Claro,Gramados,Chocolate-Claro
Venenoso,Fétido,Cinzento,Cinzento,Gramados,Chocolate-Claro
Venenoso,Fétido,Amarelo,Rosa,Madeira/Árvores,Chocolate-Claro
Venenoso,Fétido,Cinzento,Cinzento,Madeira/Árvores,Chocolate-Claro
Venenoso,Fétido,Cinzento,Cinzento,Madeira/Árvores,Chocolate-Claro
Venenoso,Fétido,Cinzento,Rosa,Gramados,Chocolate-Claro
Venenoso,Fétido,Cinzento,Cinzento,Gramados,Chocolate-Claro
Comestivel,Nenhum,Vermelho,Branco,Madeira/Árvores,Preto
Venenoso,Fétido,Amarelo,Chocolate-Claro,Caminhos,Chocolate-Claro
Venenoso,Fétido,Amarelo,Chocolate-Claro,Gramados,Chocolate-Claro
Venenoso,Fétido,Amarelo,Cinzento,Gramados,Chocolate-Claro
Venenoso,Fétido,Amarelo,Rosa,Caminhos,Chocolate-Claro
Venenoso,Fétido,Cinzento,Chocolate-Claro,Gramados,Chocolate-Claro
Venenoso,Fétido,Cinzento,Chocolate-Claro,Gramados,Chocolate-Claro
Venenoso,Fétido,Amarelo,Cinzento,Gramados,Chocolate-Claro
Venenoso,Fétido,Bege,Branco,Urbano,Chocolate-Claro
Venenoso,Fétido,Cinzento,Rosa,Gramados,Chocolate-Claro
Venenoso,Fétido,Amarelo,Cinzento,Caminhos,Chocolate-Claro
Venenoso,Fétido,Cinzento,Cinzento,Caminhos,Chocolate-Claro
Venenoso,Fétido,Cinzento,Cinzento,Madeira/Árvores,Chocolate-Claro
Venenoso,Fétido,Amarelo,Rosa,Madeira/Árvores,Chocolate-Claro
Venenoso,Fétido,Cinzento,Chocolate-Claro,Gramados,Chocolate-Claro
Venenoso,Fétido,Cinzento,Rosa,Gramados,Chocolate-Claro
Comestivel,Nenhum,Vermelho,Vermelho,Florestas,Branco
Venenoso,Fétido,Cinzento,Cinzento,Madeira/Árvores,Chocolate-Claro
Venenoso,Fétido,Amarelo,Rosa,Madeira/Árvores,Chocolate-Claro
Venenoso,Fétido,Cinzento,Cinzento,Madeira/Árvores,Chocolate-Claro
Venenoso,Fétido,Amarelo,Cinzento,Caminhos,Chocolate-Claro
Venenoso,Fétido,Cinzento,Cinzento,Madeira/Árvores,Chocolate-Claro
Venenoso,Fétido,Amarelo,Chocolate-Claro,Gramados,Chocolate-Claro
Venenoso,Nenhum,Branco,Branco,Folhas Mortas,Branco
Venenoso,Fétido,Bege,Chocolate-Claro,Urbano,Chocolate-Claro
Venenoso,Fétido,Amarelo,Rosa,Caminhos,Chocolate-Claro
Venenoso,Fétido,Cinzento,Cinzento,Madeira/Árvores,Chocolate-Claro
Venenoso,Fétido,Cinzento,Cinzento,Caminhos,Chocolate-Claro
Venenoso,Fétido,Amarelo,Rosa,Caminhos,Chocolate-Claro
Venenoso,Fétido,Cinzento,Cinzento,Madeira/Árvores,Chocolate-Claro
Venenoso,Fétido,Amarelo,Chocolate-Claro,Madeira/Árvores,Chocolate-Claro
Venenoso,Fétido,Amarelo,Rosa,Gramados,Chocolate-Claro
Venenoso,Fétido,Cinzento,Rosa,Gramados,Chocolate-Claro
Venenoso,Fétido,Branco,Branco,Urbano,Chocolate-Claro
Comestivel,Nenhum,Cinzento,Castanho,Madeira/Árvores,Castanho
Venenoso,Peixe,Castanho,Chocolate,Madeira/Árvores,Branco
Venenoso,Fétido,Cinzento,Rosa,Madeira/Árvores,Chocolate-Claro
Venenoso,Fétido,Cinzento,Cinzento,Gramados,Chocolate-Claro
Comestivel,Nenhum,Vermelho,Castanho,Madeira/Árvores,Preto
Comestivel,Nenhum,Bege,Vermelho,Florestas,Branco
Venenoso,Fétido,Amarelo,Chocolate-Claro,Gramados,Chocolate-Claro
Venenoso,Fétido,Amarelo,Cinzento,Madeira/Árvores,Chocolate-Claro
Venenoso,Fétido,Amarelo,Chocolate-Claro,Caminhos,Chocolate-Claro
Venenoso,Fétido,Amarelo,Rosa,Gramados,Chocolate-Claro
Venenoso,Fétido,Amarelo,Cinzento,Gramados,Chocolate-Claro
Venenoso,Fétido,Cinzento,Rosa,Gramados,Chocolate-Claro
Venenoso,Fétido,Cinzento,Rosa,Gramados,Chocolate-Claro
Venenoso,Fétido,Amarelo,Rosa,Gramados,Chocolate-Claro
Venenoso,Fétido,Cinzento,Chocolate-Claro,Gramados,Chocolate-Claro
Venenoso,Fétido,Amarelo,Cinzento,Gramados,Chocolate-Claro
Venenoso,Fétido,Cinzento,Chocolate-Claro,Caminhos,Chocolate-Claro
Venenoso,Fétido,Amarelo,Chocolate-Claro,Gramados,Chocolate-Claro
Venenoso,Fétido,Cinzento,Cinzento,Madeira/Árvores,Chocolate-Claro
Venenoso,Fétido,Cinzento,Chocolate-Claro,Madeira/Árvores,Chocolate-Claro
Venenoso,Fétido,Cinzento,Rosa,Caminhos,Chocolate-Claro
Comestivel,Nenhum,Roxo,Chocolate-Claro,Madeira/Árvores,Chocolate-Claro
Venenoso,Fétido,Cinzento,Cinzento,Gramados,Chocolate-Claro
Venenoso,Fétido,Amarelo,Cinzento,Gramados,Chocolate-Claro
Venenoso,Fétido,Amarelo,Chocolate-Claro,Gramados,Chocolate-Claro
Venenoso,Fétido,Amarelo,Chocolate-Claro,Gramados,Chocolate-Claro
Venenoso,Fétido,Amarelo,Chocolate-Claro,Gramados,Chocolate-Claro
Venenoso,Fétido,Cinzento,Chocolate-Claro,Gramados,Chocolate-Claro
Venenoso,Fétido,Cinzento,Rosa,Madeira/Árvores,Chocolate-Claro
Venenoso,Fétido,Cinzento,Chocolate-Claro,Gramados,Chocolate-Claro
Venenoso,Fétido,Amarelo,Chocolate-Claro,Madeira/Árvores,Chocolate-Claro
Venenoso,Fétido,Amarelo,Chocolate-Claro,Caminhos,Chocolate-Claro
Venenoso,Fétido,Cinzento,Cinzento,Caminhos,Chocolate-Claro
Venenoso,Fétido,Cinzento,Cinzento,Gramados,Chocolate-Claro
Venenoso,Fétido,Amarelo,Cinzento,Madeira/Árvores,Chocolate-Claro
Comestivel,Nenhum,Vermelho,Roxo,Madeira/Árvores,Castanho
Venenoso,Fétido,Bege,Chocolate-Claro,Urbano,Chocolate-Claro
Venenoso,Fétido,Cinzento,Cinzento,Madeira/Árvores,Chocolate-Claro
Venenoso,Fétido,Cinzento,Chocolate-Claro,Caminhos,Chocolate-Claro
Venenoso,Fétido,Amarelo,Rosa,Gramados,Chocolate-Claro
Venenoso,Fétido,Amarelo,Rosa,Caminhos,Chocolate-Claro
Venenoso,Fétido,Amarelo,Chocolate-Claro,Madeira/Árvores,Chocolate-Claro
Comestivel,Nenhum,Castanho,Roxo,Madeira/Árvores,Preto
Venenoso,Fétido,Amarelo,Chocolate-Claro,Gramados,Chocolate-Claro
Comestivel,Nenhum,Bege,Vermelho,Florestas,Branco
Venenoso,Fétido,Amarelo,Rosa,Gramados,Chocolate-Claro
Venenoso,Fétido,Amarelo,Rosa,Madeira/Árvores,Chocolate-Claro
Venenoso,Fétido,Amarelo,Chocolate-Claro,Gramados,Chocolate-Claro
Venenoso,Fétido,Cinzento,Cinzento,Caminhos,Chocolate-Claro
Comestivel,Nenhum,Vermelho,Castanho,Madeira/Árvores,Preto
Venenoso,Fétido,Amarelo,Rosa,Madeira/Árvores,Chocolate-Claro
Venenoso,Fétido,Amarelo,Rosa,Gramados,Chocolate-Claro
Venenoso,Fétido,Amarelo,Chocolate-Claro,Madeira/Árvores,Chocolate-Claro
Venenoso,Fétido,Amarelo,Rosa,Gramados,Chocolate-Claro
Venenoso,Peixe,Castanho,Chocolate,Madeira/Árvores,Branco
Venenoso,Fétido,Amarelo,Rosa,Caminhos,Chocolate-Claro
Venenoso,Fétido,Amarelo,Chocolate-Claro,Gramados,Chocolate-Claro
Venenoso,Fétido,Amarelo,Cinzento,Caminhos,Chocolate-Claro
Venenoso,Fétido,Amarelo,Cinzento,Madeira/Árvores,Chocolate-Claro
Venenoso,Fétido,Cinzento,Rosa,Caminhos,Chocolate-Claro
Venenoso,Fétido,Cinzento,Chocolate-Claro,Gramados,Chocolate-Claro
Venenoso,Fétido,Cinzento,Chocolate-Claro,Madeira/Árvores,Chocolate-Claro
Venenoso,Fétido,Cinzento,Cinzento,Gramados,Chocolate-Claro
Venenoso,Creosoto,Cinzento,Rosa,Madeira/Árvores,Preto
Venenoso,Fétido,Amarelo,Cinzento,Gramados,Chocolate-Claro
Venenoso,Fétido,Cinzento,Chocolate-Claro,Urbano,Chocolate-Claro
Venenoso,Fétido,Cinzento,Rosa,Gramados,Chocolate-Claro
Venenoso,Fétido,Amarelo,Rosa,Caminhos,Chocolate-Claro
Venenoso,Fétido,Amarelo,Chocolate-Claro,Madeira/Árvores,Chocolate-Claro
Comestivel,Nenhum,Cinzento,Roxo,Madeira/Árvores,Preto
Venenoso,Fétido,Cinzento,Cinzento,Madeira/Árvores,Chocolate-Claro
Venenoso,Fétido,Amarelo,Chocolate-Claro,Gramados,Chocolate-Claro
Venenoso,Fétido,Cinzento,Chocolate-Claro,Caminhos,Chocolate-Claro
Venenoso,Fétido,Amarelo,Chocolate-Claro,Gramados,Chocolate-Claro
Venenoso,Fétido,Cinzento,Rosa,Madeira/Árvores,Chocolate-Claro
Venenoso,Fétido,Amarelo,Rosa,Caminhos,Chocolate-Claro
Comestivel,Nenhum,Castanho,Castanho,Madeira/Árvores,Castanho
Venenoso,Fétido,Cinzento,Cinzento,Gramados,Chocolate-Claro
Venenoso,Fétido,Amarelo,Cinzento,Gramados,Chocolate-Claro
Venenoso,Fétido,Cinzento,Rosa,Caminhos,Chocolate-Claro
Venenoso,Fétido,Amarelo,Rosa,Gramados,Chocolate-Claro
Venenoso,Fétido,Cinzento,Cinzento,Caminhos,Chocolate-Claro
Venenoso,Fétido,Cinzento,Chocolate-Claro,Gramados,Chocolate-Claro
Venenoso,Fétido,Amarelo,Chocolate-Claro,Gramados,Chocolate-Claro
Comestivel,Nenhum,Bege,Vermelho,Florestas,Branco
Venenoso,Fétido,Amarelo,Rosa,Caminhos,Chocolate-Claro
Venenoso,Picante,Castanho,Chocolate,Madeira/Árvores,Branco
Venenoso,Fétido,Cinzento,Rosa,Caminhos,Chocolate-Claro
Venenoso,Fétido,Cinzento,Cinzento,Caminhos,Chocolate-Claro
Venenoso,Fétido,Amarelo,Chocolate-Claro,Gramados,Chocolate-Claro
Venenoso,Fétido,Cinzento,Cinzento,Madeira/Árvores,Chocolate-Claro
Venenoso,Fétido,Cinzento,Chocolate-Claro,Gramados,Chocolate-Claro
Venenoso,Fétido,Amarelo,Chocolate-Claro,Gramados,Chocolate-Claro
Venenoso,Fétido,Amarelo,Cinzento,Madeira/Árvores,Chocolate-Claro
Venenoso,Fétido,Branco,Rosa,Urbano,Chocolate-Claro
Venenoso,Fétido,Amarelo,Cinzento,Gramados,Chocolate-Claro
Venenoso,Fétido,Amarelo,Cinzento,Caminhos,Chocolate-Claro
Venenoso,Fétido,Amarelo,Rosa,Gramados,Chocolate-Claro
Venenoso,Fétido,Amarelo,Cinzento,Caminhos,Chocolate-Claro
Venenoso,Fétido,Amarelo,Chocolate-Claro,Gramados,Chocolate-Claro
Venenoso,Fétido,Amarelo,Chocolate-Claro,Gramados,Chocolate-Claro
Venenoso,Fétido,Amarelo,Rosa,Caminhos,Chocolate-Claro
Venenoso,Fétido,Cinzento,Rosa,Caminhos,Chocolate-Claro
Venenoso,Fétido,Amarelo,Chocolate-Claro,Caminhos,Chocolate-Claro
Venenoso,Fétido,Cinzento,Chocolate-Claro,Caminhos,Chocolate-Claro
Comestivel,Nenhum,Castanho,Rosa,Madeira/Árvores,Preto
Venenoso,Fétido,Amarelo,Chocolate-Claro,Madeira/Árvores,Chocolate-Claro
Venenoso,Fétido,Cinzento,Cinzento,Caminhos,Chocolate-Claro
Venenoso,Fétido,Cinzento,Chocolate-Claro,Gramados,Chocolate-Claro
Venenoso,Fétido,Cinzento,Cinzento,Gramados,Chocolate-Claro
Venenoso,Fétido,Amarelo,Cinzento,Madeira/Árvores,Chocolate-Claro
Venenoso,Fétido,Cinzento,Cinzento,Caminhos,Chocolate-Claro
Venenoso,Fétido,Cinzento,Rosa,Madeira/Árvores,Chocolate-Claro
Venenoso,Fétido,Amarelo,Rosa,Madeira/Árvores,Chocolate-Claro
Venenoso,Fétido,Amarelo,Chocolate-Claro,Madeira/Árvores,Chocolate-Claro
Venenoso,Fétido,Amarelo,Cinzento,Madeira/Árvores,Chocolate-Claro
Comestivel,Nenhum,Canela,Branco,Folhas Mortas,Branco
Venenoso,Fétido,Cinzento,Chocolate-Claro,Gramados,Chocolate-Claro
Venenoso,Fétido,Cinzento,Rosa,Caminhos,Chocolate-Claro
Venenoso,Nenhum,Amarelo,Branco,Madeira/Árvores,Branco
Venenoso,Fétido,Amarelo,Chocolate-Claro,Caminhos,Chocolate-Claro
Venenoso,Fétido,Cinzento,Rosa,Gramados,Chocolate-Claro
Comestivel,Nenhum,Castanho,Vermelho,Florestas,Branco
Venenoso,Peixe,Castanho,Chocolate,Caminhos,Branco
Venenoso,Creosoto,Cinzento,Roxo,Madeira/Árvores,Preto
Venenoso,Fétido,Amarelo,Cinzento,Madeira/Árvores,Chocolate-Claro
Venenoso,Fétido,Cinzento,Chocolate-Claro,Gramados,Chocolate-Claro
Venenoso,Fétido,Cinzento,Cinzento,Madeira/Árvores,Chocolate-Claro
Venenoso,Fétido,Amarelo,Rosa,Gramados,Chocolate-Claro
Venenoso,Fétido,Amarelo,Rosa,Gramados,Chocolate-Claro
Venenoso,Fétido,Cinzento,Rosa,Madeira/Árvores,Chocolate-Claro
Venenoso,Fétido,Cinzento,Cinzento,Madeira/Árvores,Chocolate-Claro
Venenoso,Fétido,Cinzento,Chocolate-Claro,Gramados,Chocolate-Claro
Venenoso,Fétido,Amarelo,Cinzento,Gramados,Chocolate-Claro
Venenoso,Fétido,Amarelo,Rosa,Madeira/Árvores,Chocolate-Claro
Venenoso,Fétido,Amarelo,Rosa,Caminhos,Chocolate-Claro
Venenoso,Fétido,Cinzento,Rosa,Caminhos,Chocolate-Claro
Venenoso,Fétido,Amarelo,Chocolate-Claro,Caminhos,Chocolate-Claro
Venenoso,Fétido,Amarelo,Chocolate-Claro,Madeira/Árvores,Chocolate-Claro
Venenoso,Fétido,Amarelo,Chocolate-Claro,Caminhos,Chocolate-Claro
Venenoso,Fétido,Amarelo,Chocolate-Claro,Madeira/Árvores,Chocolate-Claro
Venenoso,Fétido,Cinzento,Chocolate-Claro,Gramados,Chocolate-Claro
Venenoso,Fétido,Cinzento,Rosa,Gramados,Chocolate-Claro
Venenoso,Fétido,Cinzento,Cinzento,Madeira/Árvores,Chocolate-Claro
Comestivel,Nenhum,Bege,Branco,Florestas,Branco
Venenoso,Fétido,Cinzento,Cinzento,Madeira/Árvores,Chocolate-Claro
Venenoso,Fétido,Amarelo,Cinzento,Madeira/Árvores,Chocolate-Claro
Venenoso,Picante,Castanho,Chocolate,Folhas Mortas,Branco
Venenoso,Fétido,Cinzento,Cinzento,Madeira/Árvores,Chocolate-Claro
Venenoso,Fétido,Cinzento,Chocolate-Claro,Caminhos,Chocolate-Claro
Venenoso,Fétido,Cinzento,Rosa,Madeira/Árvores,Chocolate-Claro
Venenoso,Fétido,Amarelo,Cinzento,Gramados,Chocolate-Claro
Venenoso,Fétido,Amarelo,Cinzento,Madeira/Árvores,Chocolate-Claro
Venenoso,Fétido,Amarelo,Chocolate-Claro,Gramados,Chocolate-Claro
Venenoso,Fétido,Cinzento,Chocolate-Claro,Caminhos,Chocolate-Claro
Venenoso,Fétido,Cinzento,Cinzento,Caminhos,Chocolate-Claro
Venenoso,Fétido,Amarelo,Chocolate-Claro,Gramados,Chocolate-Claro
Venenoso,Fétido,Amarelo,Rosa,Gramados,Chocolate-Claro
Comestivel,Nenhum,Roxo,Chocolate-Claro,Madeira/Árvores,Chocolate-Claro
Comestivel,Nenhum,Bege,Vermelho,Florestas,Branco
Venenoso,Fétido,Amarelo,Chocolate-Claro,Madeira/Árvores,Chocolate-Claro
Venenoso,Fétido,Amarelo,Cinzento,Caminhos,Chocolate-Claro
Venenoso,Fétido,Cinzento,Cinzento,Gramados,Chocolate-Claro
Venenoso,Fétido,Cinzento,Rosa,Madeira/Árvores,Chocolate-Claro
Venenoso,Fétido,Cinzento,Chocolate-Claro,Gramados,Chocolate-Claro
Venenoso,Fétido,Cinzento,Chocolate-Claro,Gramados,Chocolate-Claro
Venenoso,Fétido,Cinzento,Rosa,Gramados,Chocolate-Claro
Venenoso,Fétido,Amarelo,Cinzento,Gramados,Chocolate-Claro
Venenoso,Fétido,Amarelo,Chocolate-Claro,Madeira/Árvores,Chocolate-Claro
Venenoso,Fétido,Cinzento,Rosa,Madeira/Árvores,Chocolate-Claro
Venenoso,Fétido,Amarelo,Chocolate-Claro,Gramados,Chocolate-Claro
Venenoso,Fétido,Amarelo,Chocolate-Claro,Gramados,Chocolate-Claro
Venenoso,Fétido,Cinzento,Chocolate-Claro,Gramados,Chocolate-Claro
Venenoso,Fétido,Bege,Branco,Gramados,Chocolate-Claro
Venenoso,Nenhum,Branco,Cinzento,Prados,Verde
Venenoso,Fétido,Amarelo,Rosa,Caminhos,Chocolate-Claro
Venenoso,Fétido,Amarelo,Rosa,Caminhos,Chocolate-Claro
Venenoso,Fétido,Cinzento,Cinzento,Gramados,Chocolate-Claro
Venenoso,Fétido,Amarelo,Chocolate-Claro,Madeira/Árvores,Chocolate-Claro
Venenoso,Fétido,Amarelo,Cinzento,Caminhos,Chocolate-Claro
Venenoso,Fétido,Amarelo,Cinzento,Madeira/Árvores,Chocolate-Claro
Comestivel,Nenhum,Cinzento,Roxo,Madeira/Árvores,Castanho
Comestivel,Nenhum,Roxo,Roxo,Madeira/Árvores,Chocolate-Claro
Venenoso,Fétido,Cinzento,Chocolate-Claro,Madeira/Árvores,Chocolate-Claro
Venenoso,Fétido,Amarelo,Rosa,Gramados,Chocolate-Claro
Venenoso,Fétido,Amarelo,Rosa,Madeira/Árvores,Chocolate-Claro
Venenoso,Fétido,Cinzento,Rosa,Madeira/Árvores,Chocolate-Claro
Venenoso,Fétido,Amarelo,Chocolate-Claro,Caminhos,Chocolate-Claro
Venenoso,Fétido,Amarelo,Rosa,Madeira/Árvores,Chocolate-Claro
Venenoso,Fétido,Amarelo,Cinzento,Caminhos,Chocolate-Claro
Venenoso,Fétido,Amarelo,Chocolate-Claro,Gramados,Chocolate-Claro
Venenoso,Fétido,Cinzento,Cinzento,Caminhos,Chocolate-Claro
Venenoso,Fétido,Cinzento,Rosa,Gramados,Chocolate-Claro
Venenoso,Fétido,Cinzento,Cinzento,Caminhos,Chocolate-Claro
Venenoso,Fétido,Amarelo,Cinzento,Caminhos,Chocolate-Claro
Comestivel,Nenhum,Vermelho,Branco,Madeira/Árvores,Castanho
Venenoso,Fétido,Amarelo,Chocolate-Claro,Madeira/Árvores,Chocolate-Claro
Venenoso,Fétido,Cinzento,Cinzento,Madeira/Árvores,Chocolate-Claro
Venenoso,Fétido,Cinzento,Cinzento,Caminhos,Chocolate-Claro
Venenoso,Fétido,Cinzento,Cinzento,Caminhos,Chocolate-Claro
Venenoso,Fétido,Cinzento,Rosa,Caminhos,Chocolate-Claro
Venenoso,Fétido,Cinzento,Rosa,Madeira/Árvores,Chocolate-Claro
Venenoso,Fétido,Cinzento,Rosa,Gramados,Chocolate-Claro
Venenoso,Fétido,Cinzento,Chocolate-Claro,Madeira/Árvores,Chocolate-Claro
Venenoso,Fétido,Amarelo,Chocolate-Claro,Madeira/Árvores,Chocolate-Claro
Venenoso,Fétido,Amarelo,Chocolate-Claro,Madeira/Árvores,Chocolate-Claro
Venenoso,Fétido,Cinzento,Rosa,Caminhos,Chocolate-Claro
Venenoso,Fétido,Cinzento,Rosa,Caminhos,Chocolate-Claro
Venenoso,Creosoto,Branco,Cinzento,Madeira/Árvores,Castanho
Venenoso,Fétido,Cinzento,Rosa,Madeira/Árvores,Chocolate-Claro
Venenoso,Fétido,Amarelo,Chocolate-Claro,Caminhos,Chocolate-Claro
Venenoso,Fétido,Cinzento,Rosa,Madeira/Árvores,Chocolate-Claro
Venenoso,Fétido,Amarelo,Rosa,Gramados,Chocolate-Claro
Venenoso,Fétido,Cinzento,Chocolate-Claro,Madeira/Árvores,Chocolate-Claro
Venenoso,Fétido,Cinzento,Cinzento,Madeira/Árvores,Chocolate-Claro
Venenoso,Fétido,Amarelo,Cinzento,Caminhos,Chocolate-Claro
Venenoso,Fétido,Cinzento,Cinzento,Gramados,Chocolate-Claro
Venenoso,Fétido,Amarelo,Rosa,Gramados,Chocolate-Claro
Venenoso,Fétido,Amarelo,Chocolate-Claro,Caminhos,Chocolate-Claro
Venenoso,Fétido,Amarelo,Chocolate-Claro,Madeira/Árvores,Chocolate-Claro
Venenoso,Fétido,Amarelo,Cinzento,Gramados,Chocolate-Claro
Venenoso,Fétido,Amarelo,Rosa,Caminhos,Chocolate-Claro
Venenoso,Fétido,Amarelo,Cinzento,Madeira/Árvores,Chocolate-Claro
Venenoso,Fétido,Amarelo,Rosa,Gramados,Chocolate-Claro
Venenoso,Fétido,Cinzento,Chocolate-Claro,Madeira/Árvores,Chocolate-Claro
Venenoso,Fétido,Cinzento,Rosa,Madeira/Árvores,Chocolate-Claro
Venenoso,Fétido,Amarelo,Cinzento,Gramados,Chocolate-Claro
Venenoso,Fétido,Cinzento,Rosa,Madeira/Árvores,Chocolate-Claro
Venenoso,Fétido,Cinzento,Chocolate-Claro,Gramados,Chocolate-Claro
Venenoso,Fétido,Amarelo,Cinzento,Madeira/Árvores,Chocolate-Claro
Venenoso,Fétido,Amarelo,Cinzento,Madeira/Árvores,Chocolate-Claro
Venenoso,Fétido,Amarelo,Rosa,Madeira/Árvores,Chocolate-Claro
Venenoso,Fétido,Amarelo,Chocolate-Claro,Madeira/Árvores,Chocolate-Claro
Venenoso,Fétido,Amarelo,Chocolate-Claro,Madeira/Árvores,Chocolate-Claro
Venenoso,Fétido,Amarelo,Cinzento,Gramados,Chocolate-Claro
Venenoso,Peixe,Castanho,Chocolate,Madeira/Árvores,Branco
Comestivel,Nenhum,Bege,Branco,Florestas,Branco
Venenoso,Fétido,Amarelo,Chocolate-Claro,Gramados,Chocolate-Claro
Venenoso,Fétido,Amarelo,Chocolate-Claro,Madeira/Árvores,Chocolate-Claro
Venenoso,Fétido,Cinzento,Rosa,Madeira/Árvores,Chocolate-Claro
Venenoso,Fétido,Amarelo,Rosa,Madeira/Árvores,Chocolate-Claro
Venenoso,Fétido,Cinzento,Rosa,Caminhos,Chocolate-Claro
Venenoso,Fétido,Cinzento,Rosa,Madeira/Árvores,Chocolate-Claro
Venenoso,Fétido,Cinzento,Rosa,Caminhos,Chocolate-Claro
Venenoso,Fétido,Amarelo,Rosa,Caminhos,Chocolate-Claro
Venenoso,Fétido,Amarelo,Rosa,Gramados,Chocolate-Claro
Venenoso,Fétido,Amarelo,Cinzento,Madeira/Árvores,Chocolate-Claro
Venenoso,Fétido,Cinzento,Chocolate-Claro,Caminhos,Chocolate-Claro
Venenoso,Fétido,Cinzento,Chocolate-Claro,Gramados,Chocolate-Claro
Venenoso,Fétido,Cinzento,Cinzento,Gramados,Chocolate-Claro
Venenoso,Fétido,Cinzento,Cinzento,Madeira/Árvores,Chocolate-Claro
Venenoso,Fétido,Cinzento,Chocolate-Claro,Madeira/Árvores,Chocolate-Claro
Venenoso,Fétido,Cinzento,Cinzento,Caminhos,Chocolate-Claro
Venenoso,Creosoto,Cinzento,Roxo,Madeira/Árvores,Preto
Venenoso,Fétido,Bege,Branco,Gramados,Chocolate-Claro
Comestivel,Nenhum,Vermelho,Branco,Madeira/Árvores,Preto
Venenoso,Fétido,Amarelo,Cinzento,Caminhos,Chocolate-Claro
Venenoso,Fétido,Cinzento,Rosa,Madeira/Árvores,Chocolate-Claro
Venenoso,Fétido,Cinzento,Cinzento,Gramados,Chocolate-Claro
Comestivel,Nenhum,Cinzento,Roxo,Madeira/Árvores,Preto
Venenoso,Fétido,Amarelo,Rosa,Madeira/Árvores,Chocolate-Claro
Venenoso,Fétido,Amarelo,Rosa,Caminhos,Chocolate-Claro
Venenoso,Fétido,Amarelo,Rosa,Caminhos,Chocolate-Claro
Venenoso,Fétido,Amarelo,Chocolate-Claro,Caminhos,Chocolate-Claro
Venenoso,Fétido,Amarelo,Chocolate-Claro,Madeira/Árvores,Chocolate-Claro
Venenoso,Fétido,Cinzento,Chocolate-Claro,Gramados,Chocolate-Claro
Venenoso,Fétido,Branco,Branco,Urbano,Chocolate-Claro
Venenoso,Fétido,Cinzento,Rosa,Madeira/Árvores,Chocolate-Claro
Venenoso,Fétido,Amarelo,Cinzento,Gramados,Chocolate-Claro
Venenoso,Fétido,Cinzento,Cinzento,Caminhos,Chocolate-Claro
Venenoso,Fétido,Cinzento,Rosa,Caminhos,Chocolate-Claro
Venenoso,Fétido,Amarelo,Rosa,Madeira/Árvores,Chocolate-Claro
Comestivel,Nenhum,Roxo,Chocolate-Claro,Madeira/Árvores,Chocolate-Claro
Venenoso,Fétido,Amarelo,Chocolate-Claro,Madeira/Árvores,Chocolate-Claro
Venenoso,Fétido,Cinzento,Rosa,Gramados,Chocolate-Claro
Venenoso,Fétido,Amarelo,Chocolate-Claro,Gramados,Chocolate-Claro
Venenoso,Fétido,Cinzento,Cinzento,Gramados,Chocolate-Claro
Comestivel,Nenhum,Castanho,Castanho,Madeira/Árvores,Castanho
Venenoso,Fétido,Amarelo,Chocolate-Claro,Caminhos,Chocolate-Claro
Venenoso,Fétido,Cinzento,Chocolate-Claro,Madeira/Árvores,Chocolate-Claro
Venenoso,Fétido,Cinzento,Chocolate-Claro,Caminhos,Chocolate-Claro
Venenoso,Fétido,Amarelo,Rosa,Gramados,Chocolate-Claro
Venenoso,Fétido,Amarelo,Chocolate-Claro,Madeira/Árvores,Chocolate-Claro
Venenoso,Fétido,Amarelo,Cinzento,Caminhos,Chocolate-Claro
Venenoso,Fétido,Amarelo,Cinzento,Caminhos,Chocolate-Claro
Venenoso,Fétido,Cinzento,Cinzento,Gramados,Chocolate-Claro
Venenoso,Fétido,Branco,Chocolate-Claro,Urbano,Chocolate-Claro
Comestivel,Nenhum,Vermelho,Branco,Florestas,Branco
Comestivel,Nenhum,Roxo,Branco,Madeira/Árvores,Chocolate-Claro
Venenoso,Fétido,Amarelo,Rosa,Gramados,Chocolate-Claro
Venenoso,Fétido,Cinzento,Rosa,Madeira/Árvores,Chocolate-Claro
Venenoso,Fétido,Amarelo,Rosa,Caminhos,Chocolate-Claro
Venenoso,Fétido,Cinzento,Chocolate-Claro,Madeira/Árvores,Chocolate-Claro
Venenoso,Fétido,Cinzento,Cinzento,Caminhos,Chocolate-Claro
Venenoso,Fétido,Cinzento,Chocolate-Claro,Gramados,Chocolate-Claro
Venenoso,Fétido,Amarelo,Rosa,Gramados,Chocolate-Claro
Venenoso,Fétido,Cinzento,Chocolate-Claro,Caminhos,Chocolate-Claro
Venenoso,Fétido,Cinzento,Cinzento,Caminhos,Chocolate-Claro
Comestivel,Nenhum,Rosa,Branco,Florestas,Branco
Venenoso,Fétido,Cinzento,Chocolate-Claro,Caminhos,Chocolate-Claro
Venenoso,Fétido,Amarelo,Cinzento,Caminhos,Chocolate-Claro
Venenoso,Fétido,Cinzento,Cinzento,Caminhos,Chocolate-Claro
Venenoso,Fétido,Amarelo,Cinzento,Gramados,Chocolate-Claro
Venenoso,Fétido,Amarelo,Rosa,Madeira/Árvores,Chocolate-Claro
Venenoso,Fétido,Cinzento,Cinzento,Madeira/Árvores,Chocolate-Claro
Venenoso,Fétido,Amarelo,Cinzento,Caminhos,Chocolate-Claro
Venenoso,Fétido,Cinzento,Rosa,Gramados,Chocolate-Claro
Venenoso,Fétido,Cinzento,Cinzento,Madeira/Árvores,Chocolate-Claro
Venenoso,Fétido,Amarelo,Cinzento,Caminhos,Chocolate-Claro
Venenoso,Fétido,Cinzento,Rosa,Madeira/Árvores,Chocolate-Claro
Venenoso,Fétido,Cinzento,Chocolate-Claro,Caminhos,Chocolate-Claro
Venenoso,Fétido,Amarelo,Rosa,Caminhos,Chocolate-Claro
Venenoso,Fétido,Cinzento,Chocolate-Claro,Madeira/Árvores,Chocolate-Claro
Venenoso,Fétido,Cinzento,Rosa,Gramados,Chocolate-Claro
Venenoso,Fétido,Cinzento,Chocolate-Claro,Madeira/Árvores,Chocolate-Claro
Venenoso,Fétido,Cinzento,Chocolate-Claro,Gramados,Chocolate-Claro
Venenoso,Fétido,Cinzento,Rosa,Madeira/Árvores,Chocolate-Claro
Venenoso,Fétido,Amarelo,Cinzento,Caminhos,Chocolate-Claro
Venenoso,Fétido,Amarelo,Rosa,Gramados,Chocolate-Claro
Venenoso,Fétido,Cinzento,Chocolate-Claro,Caminhos,Chocolate-Claro
Venenoso,Fétido,Amarelo,Chocolate-Claro,Caminhos,Chocolate-Claro
Comestivel,Nenhum,Castanho,Castanho,Madeira/Árvores,Castanho
Venenoso,Fétido,Cinzento,Chocolate-Claro,Madeira/Árvores,Chocolate-Claro
Venenoso,Fétido,Amarelo,Chocolate-Claro,Caminhos,Chocolate-Claro
Venenoso,Fétido,Cinzento,Chocolate-Claro,Gramados,Chocolate-Claro
Venenoso,Fétido,Amarelo,Chocolate-Claro,Caminhos,Chocolate-Claro
Venenoso,Fétido,Amarelo,Rosa,Caminhos,Chocolate-Claro
Venenoso,Creosoto,Branco,Cinzento,Madeira/Árvores,Preto
Venenoso,Fétido,Amarelo,Cinzento,Madeira/Árvores,Chocolate-Claro
Venenoso,Fétido,Bege,Chocolate-Claro,Urbano,Chocolate-Claro
Venenoso,Fétido,Amarelo,Chocolate-Claro,Gramados,Chocolate-Claro
Venenoso,Fétido,Cinzento,Chocolate-Claro,Madeira/Árvores,Chocolate-Claro
Venenoso,Fétido,Amarelo,Cinzento,Gramados,Chocolate-Claro
Venenoso,Nenhum,Rosa,Branco,Gramados,Verde
Venenoso,Fétido,Bege,Rosa,Urbano,Chocolate-Claro
Venenoso,Fétido,Cinzento,Cinzento,Gramados,Chocolate-Claro
Venenoso,Fétido,Cinzento,Chocolate-Claro,Gramados,Chocolate-Claro
Venenoso,Fétido,Cinzento,Rosa,Gramados,Chocolate-Claro
Venenoso,Fétido,Cinzento,Cinzento,Caminhos,Chocolate-Claro
Venenoso,Fétido,Cinzento,Cinzento,Caminhos,Chocolate-Claro
Venenoso,Fétido,Amarelo,Chocolate-Claro,Caminhos,Chocolate-Claro
Venenoso,Fétido,Amarelo,Chocolate-Claro,Caminhos,Chocolate-Claro
Comestivel,Nenhum,Roxo,Roxo,Madeira/Árvores,Chocolate-Claro
Venenoso,Fétido,Amarelo,Cinzento,Gramados,Chocolate-Claro
Comestivel,Nenhum,Vermelho,Branco,Madeira/Árvores,Castanho
Venenoso,Fétido,Amarelo,Cinzento,Gramados,Chocolate-Claro
Venenoso,Fétido,Amarelo,Cinzento,Gramados,Chocolate-Claro
Venenoso,Fétido,Castanho,Chocolate,Folhas Mortas,Branco
Venenoso,Fétido,Cinzento,Cinzento,Gramados,Chocolate-Claro
Venenoso,Fétido,Amarelo,Rosa,Madeira/Árvores,Chocolate-Claro
Venenoso,Fétido,Cinzento,Rosa,Gramados,Chocolate-Claro
Venenoso,Fétido,Cinzento,Cinzento,Caminhos,Chocolate-Claro
Venenoso,Fétido,Cinzento,Chocolate-Claro,Gramados,Chocolate-Claro
Venenoso,Fétido,Amarelo,Chocolate-Claro,Madeira/Árvores,Chocolate-Claro
Venenoso,Fétido,Amarelo,Chocolate-Claro,Gramados,Chocolate-Claro
Venenoso,Fétido,Cinzento,Cinzento,Caminhos,Chocolate-Claro
Venenoso,Fétido,Cinzento,Chocolate-Claro,Gramados,Chocolate-Claro
Comestivel,Nenhum,Castanho,Castanho,Madeira/Árvores,Castanho
Venenoso,Fétido,Amarelo,Cinzento,Gramados,Chocolate-Claro
Comestivel,Nenhum,Vermelho,Branco,Madeira/Árvores,Preto
Venenoso,Fétido,Amarelo,Chocolate-Claro,Madeira/Árvores,Chocolate-Claro
Venenoso,Fétido,Cinzento,Chocolate-Claro,Caminhos,Chocolate-Claro
Venenoso,Fétido,Cinzento,Chocolate-Claro,Caminhos,Chocolate-Claro
Venenoso,Fétido,Amarelo,Rosa,Caminhos,Chocolate-Claro
Venenoso,Fétido,Cinzento,Chocolate-Claro,Madeira/Árvores,Chocolate-Claro
Venenoso,Fétido,Cinzento,Rosa,Madeira/Árvores,Chocolate-Claro
Venenoso,Fétido,Cinzento,Rosa,Caminhos,Chocolate-Claro
Venenoso,Fétido,Cinzento,Cinzento,Gramados,Chocolate-Claro
Venenoso,Fétido,Amarelo,Cinzento,Madeira/Árvores,Chocolate-Claro
Venenoso,Fétido,Amarelo,Chocolate-Claro,Caminhos,Chocolate-Claro
Venenoso,Fétido,Amarelo,Cinzento,Madeira/Árvores,Chocolate-Claro
Venenoso,Fétido,Cinzento,Cinzento,Madeira/Árvores,Chocolate-Claro
Venenoso,Fétido,Amarelo,Cinzento,Caminhos,Chocolate-Claro
Venenoso,Fétido,Cinzento,Cinzento,Madeira/Árvores,Chocolate-Claro
Venenoso,Creosoto,Rosa,Rosa,Madeira/Árvores,Preto
Venenoso,Fétido,Amarelo,Cinzento,Madeira/Árvores,Chocolate-Claro
Venenoso,Fétido,Cinzento,Chocolate-Claro,Madeira/Árvores,Chocolate-Claro
Venenoso,Fétido,Amarelo,Rosa,Gramados,Chocolate-Claro
Venenoso,Fétido,Cinzento,Chocolate-Claro,Madeira/Árvores,Chocolate-Claro
Venenoso,Fétido,Amarelo,Chocolate-Claro,Caminhos,Chocolate-Claro
Venenoso,Fétido,Cinzento,Cinzento,Caminhos,Chocolate-Claro
Venenoso,Fétido,Amarelo,Cinzento,Madeira/Árvores,Chocolate-Claro
Venenoso,Fétido,Cinzento,Cinzento,Madeira/Árvores,Chocolate-Claro
Venenoso,Fétido,Cinzento,Rosa,Gramados,Chocolate-Claro
Venenoso,Fétido,Amarelo,Rosa,Madeira/Árvores,Chocolate-Claro
Venenoso,Fétido,Amarelo,Chocolate-Claro,Madeira/Árvores,Chocolate-Claro
Venenoso,Fétido,Cinzento,Cinzento,Madeira/Árvores,Chocolate-Claro
Venenoso,Fétido,Amarelo,Rosa,Madeira/Árvores,Chocolate-Claro
Venenoso,Fétido,Cinzento,Cinzento,Madeira/Árvores,Chocolate-Claro
Venenoso,Fétido,Cinzento,Cinzento,Gramados,Chocolate-Claro
Venenoso,Fétido,Amarelo,Cinzento,Gramados,Chocolate-Claro
Venenoso,Fétido,Cinzento,Rosa,Madeira/Árvores,Chocolate-Claro
Venenoso,Fétido,Cinzento,Cinzento,Caminhos,Chocolate-Claro
Venenoso,Fétido,Cinzento,Rosa,Gramados,Chocolate-Claro
Venenoso,Fétido,Cinzento,Chocolate-Claro,Caminhos,Chocolate-Claro
Venenoso,Fétido,Amarelo,Chocolate-Claro,Madeira/Árvores,Chocolate-Claro
Venenoso,Fétido,Cinzento,Cinzento,Madeira/Árvores,Chocolate-Claro
Venenoso,Fétido,Cinzento,Rosa,Caminhos,Chocolate-Claro
Venenoso,Fétido,Amarelo,Chocolate-Claro,Caminhos,Chocolate-Claro
Venenoso,Fétido,Amarelo,Chocolate-Claro,Madeira/Árvores,Chocolate-Claro
Venenoso,Fétido,Cinzento,Rosa,Madeira/Árvores,Chocolate-Claro
Venenoso,Fétido,Cinzento,Rosa,Caminhos,Chocolate-Claro
Comestivel,Nenhum,Rosa,Vermelho,Florestas,Branco
Venenoso,Fétido,Amarelo,Rosa,Madeira/Árvores,Chocolate-Claro
Venenoso,Creosoto,Rosa,Cinzento,Madeira/Árvores,Preto
Venenoso,Fétido,Amarelo,Chocolate-Claro,Gramados,Chocolate-Claro
Venenoso,Fétido,Cinzento,Cinzento,Caminhos,Chocolate-Claro
Venenoso,Fétido,Amarelo,Rosa,Gramados,Chocolate-Claro
Comestivel,Nenhum,Vermelho,Rosa,Madeira/Árvores,Castanho
Venenoso,Fétido,Amarelo,Cinzento,Madeira/Árvores,Chocolate-Claro
Venenoso,Fétido,Amarelo,Rosa,Gramados,Chocolate-Claro
Venenoso,Fétido,Cinzento,Chocolate-Claro,Gramados,Chocolate-Claro
Venenoso,Fétido,Amarelo,Rosa,Gramados,Chocolate-Claro
Comestivel,Nenhum,Castanho,Castanho,Madeira/Árvores,Castanho
Venenoso,Fétido,Amarelo,Chocolate-Claro,Caminhos,Chocolate-Claro
Venenoso,Fétido,Cinzento,Chocolate-Claro,Caminhos,Chocolate-Claro
Venenoso,Fétido,Amarelo,Chocolate-Claro,Caminhos,Chocolate-Claro
Venenoso,Fétido,Amarelo,Chocolate-Claro,Madeira/Árvores,Chocolate-Claro
Venenoso,Fétido,Amarelo,Chocolate-Claro,Madeira/Árvores,Chocolate-Claro
Venenoso,Fétido,Cinzento,Chocolate-Claro,Gramados,Chocolate-Claro
Venenoso,Fétido,Cinzento,Chocolate-Claro,Gramados,Chocolate-Claro
Venenoso,Fétido,Amarelo,Rosa,Gramados,Chocolate-Claro
Venenoso,Fétido,Cinzento,Cinzento,Caminhos,Chocolate-Claro
Venenoso,Fétido,Amarelo,Cinzento,Gramados,Chocolate-Claro
Comestivel,Nenhum,Cinzento,Roxo,Madeira/Árvores,Castanho
Venenoso,Fétido,Cinzento,Chocolate-Claro,Gramados,Chocolate-Claro
Venenoso,Fétido,Castanho,Chocolate,Caminhos,Branco
Venenoso,Fétido,Cinzento,Rosa,Gramados,Chocolate-Claro
Venenoso,Fétido,Cinzento,Cinzento,Gramados,Chocolate-Claro
Venenoso,Fétido,Amarelo,Cinzento,Gramados,Chocolate-Claro
Venenoso,Fétido,Cinzento,Rosa,Madeira/Árvores,Chocolate-Claro
Comestivel,Nenhum,Vermelho,Vermelho,Florestas,Branco
Venenoso,Fétido,Cinzento,Rosa,Caminhos,Chocolate-Claro
Venenoso,Fétido,Amarelo,Chocolate-Claro,Gramados,Chocolate-Claro
Venenoso,Fétido,Cinzento,Cinzento,Madeira/Árvores,Chocolate-Claro
Venenoso,Fétido,Amarelo,Rosa,Madeira/Árvores,Chocolate-Claro
Venenoso,Fétido,Amarelo,Rosa,Gramados,Chocolate-Claro
Comestivel,Nenhum,Castanho,Vermelho,Florestas,Branco
Venenoso,Fétido,Cinzento,Rosa,Gramados,Chocolate-Claro
Venenoso,Nenhum,Castanho,Branco,Madeira/Árvores,Branco
Venenoso,Fétido,Cinzento,Cinzento,Madeira/Árvores,Chocolate-Claro
Venenoso,Fétido,Amarelo,Chocolate-Claro,Caminhos,Chocolate-Claro
Venenoso,Picante,Castanho,Chocolate,Caminhos,Branco
Venenoso,Fétido,Cinzento,Chocolate-Claro,Madeira/Árvores,Chocolate-Claro
Venenoso,Fétido,Cinzento,Cinzento,Caminhos,Chocolate-Claro
Venenoso,Fétido,Branco,Branco,Gramados,Chocolate-Claro
Venenoso,Fétido,Amarelo,Cinzento,Madeira/Árvores,Chocolate-Claro
Venenoso,Fétido,Cinzento,Chocolate-Claro,Gramados,Chocolate-Claro
Venenoso,Fétido,Amarelo,Chocolate-Claro,Gramados,Chocolate-Claro
Comestivel,Nenhum,Vermelho,Branco,Florestas,Branco
Venenoso,Fétido,Amarelo,Cinzento,Madeira/Árvores,Chocolate-Claro
Venenoso,Nenhum,Amarelo,Branco,Madeira/Árvores,Branco
Venenoso,Fétido,Amarelo,Rosa,Madeira/Árvores,Chocolate-Claro
Venenoso,Fétido,Cinzento,Rosa,Urbano,Chocolate-Claro
Venenoso,Fétido,Amarelo,Chocolate-Claro,Madeira/Árvores,Chocolate-Claro
Venenoso,Fétido,Amarelo,Rosa,Gramados,Chocolate-Claro
Comestivel,Nenhum,Vermelho,Vermelho,Florestas,Branco
Venenoso,Fétido,Amarelo,Rosa,Caminhos,Chocolate-Claro
Venenoso,Fétido,Amarelo,Cinzento,Caminhos,Chocolate-Claro
Comestivel,Nenhum,Castanho,Branco,Folhas Mortas,Branco
Venenoso,Creosoto,Branco,Rosa,Madeira/Árvores,Castanho
Venenoso,Fétido,Amarelo,Cinzento,Gramados,Chocolate-Claro
Venenoso,Fétido,Amarelo,Cinzento,Caminhos,Chocolate-Claro
Venenoso,Fétido,Amarelo,Cinzento,Madeira/Árvores,Chocolate-Claro
Venenoso,Fétido,Amarelo,Rosa,Caminhos,Chocolate-Claro
Venenoso,Nenhum,Bege,Cinzento,Gramados,Verde
Venenoso,Fétido,Branco,Chocolate-Claro,Gramados,Chocolate-Claro
Comestivel,Nenhum,Vermelho,Castanho,Madeira/Árvores,Castanho
Venenoso,Nenhum,Branco,Cinzento,Prados,Verde
Comestivel,Nenhum,Rosa,Branco,Florestas,Branco
Venenoso,Fétido,Branco,Rosa,Gramados,Chocolate-Claro
Comestivel,Nenhum,Castanho,Branco,Florestas,Branco
Venenoso,Fétido,Amarelo,Chocolate-Claro,Caminhos,Chocolate-Claro
Venenoso,Fétido,Bege,Chocolate-Claro,Urbano,Chocolate-Claro
Venenoso,Fétido,Cinzento,Chocolate-Claro,Madeira/Árvores,Chocolate-Claro
Venenoso,Fétido,Amarelo,Chocolate-Claro,Madeira/Árvores,Chocolate-Claro
Venenoso,Fétido,Cinzento,Rosa,Madeira/Árvores,Chocolate-Claro
Venenoso,Fétido,Amarelo,Cinzento,Caminhos,Chocolate-Claro
Venenoso,Fétido,Amarelo,Chocolate-Claro,Madeira/Árvores,Chocolate-Claro
Venenoso,Fétido,Amarelo,Chocolate-Claro,Madeira/Árvores,Chocolate-Claro
Venenoso,Fétido,Amarelo,Cinzento,Caminhos,Chocolate-Claro
Venenoso,Fétido,Cinzento,Cinzento,Caminhos,Chocolate-Claro
Venenoso,Fétido,Cinzento,Rosa,Caminhos,Chocolate-Claro
Comestivel,Nenhum,Vermelho,Branco,Florestas,Branco
Comestivel,Nenhum,Castanho,Vermelho,Florestas,Branco
Comestivel,Nenhum,Bege,Branco,Florestas,Branco
Venenoso,Fétido,Amarelo,Cinzento,Madeira/Árvores,Chocolate-Claro
Comestivel,Nenhum,Cinzento,Roxo,Madeira/Árvores,Castanho
Venenoso,Fétido,Amarelo,Rosa,Caminhos,Chocolate-Claro
Venenoso,Fétido,Cinzento,Chocolate-Claro,Gramados,Chocolate-Claro
Venenoso,Fétido,Cinzento,Rosa,Gramados,Chocolate-Claro
Venenoso,Fétido,Cinzento,Rosa,Caminhos,Chocolate-Claro
Venenoso,Fétido,Amarelo,Chocolate-Claro,Madeira/Árvores,Chocolate-Claro
Venenoso,Fétido,Amarelo,Rosa,Gramados,Chocolate-Claro
Venenoso,Fétido,Castanho,Chocolate,Folhas Mortas,Branco
Venenoso,Fétido,Cinzento,Chocolate-Claro,Caminhos,Chocolate-Claro
Comestivel,Nenhum,Castanho,Vermelho,Florestas,Branco
Comestivel,Nenhum,Vermelho,Rosa,Madeira/Árvores,Preto
Venenoso,Fétido,Cinzento,Cinzento,Gramados,Chocolate-Claro
Venenoso,Fétido,Amarelo,Chocolate-Claro,Caminhos,Chocolate-Claro
Venenoso,Fétido,Cinzento,Rosa,Madeira/Árvores,Chocolate-Claro
Comestivel,Nenhum,Vermelho,Castanho,Madeira/Árvores,Castanho
Venenoso,Fétido,Amarelo,Chocolate-Claro,Caminhos,Chocolate-Claro
Venenoso,Fétido,Amarelo,Rosa,Caminhos,Chocolate-Claro
Venenoso,Fétido,Cinzento,Rosa,Caminhos,Chocolate-Claro
Venenoso,Fétido,Amarelo,Cinzento,Madeira/Árvores,Chocolate-Claro
Venenoso,Fétido,Cinzento,Chocolate-Claro,Madeira/Árvores,Chocolate-Claro
Venenoso,Nenhum,Branco,Branco,Prados,Verde
Venenoso,Fétido,Amarelo,Rosa,Caminhos,Chocolate-Claro
Venenoso,Fétido,Castanho,Chocolate,Madeira/Árvores,Branco
Venenoso,Fétido,Cinzento,Cinzento,Gramados,Chocolate-Claro
Venenoso,Fétido,Amarelo,Cinzento,Gramados,Chocolate-Claro
Venenoso,Fétido,Amarelo,Cinzento,Caminhos,Chocolate-Claro
Comestivel,Nenhum,Rosa,Vermelho,Florestas,Branco
Venenoso,Fétido,Branco,Chocolate-Claro,Gramados,Chocolate-Claro
Venenoso,Fétido,Cinzento,Chocolate-Claro,Gramados,Chocolate-Claro
Venenoso,Fétido,Cinzento,Chocolate-Claro,Caminhos,Chocolate-Claro
Venenoso,Fétido,Amarelo,Rosa,Gramados,Chocolate-Claro
Venenoso,Fétido,Bege,Branco,Urbano,Chocolate-Claro
Venenoso,Creosoto,Cinzento,Cinzento,Madeira/Árvores,Preto
Venenoso,Fétido,Amarelo,Cinzento,Caminhos,Chocolate-Claro
Venenoso,Fétido,Cinzento,Rosa,Gramados,Chocolate-Claro
Venenoso,Fétido,Amarelo,Chocolate-Claro,Caminhos,Chocolate-Claro
Comestivel,Nenhum,Verde,Rosa,Madeira/Árvores,Chocolate-Claro
Comestivel,Nenhum,Branco,Chocolate-Claro,Madeira/Árvores,Chocolate-Claro
Venenoso,Fétido,Amarelo,Chocolate-Claro,Madeira/Árvores,Chocolate-Claro
Venenoso,Fétido,Amarelo,Chocolate-Claro,Caminhos,Chocolate-Claro
Venenoso,Fétido,Amarelo,Rosa,Gramados,Chocolate-Claro
Venenoso,Peixe,Vermelho,Chocolate,Caminhos,Branco
Venenoso,Peixe,Vermelho,Chocolate,Folhas Mortas,Branco
Venenoso,Fétido,Cinzento,Chocolate-Claro,Madeira/Árvores,Chocolate-Claro
Venenoso,Fétido,Amarelo,Cinzento,Gramados,Chocolate-Claro
Venenoso,Fétido,Cinzento,Chocolate-Claro,Madeira/Árvores,Chocolate-Claro
Venenoso,Fétido,Cinzento,Cinzento,Gramados,Chocolate-Claro
Venenoso,Fétido,Amarelo,Cinzento,Madeira/Árvores,Chocolate-Claro
Venenoso,Fétido,Amarelo,Chocolate-Claro,Caminhos,Chocolate-Claro
Comestivel,Nenhum,Vermelho,Branco,Florestas,Branco
Venenoso,Fétido,Amarelo,Chocolate-Claro,Caminhos,Chocolate-Claro
Venenoso,Fétido,Amarelo,Chocolate-Claro,Caminhos,Chocolate-Claro
Venenoso,Fétido,Cinzento,Rosa,Gramados,Chocolate-Claro
Venenoso,Fétido,Amarelo,Rosa,Gramados,Chocolate-Claro
Venenoso,Fétido,Amarelo,Chocolate-Claro,Madeira/Árvores,Chocolate-Claro
Venenoso,Fétido,Amarelo,Rosa,Caminhos,Chocolate-Claro
Venenoso,Fétido,Cinzento,Chocolate-Claro,Urbano,Chocolate-Claro
Venenoso,Fétido,Cinzento,Rosa,Gramados,Chocolate-Claro
Venenoso,Fétido,Cinzento,Chocolate-Claro,Gramados,Chocolate-Claro
Venenoso,Creosoto,Branco,Castanho,Madeira/Árvores,Preto
Venenoso,Fétido,Cinzento,Rosa,Caminhos,Chocolate-Claro
Comestivel,Nenhum,Vermelho,Roxo,Madeira/Árvores,Castanho
Venenoso,Fétido,Amarelo,Cinzento,Gramados,Chocolate-Claro
Venenoso,Fétido,Amarelo,Rosa,Caminhos,Chocolate-Claro
Comestivel,Nenhum,Bege,Vermelho,Florestas,Branco
Venenoso,Fétido,Amarelo,Chocolate-Claro,Gramados,Chocolate-Claro
Venenoso,Fétido,Amarelo,Cinzento,Madeira/Árvores,Chocolate-Claro
Venenoso,Fétido,Amarelo,Cinzento,Gramados,Chocolate-Claro
Comestivel,Nenhum,Castanho,Branco,Folhas Mortas,Branco
Comestivel,Nenhum,Vermelho,Vermelho,Florestas,Branco
Venenoso,Fétido,Cinzento,Cinzento,Caminhos,Chocolate-Claro
Venenoso,Fétido,Amarelo,Cinzento,Gramados,Chocolate-Claro
Venenoso,Fétido,Cinzento,Chocolate-Claro,Gramados,Chocolate-Claro
Venenoso,Fétido,Amarelo,Cinzento,Gramados,Chocolate-Claro
Venenoso,Fétido,Cinzento,Rosa,Caminhos,Chocolate-Claro
Venenoso,Fétido,Cinzento,Rosa,Gramados,Chocolate-Claro
Venenoso,Picante,Castanho,Chocolate,Caminhos,Branco
Comestivel,Nenhum,Bege,Branco,Florestas,Branco
Venenoso,Fétido,Amarelo,Cinzento,Madeira/Árvores,Chocolate-Claro
Venenoso,Fétido,Cinzento,Cinzento,Caminhos,Chocolate-Claro
Venenoso,Fétido,Cinzento,Chocolate-Claro,Caminhos,Chocolate-Claro
Venenoso,Fétido,Amarelo,Cinzento,Madeira/Árvores,Chocolate-Claro
Venenoso,Fétido,Amarelo,Chocolate-Claro,Gramados,Chocolate-Claro
Comestivel,Nenhum,Rosa,Branco,Florestas,Branco
Venenoso,Nenhum,Castanho,Branco,Madeira/Árvores,Branco
Venenoso,Fétido,Cinzento,Cinzento,Madeira/Árvores,Chocolate-Claro
Venenoso,Fétido,Amarelo,Chocolate-Claro,Madeira/Árvores,Chocolate-Claro
Venenoso,Fétido,Cinzento,Chocolate-Claro,Caminhos,Chocolate-Claro
Venenoso,Fétido,Bege,Branco,Urbano,Chocolate-Claro
Comestivel,Nenhum,Bege,Branco,Florestas,Branco
Venenoso,Fétido,Branco,Branco,Urbano,Chocolate-Claro
Venenoso,Fétido,Cinzento,Cinzento,Caminhos,Chocolate-Claro
Venenoso,Fétido,Amarelo,Cinzento,Caminhos,Chocolate-Claro
Venenoso,Fétido,Cinzento,Chocolate-Claro,Caminhos,Chocolate-Claro
Venenoso,Fétido,Amarelo,Cinzento,Gramados,Chocolate-Claro
Venenoso,Fétido,Amarelo,Rosa,Madeira/Árvores,Chocolate-Claro
Venenoso,Fétido,Bege,Chocolate-Claro,Urbano,Chocolate-Claro
Venenoso,Fétido,Cinzento,Cinzento,Caminhos,Chocolate-Claro
Venenoso,Fétido,Cinzento,Chocolate-Claro,Madeira/Árvores,Chocolate-Claro
Venenoso,Fétido,Amarelo,Rosa,Gramados,Chocolate-Claro
Venenoso,Fétido,Amarelo,Chocolate-Claro,Madeira/Árvores,Chocolate-Claro
Venenoso,Fétido,Cinzento,Rosa,Urbano,Chocolate-Claro
Comestivel,Nenhum,Bege,Branco,Florestas,Branco
Comestivel,Nenhum,Rosa,Branco,Florestas,Branco
Comestivel,Nenhum,Castanho,Vermelho,Florestas,Branco
Venenoso,Nenhum,Rosa,Cinzento,Gramados,Verde
Venenoso,Fétido,Cinzento,Rosa,Caminhos,Chocolate-Claro
Venenoso,Fétido,Amarelo,Chocolate-Claro,Caminhos,Chocolate-Claro
Venenoso,Fétido,Cinzento,Cinzento,Gramados,Chocolate-Claro
Venenoso,Fétido,Cinzento,Rosa,Madeira/Árvores,Chocolate-Claro
Venenoso,Fétido,Amarelo,Rosa,Caminhos,Chocolate-Claro
Venenoso,Fétido,Cinzento,Rosa,Madeira/Árvores,Chocolate-Claro
Venenoso,Fétido,Cinzento,Chocolate-Claro,Madeira/Árvores,Chocolate-Claro
Venenoso,Fétido,Amarelo,Chocolate-Claro,Madeira/Árvores,Chocolate-Claro
Venenoso,Fétido,Amarelo,Rosa,Gramados,Chocolate-Claro
Venenoso,Fétido,Amarelo,Rosa,Gramados,Chocolate-Claro
Venenoso,Fétido,Amarelo,Rosa,Madeira/Árvores,Chocolate-Claro
Venenoso,Fétido,Amarelo,Chocolate-Claro,Caminhos,Chocolate-Claro
Venenoso,Fétido,Cinzento,Cinzento,Gramados,Chocolate-Claro
Venenoso,Fétido,Cinzento,Cinzento,Madeira/Árvores,Chocolate-Claro
Venenoso,Fétido,Amarelo,Cinzento,Caminhos,Chocolate-Claro
Venenoso,Fétido,Amarelo,Cinzento,Caminhos,Chocolate-Claro
Comestivel,Nenhum,Roxo,Branco,Madeira/Árvores,Chocolate-Claro
Venenoso,Fétido,Cinzento,Cinzento,Gramados,Chocolate-Claro
Venenoso,Peixe,Castanho,Chocolate,Folhas Mortas,Branco
Venenoso,Fétido,Amarelo,Rosa,Gramados,Chocolate-Claro
Venenoso,Fétido,Amarelo,Rosa,Caminhos,Chocolate-Claro
Venenoso,Fétido,Cinzento,Chocolate-Claro,Gramados,Chocolate-Claro
Venenoso,Fétido,Amarelo,Cinzento,Madeira/Árvores,Chocolate-Claro
Venenoso,Fétido,Amarelo,Rosa,Madeira/Árvores,Chocolate-Claro
Venenoso,Fétido,Cinzento,Chocolate-Claro,Caminhos,Chocolate-Claro
Comestivel,Nenhum,Bege,Vermelho,Florestas,Branco
Venenoso,Fétido,Cinzento,Chocolate-Claro,Caminhos,Chocolate-Claro
Venenoso,Fétido,Amarelo,Chocolate-Claro,Madeira/Árvores,Chocolate-Claro
Comestivel,Nenhum,Castanho,Branco,Florestas,Branco
Venenoso,Fétido,Cinzento,Cinzento,Caminhos,Chocolate-Claro
Venenoso,Fétido,Cinzento,Cinzento,Madeira/Árvores,Chocolate-Claro
Venenoso,Fétido,Castanho,Chocolate,Caminhos,Branco
Venenoso,Fétido,Amarelo,Cinzento,Madeira/Árvores,Chocolate-Claro
Venenoso,Nenhum,Castanho,Branco,Madeira/Árvores,Branco
Venenoso,Nenhum,Bege,Branco,Gramados,Verde
Venenoso,Fétido,Amarelo,Rosa,Madeira/Árvores,Chocolate-Claro
Venenoso,Fétido,Cinzento,Chocolate-Claro,Madeira/Árvores,Chocolate-Claro
Comestivel,Nenhum,Roxo,Roxo,Madeira/Árvores,Chocolate-Claro
Venenoso,Fétido,Amarelo,Cinzento,Gramados,Chocolate-Claro
Venenoso,Fétido,Amarelo,Cinzento,Gramados,Chocolate-Claro
Venenoso,Fétido,Amarelo,Chocolate-Claro,Gramados,Chocolate-Claro
Venenoso,Fétido,Amarelo,Chocolate-Claro,Madeira/Árvores,Chocolate-Claro
Comestivel,Nenhum,Vermelho,Branco,Florestas,Branco
Venenoso,Fétido,Cinzento,Cinzento,Gramados,Chocolate-Claro
Venenoso,Fétido,Amarelo,Cinzento,Gramados,Chocolate-Claro
Venenoso,Fétido,Amarelo,Rosa,Caminhos,Chocolate-Claro
Venenoso,Fétido,Cinzento,Cinzento,Caminhos,Chocolate-Claro
Comestivel,Nenhum,Bege,Branco,Florestas,Branco
Venenoso,Fétido,Amarelo,Rosa,Madeira/Árvores,Chocolate-Claro
Venenoso,Fétido,Cinzento,Rosa,Caminhos,Chocolate-Claro
Venenoso,Fétido,Amarelo,Chocolate-Claro,Madeira/Árvores,Chocolate-Claro
Venenoso,Fétido,Amarelo,Rosa,Caminhos,Chocolate-Claro
Venenoso,Fétido,Branco,Chocolate-Claro,Urbano,Chocolate-Claro
Venenoso,Creosoto,Cinzento,Rosa,Madeira/Árvores,Castanho
Venenoso,Fétido,Amarelo,Cinzento,Madeira/Árvores,Chocolate-Claro
Comestivel,Nenhum,Roxo,Rosa,Madeira/Árvores,Chocolate-Claro
Venenoso,Fétido,Amarelo,Cinzento,Madeira/Árvores,Chocolate-Claro
Venenoso,Fétido,Cinzento,Cinzento,Madeira/Árvores,Chocolate-Claro
Venenoso,Fétido,Amarelo,Cinzento,Gramados,Chocolate-Claro
Venenoso,Fétido,Amarelo,Chocolate-Claro,Caminhos,Chocolate-Claro
Venenoso,Fétido,Cinzento,Rosa,Urbano,Chocolate-Claro
Venenoso,Fétido,Cinzento,Cinzento,Madeira/Árvores,Chocolate-Claro
Venenoso,Fétido,Amarelo,Chocolate-Claro,Caminhos,Chocolate-Claro
Venenoso,Fétido,Amarelo,Cinzento,Madeira/Árvores,Chocolate-Claro
Venenoso,Fétido,Cinzento,Rosa,Madeira/Árvores,Chocolate-Claro
Venenoso,Fétido,Cinzento,Cinzento,Gramados,Chocolate-Claro
Venenoso,Fétido,Cinzento,Chocolate-Claro,Madeira/Árvores,Chocolate-Claro
Venenoso,Fétido,Cinzento,Rosa,Gramados,Chocolate-Claro
Venenoso,Fétido,Amarelo,Cinzento,Caminhos,Chocolate-Claro
Venenoso,Fétido,Cinzento,Chocolate-Claro,Gramados,Chocolate-Claro
Venenoso,Fétido,Amarelo,Rosa,Madeira/Árvores,Chocolate-Claro
Venenoso,Fétido,Cinzento,Chocolate-Claro,Caminhos,Chocolate-Claro
Venenoso,Fétido,Amarelo,Cinzento,Caminhos,Chocolate-Claro
Venenoso,Picante,Castanho,Chocolate,Folhas Mortas,Branco
Venenoso,Fétido,Amarelo,Chocolate-Claro,Caminhos,Chocolate-Claro
Venenoso,Fétido,Amarelo,Cinzento,Caminhos,Chocolate-Claro
Venenoso,Fétido,Bege,Branco,Gramados,Chocolate-Claro
Venenoso,Fétido,Cinzento,Chocolate-Claro,Madeira/Árvores,Chocolate-Claro
Venenoso,Fétido,Amarelo,Chocolate-Claro,Caminhos,Chocolate-Claro
Venenoso,Fétido,Amarelo,Chocolate-Claro,Caminhos,Chocolate-Claro
Venenoso,Fétido,Cinzento,Rosa,Madeira/Árvores,Chocolate-Claro
Venenoso,Fétido,Amarelo,Cinzento,Madeira/Árvores,Chocolate-Claro
Venenoso,Fétido,Cinzento,Rosa,Madeira/Árvores,Chocolate-Claro
Venenoso,Peixe,Vermelho,Chocolate,Folhas Mortas,Branco
Comestivel,Nenhum,Bege,Vermelho,Florestas,Branco
Comestivel,Nenhum,Bege,Branco,Florestas,Branco
Venenoso,Fétido,Cinzento,Rosa,Madeira/Árvores,Chocolate-Claro
Venenoso,Fétido,Amarelo,Cinzento,Caminhos,Chocolate-Claro
Venenoso,Fétido,Cinzento,Chocolate-Claro,Gramados,Chocolate-Claro
Venenoso,Fétido,Cinzento,Cinzento,Gramados,Chocolate-Claro
Venenoso,Fétido,Bege,Branco,Urbano,Chocolate-Claro
Venenoso,Fétido,Amarelo,Chocolate-Claro,Caminhos,Chocolate-Claro
Venenoso,Fétido,Branco,Rosa,Urbano,Chocolate-Claro
Venenoso,Fétido,Amarelo,Rosa,Caminhos,Chocolate-Claro
Venenoso,Fétido,Cinzento,Rosa,Caminhos,Chocolate-Claro
Venenoso,Fétido,Branco,Rosa,Urbano,Chocolate-Claro
Venenoso,Fétido,Bege,Rosa,Gramados,Chocolate-Claro
Venenoso,Fétido,Branco,Chocolate-Claro,Urbano,Chocolate-Claro
Venenoso,Fétido,Amarelo,Rosa,Madeira/Árvores,Chocolate-Claro
Venenoso,Fétido,Cinzento,Cinzento,Caminhos,Chocolate-Claro
Venenoso,Fétido,Amarelo,Chocolate-Claro,Gramados,Chocolate-Claro
Venenoso,Fétido,Cinzento,Chocolate-Claro,Caminhos,Chocolate-Claro
Comestivel,Nenhum,Branco,Roxo,Madeira/Árvores,Chocolate-Claro
Comestivel,Nenhum,Vermelho,Vermelho,Florestas,Branco
Venenoso,Fétido,Cinzento,Rosa,Gramados,Chocolate-Claro
Venenoso,Fétido,Cinzento,Chocolate-Claro,Gramados,Chocolate-Claro
Venenoso,Peixe,Castanho,Chocolate,Folhas Mortas,Branco
Venenoso,Fétido,Cinzento,Chocolate-Claro,Caminhos,Chocolate-Claro
Venenoso,Fétido,Cinzento,Chocolate-Claro,Caminhos,Chocolate-Claro
Venenoso,Fétido,Amarelo,Chocolate-Claro,Caminhos,Chocolate-Claro
Venenoso,Fétido,Amarelo,Chocolate-Claro,Madeira/Árvores,Chocolate-Claro
Comestivel,Nenhum,Vermelho,Castanho,Madeira/Árvores,Castanho
Venenoso,Fétido,Amarelo,Rosa,Gramados,Chocolate-Claro
Venenoso,Fétido,Amarelo,Cinzento,Madeira/Árvores,Chocolate-Claro
Venenoso,Fétido,Cinzento,Cinzento,Caminhos,Chocolate-Claro
Venenoso,Fétido,Amarelo,Chocolate-Claro,Gramados,Chocolate-Claro
Venenoso,Fétido,Amarelo,Cinzento,Caminhos,Chocolate-Claro
Venenoso,Nenhum,Amarelo,Branco,Madeira/Árvores,Branco
Venenoso,Fétido,Amarelo,Chocolate-Claro,Gramados,Chocolate-Claro
Comestivel,Nenhum,Canela,Branco,Folhas Mortas,Branco
Venenoso,Fétido,Cinzento,Chocolate-Claro,Caminhos,Chocolate-Claro
Venenoso,Fétido,Amarelo,Chocolate-Claro,Caminhos,Chocolate-Claro
Venenoso,Fétido,Cinzento,Cinzento,Madeira/Árvores,Chocolate-Claro
Venenoso,Fétido,Cinzento,Rosa,Caminhos,Chocolate-Claro
Venenoso,Fétido,Amarelo,Chocolate-Claro,Gramados,Chocolate-Claro
Venenoso,Fétido,Amarelo,Chocolate-Claro,Madeira/Árvores,Chocolate-Claro
Venenoso,Fétido,Amarelo,Rosa,Madeira/Árvores,Chocolate-Claro
Venenoso,Fétido,Amarelo,Rosa,Caminhos,Chocolate-Claro
Venenoso,Fétido,Amarelo,Cinzento,Madeira/Árvores,Chocolate-Claro
Venenoso,Nenhum,Rosa,Branco,Gramados,Verde
Comestivel,Nenhum,Rosa,Vermelho,Florestas,Branco
Venenoso,Fétido,Amarelo,Cinzento,Caminhos,Chocolate-Claro
Venenoso,Fétido,Amarelo,Rosa,Gramados,Chocolate-Claro
Comestivel,Nenhum,Bege,Vermelho,Florestas,Branco
Venenoso,Fétido,Amarelo,Rosa,Madeira/Árvores,Chocolate-Claro
Venenoso,Fétido,Branco,Rosa,Urbano,Chocolate-Claro
Venenoso,Picante,Castanho,Chocolate,Caminhos,Branco
Venenoso,Peixe,Castanho,Chocolate,Madeira/Árvores,Branco
Venenoso,Peixe,Vermelho,Chocolate,Caminhos,Branco
Venenoso,Nenhum,Branco,Branco,Folhas Mortas,Branco
Venenoso,Fétido,Cinzento,Rosa,Urbano,Chocolate-Claro
Comestivel,Nenhum,Canela,Branco,Folhas Mortas,Branco
Venenoso,Fétido,Cinzento,Rosa,Gramados,Chocolate-Claro
Venenoso,Fétido,Amarelo,Cinzento,Madeira/Árvores,Chocolate-Claro
Venenoso,Fétido,Amarelo,Rosa,Caminhos,Chocolate-Claro
Comestivel,Nenhum,Rosa,Branco,Florestas,Branco
Venenoso,Fétido,Bege,Branco,Gramados,Chocolate-Claro
Venenoso,Fétido,Cinzento,Chocolate-Claro,Gramados,Chocolate-Claro
Venenoso,Peixe,Vermelho,Chocolate,Caminhos,Branco
Comestivel,Nenhum,Canela,Branco,Folhas Mortas,Branco
Venenoso,Fétido,Branco,Branco,Urbano,Chocolate-Claro
Venenoso,Fétido,Branco,Chocolate-Claro,Gramados,Chocolate-Claro
Venenoso,Fétido,Bege,Branco,Urbano,Chocolate-Claro
Venenoso,Fétido,Bege,Rosa,Gramados,Chocolate-Claro
Comestivel,Nenhum,Canela,Branco,Folhas Mortas,Branco
Venenoso,Fétido,Cinzento,Cinzento,Madeira/Árvores,Chocolate-Claro
Venenoso,Fétido,Branco,Chocolate-Claro,Gramados,Chocolate-Claro
Venenoso,Fétido,Cinzento,Branco,Urbano,Chocolate-Claro
Venenoso,Nenhum,Branco,Branco,Folhas Mortas,Branco
Venenoso,Fétido,Cinzento,Rosa,Urbano,Chocolate-Claro
Venenoso,Nenhum,Branco,Branco,Folhas Mortas,Branco
Venenoso,Fétido,Bege,Rosa,Gramados,Chocolate-Claro
Venenoso,Fétido,Branco,Chocolate-Claro,Urbano,Chocolate-Claro
Venenoso,Nenhum,Amarelo,Branco,Madeira/Árvores,Branco
Venenoso,Picante,Castanho,Chocolate,Madeira/Árvores,Branco
Venenoso,Peixe,Castanho,Chocolate,Madeira/Árvores,Branco
Comestivel,Nenhum,Castanho,Branco,Florestas,Branco
Comestivel,Nenhum,Bege,Branco,Florestas,Branco
Venenoso,Fétido,Branco,Branco,Gramados,Chocolate-Claro
Venenoso,Nenhum,Bege,Branco,Prados,Verde
Venenoso,Fétido,Amarelo,Rosa,Caminhos,Chocolate-Claro
Venenoso,Fétido,Cinzento,Rosa,Gramados,Chocolate-Claro
Venenoso,Nenhum,Bege,Verde,Gramados,Verde
Venenoso,Fétido,Castanho,Chocolate,Caminhos,Branco
Venenoso,Peixe,Vermelho,Chocolate,Caminhos,Branco
Venenoso,Fétido,Cinzento,Rosa,Madeira/Árvores,Chocolate-Claro
Comestivel,Nenhum,Vermelho,Vermelho,Florestas,Branco
Venenoso,Fétido,Castanho,Chocolate,Folhas Mortas,Branco
Venenoso,Fétido,Amarelo,Cinzento,Gramados,Chocolate-Claro
Venenoso,Peixe,Castanho,Chocolate,Madeira/Árvores,Branco
Comestivel,Nenhum,Castanho,Branco,Folhas Mortas,Branco
Venenoso,Fétido,Castanho,Chocolate,Caminhos,Branco
Comestivel,Nenhum,Bege,Vermelho,Florestas,Branco
Comestivel,Nenhum,Castanho,Branco,Florestas,Branco
Venenoso,Fétido,Amarelo,Cinzento,Caminhos,Chocolate-Claro
Venenoso,Nenhum,Bege,Verde,Prados,Verde
Venenoso,Nenhum,Castanho,Branco,Madeira/Árvores,Branco
Venenoso,Peixe,Castanho,Chocolate,Folhas Mortas,Branco
Venenoso,Fétido,Bege,Branco,Gramados,Chocolate-Claro
Venenoso,Fétido,Bege,Chocolate-Claro,Gramados,Chocolate-Claro
Venenoso,Fétido,Amarelo,Chocolate-Claro,Caminhos,Chocolate-Claro
Venenoso,Fétido,Cinzento,Branco,Gramados,Chocolate-Claro
Venenoso,Fétido,Castanho,Chocolate,Folhas Mortas,Branco
Venenoso,Fétido,Bege,Rosa,Gramados,Chocolate-Claro
Venenoso,Nenhum,Castanho,Branco,Madeira/Árvores,Branco
Comestivel,Nenhum,Vermelho,Branco,Florestas,Branco
Venenoso,Fétido,Bege,Branco,Gramados,Chocolate-Claro
Venenoso,Fétido,Branco,Rosa,Gramados,Chocolate-Claro
Comestivel,Nenhum,Vermelho,Branco,Florestas,Branco
Venenoso,Fétido,Amarelo,Rosa,Caminhos,Chocolate-Claro
Venenoso,Nenhum,Castanho,Branco,Madeira/Árvores,Branco
Comestivel,Nenhum,Castanho,Vermelho,Florestas,Branco
Venenoso,Fétido,Cinzento,Rosa,Gramados,Chocolate-Claro
Venenoso,Fétido,Bege,Chocolate-Claro,Gramados,Chocolate-Claro
Venenoso,Fétido,Bege,Chocolate-Claro,Gramados,Chocolate-Claro
Venenoso,Fétido,Amarelo,Chocolate-Claro,Gramados,Chocolate-Claro
Venenoso,Fétido,Amarelo,Chocolate-Claro,Madeira/Árvores,Chocolate-Claro
Comestivel,Nenhum,Rosa,Branco,Florestas,Branco
Comestivel,Nenhum,Rosa,Vermelho,Florestas,Branco
Venenoso,Nenhum,Branco,Verde,Gramados,Verde
Comestivel,Nenhum,Canela,Branco,Folhas Mortas,Branco
Comestivel,Nenhum,Castanho,Branco,Florestas,Branco
Venenoso,Fétido,Bege,Chocolate-Claro,Urbano,Chocolate-Claro
Venenoso,Fétido,Cinzento,Branco,Gramados,Chocolate-Claro
Venenoso,Fétido,Amarelo,Cinzento,Madeira/Árvores,Chocolate-Claro
Venenoso,Fétido,Bege,Branco,Urbano,Chocolate-Claro
Venenoso,Fétido,Branco,Rosa,Gramados,Chocolate-Claro
Comestivel,Nenhum,Canela,Branco,Folhas Mortas,Branco
Venenoso,Peixe,Vermelho,Chocolate,Madeira/Árvores,Branco
Venenoso,Fétido,Amarelo,Chocolate-Claro,Madeira/Árvores,Chocolate-Claro
Comestivel,Nenhum,Branco,Chocolate-Claro,Madeira/Árvores,Chocolate-Claro
Venenoso,Fétido,Amarelo,Rosa,Caminhos,Chocolate-Claro
Venenoso,Nenhum,Rosa,Branco,Gramados,Verde
Venenoso,Fétido,Cinzento,Chocolate-Claro,Urbano,Chocolate-Claro
Venenoso,Picante,Castanho,Chocolate,Madeira/Árvores,Branco
Comestivel,Nenhum,Rosa,Branco,Florestas,Branco
Venenoso,Fétido,Castanho,Chocolate,Folhas Mortas,Branco
Venenoso,Fétido,Cinzento,Cinzento,Caminhos,Chocolate-Claro
Venenoso,Fétido,Bege,Chocolate-Claro,Urbano,Chocolate-Claro
Comestivel,Nenhum,Rosa,Vermelho,Florestas,Branco
Venenoso,Fétido,Amarelo,Chocolate-Claro,Caminhos,Chocolate-Claro
Venenoso,Fétido,Cinzento,Cinzento,Gramados,Chocolate-Claro
Venenoso,Fétido,Cinzento,Cinzento,Madeira/Árvores,Chocolate-Claro
Venenoso,Fétido,Bege,Rosa,Gramados,Chocolate-Claro
Venenoso,Fétido,Castanho,Chocolate,Caminhos,Branco
Venenoso,Fétido,Amarelo,Rosa,Madeira/Árvores,Chocolate-Claro
Venenoso,Fétido,Amarelo,Chocolate-Claro,Madeira/Árvores,Chocolate-Claro
Venenoso,Nenhum,Castanho,Branco,Madeira/Árvores,Branco
Comestivel,Nenhum,Bege,Branco,Florestas,Branco
Venenoso,Fétido,Amarelo,Chocolate-Claro,Gramados,Chocolate-Claro
Venenoso,Peixe,Vermelho,Chocolate,Folhas Mortas,Branco
Venenoso,Fétido,Cinzento,Chocolate-Claro,Urbano,Chocolate-Claro
Comestivel,Nenhum,Castanho,Vermelho,Florestas,Branco
Venenoso,Fétido,Cinzento,Cinzento,Caminhos,Chocolate-Claro
Venenoso,Peixe,Castanho,Chocolate,Madeira/Árvores,Branco
Venenoso,Fétido,Cinzento,Rosa,Urbano,Chocolate-Claro
Venenoso,Fétido,Cinzento,Chocolate-Claro,Gramados,Chocolate-Claro
Venenoso,Nenhum,Rosa,Branco,Prados,Verde
Comestivel,Nenhum,Bege,Branco,Florestas,Branco
Venenoso,Fétido,Branco,Branco,Urbano,Chocolate-Claro
Venenoso,Peixe,Castanho,Chocolate,Madeira/Árvores,Branco
Comestivel,Nenhum,Castanho,Branco,Florestas,Branco
Venenoso,Fétido,Amarelo,Cinzento,Madeira/Árvores,Chocolate-Claro
Comestivel,Nenhum,Rosa,Branco,Florestas,Branco
Venenoso,Fétido,Cinzento,Rosa,Urbano,Chocolate-Claro
Comestivel,Nenhum,Rosa,Vermelho,Florestas,Branco
Venenoso,Nenhum,Castanho,Branco,Madeira/Árvores,Branco
Venenoso,Fétido,Bege,Chocolate-Claro,Gramados,Chocolate-Claro
Venenoso,Fétido,Castanho,Chocolate,Caminhos,Branco
Venenoso,Fétido,Castanho,Chocolate,Madeira/Árvores,Branco
Venenoso,Fétido,Bege,Branco,Urbano,Chocolate-Claro
Venenoso,Fétido,Castanho,Chocolate,Folhas Mortas,Branco
Comestivel,Nenhum,Rosa,Branco,Florestas,Branco
Comestivel,Nenhum,Canela,Branco,Folhas Mortas,Branco
Venenoso,Fétido,Amarelo,Chocolate-Claro,Gramados,Chocolate-Claro
Comestivel,Nenhum,Castanho,Branco,Florestas,Branco
Venenoso,Fétido,Cinzento,Rosa,Caminhos,Chocolate-Claro
Venenoso,Fétido,Amarelo,Rosa,Madeira/Árvores,Chocolate-Claro
Venenoso,Fétido,Cinzento,Branco,Urbano,Chocolate-Claro
Venenoso,Nenhum,Branco,Branco,Folhas Mortas,Branco
Comestivel,Nenhum,Castanho,Branco,Folhas Mortas,Branco
Venenoso,Nenhum,Amarelo,Branco,Madeira/Árvores,Branco
Venenoso,Fétido,Branco,Branco,Gramados,Chocolate-Claro
Venenoso,Nenhum,Amarelo,Branco,Madeira/Árvores,Branco
Venenoso,Fétido,Amarelo,Cinzento,Madeira/Árvores,Chocolate-Claro
Comestivel,Nenhum,Bege,Vermelho,Florestas,Branco
Venenoso,Fétido,Amarelo,Rosa,Caminhos,Chocolate-Claro
Venenoso,Peixe,Castanho,Chocolate,Caminhos,Branco
Venenoso,Fétido,Amarelo,Chocolate-Claro,Madeira/Árvores,Chocolate-Claro
Venenoso,Fétido,Amarelo,Rosa,Caminhos,Chocolate-Claro
Venenoso,Nenhum,Branco,Branco,Gramados,Verde
Venenoso,Fétido,Amarelo,Cinzento,Gramados,Chocolate-Claro
Venenoso,Fétido,Branco,Rosa,Gramados,Chocolate-Claro
Venenoso,Fétido,Bege,Branco,Gramados,Chocolate-Claro
Comestivel,Nenhum,Bege,Branco,Florestas,Branco
Venenoso,Fétido,Amarelo,Cinzento,Caminhos,Chocolate-Claro
Venenoso,Fétido,Bege,Rosa,Gramados,Chocolate-Claro
Venenoso,Nenhum,Bege,Branco,Prados,Verde
Venenoso,Fétido,Branco,Branco,Gramados,Chocolate-Claro
Comestivel,Nenhum,Castanho,Branco,Florestas,Branco
Venenoso,Fétido,Cinzento,Branco,Urbano,Chocolate-Claro
Venenoso,Nenhum,Amarelo,Branco,Madeira/Árvores,Branco
Venenoso,Fétido,Cinzento,Rosa,Gramados,Chocolate-Claro
Venenoso,Fétido,Amarelo,Cinzento,Madeira/Árvores,Chocolate-Claro
Venenoso,Nenhum,Castanho,Branco,Madeira/Árvores,Branco
Venenoso,Fétido,Bege,Rosa,Urbano,Chocolate-Claro
Comestivel,Nenhum,Vermelho,Branco,Florestas,Branco
Venenoso,Fétido,Castanho,Chocolate,Madeira/Árvores,Branco
Venenoso,Peixe,Castanho,Chocolate,Madeira/Árvores,Branco
Venenoso,Peixe,Castanho,Chocolate,Folhas Mortas,Branco
Venenoso,Fétido,Branco,Chocolate-Claro,Urbano,Chocolate-Claro
Comestivel,Nenhum,Castanho,Vermelho,Florestas,Branco
Venenoso,Fétido,Cinzento,Rosa,Gramados,Chocolate-Claro
Comestivel,Nenhum,Bege,Vermelho,Florestas,Branco
Venenoso,Fétido,Branco,Branco,Urbano,Chocolate-Claro
Comestivel,Nenhum,Castanho,Branco,Folhas Mortas,Branco
Venenoso,Picante,Castanho,Chocolate,Folhas Mortas,Branco
Venenoso,Fétido,Branco,Chocolate-Claro,Gramados,Chocolate-Claro
Venenoso,Fétido,Cinzento,Chocolate-Claro,Urbano,Chocolate-Claro
Venenoso,Nenhum,Amarelo,Branco,Madeira/Árvores,Branco
Venenoso,Nenhum,Branco,Branco,Prados,Verde
Venenoso,Fétido,Amarelo,Cinzento,Caminhos,Chocolate-Claro
Comestivel,Nenhum,Rosa,Branco,Florestas,Branco
Venenoso,Nenhum,Branco,Branco,Folhas Mortas,Branco
Venenoso,Fétido,Bege,Rosa,Urbano,Chocolate-Claro
Comestivel,Nenhum,Branco,Roxo,Madeira/Árvores,Chocolate-Claro
Comestivel,Nenhum,Verde,Branco,Madeira/Árvores,Chocolate-Claro
Comestivel,Nenhum,Bege,Branco,Florestas,Branco
Venenoso,Fétido,Cinzento,Chocolate-Claro,Gramados,Chocolate-Claro
Venenoso,Peixe,Vermelho,Chocolate,Madeira/Árvores,Branco
Venenoso,Fétido,Amarelo,Cinzento,Caminhos,Chocolate-Claro
Venenoso,Fétido,Cinzento,Branco,Gramados,Chocolate-Claro
Venenoso,Fétido,Bege,Chocolate-Claro,Gramados,Chocolate-Claro
Comestivel,Nenhum,Vermelho,Vermelho,Florestas,Branco
Venenoso,Peixe,Vermelho,Chocolate,Madeira/Árvores,Branco
Venenoso,Fétido,Cinzento,Rosa,Gramados,Chocolate-Claro
Venenoso,Fétido,Amarelo,Cinzento,Madeira/Árvores,Chocolate-Claro
Comestivel,Nenhum,Castanho,Vermelho,Florestas,Branco
Venenoso,Fétido,Cinzento,Rosa,Gramados,Chocolate-Claro
Venenoso,Picante,Castanho,Chocolate,Folhas Mortas,Branco
Venenoso,Fétido,Branco,Rosa,Gramados,Chocolate-Claro
Comestivel,Nenhum,Canela,Branco,Folhas Mortas,Branco
Venenoso,Fétido,Cinzento,Branco,Gramados,Chocolate-Claro
Venenoso,Fétido,Cinzento,Rosa,Caminhos,Chocolate-Claro
Comestivel,Nenhum,Verde,Branco,Madeira/Árvores,Chocolate-Claro
Venenoso,Fétido,Amarelo,Cinzento,Caminhos,Chocolate-Claro
Venenoso,Fétido,Castanho,Chocolate,Folhas Mortas,Branco
Venenoso,Picante,Castanho,Chocolate,Folhas Mortas,Branco
Comestivel,Nenhum,Vermelho,Branco,Florestas,Branco
Venenoso,Fétido,Cinzento,Branco,Urbano,Chocolate-Claro
Comestivel,Nenhum,Castanho,Branco,Florestas,Branco
Comestivel,Nenhum,Vermelho,Vermelho,Florestas,Branco
Venenoso,Fétido,Castanho,Chocolate,Caminhos,Branco
Venenoso,Nenhum,Castanho,Branco,Madeira/Árvores,Branco
Venenoso,Picante,Castanho,Chocolate,Caminhos,Branco
Comestivel,Nenhum,Bege,Vermelho,Florestas,Branco
Venenoso,Fétido,Branco,Chocolate-Claro,Gramados,Chocolate-Claro
Venenoso,Fétido,Amarelo,Rosa,Gramados,Chocolate-Claro
Comestivel,Nenhum,Castanho,Branco,Florestas,Branco
Venenoso,Nenhum,Branco,Cinzento,Prados,Verde
Comestivel,Nenhum,Castanho,Branco,Folhas Mortas,Branco
Venenoso,Fétido,Amarelo,Cinzento,Caminhos,Chocolate-Claro
Venenoso,Fétido,Bege,Chocolate-Claro,Gramados,Chocolate-Claro
Venenoso,Picante,Castanho,Chocolate,Folhas Mortas,Branco
Venenoso,Fétido,Cinzento,Chocolate-Claro,Urbano,Chocolate-Claro
Venenoso,Fétido,Cinzento,Branco,Urbano,Chocolate-Claro
Venenoso,Fétido,Castanho,Chocolate,Caminhos,Branco
Comestivel,Nenhum,Branco,Rosa,Madeira/Árvores,Chocolate-Claro
Venenoso,Picante,Castanho,Chocolate,Folhas Mortas,Branco
Venenoso,Fétido,Cinzento,Cinzento,Gramados,Chocolate-Claro
Venenoso,Peixe,Vermelho,Chocolate,Folhas Mortas,Branco
Venenoso,Fétido,Branco,Branco,Gramados,Chocolate-Claro
Venenoso,Fétido,Cinzento,Rosa,Madeira/Árvores,Chocolate-Claro
Venenoso,Fétido,Branco,Chocolate-Claro,Urbano,Chocolate-Claro
Venenoso,Nenhum,Amarelo,Branco,Madeira/Árvores,Branco
Venenoso,Fétido,Branco,Branco,Urbano,Chocolate-Claro
Venenoso,Fétido,Cinzento,Chocolate-Claro,Urbano,Chocolate-Claro
Comestivel,Nenhum,Canela,Branco,Folhas Mortas,Branco
Venenoso,Fétido,Branco,Chocolate-Claro,Urbano,Chocolate-Claro
Venenoso,Picante,Castanho,Chocolate,Caminhos,Branco
Venenoso,Nenhum,Rosa,Verde,Gramados,Verde
Venenoso,Fétido,Amarelo,Rosa,Caminhos,Chocolate-Claro
Comestivel,Nenhum,Rosa,Vermelho,Florestas,Branco
Venenoso,Nenhum,Bege,Verde,Gramados,Verde
Venenoso,Nenhum,Amarelo,Branco,Madeira/Árvores,Branco
Venenoso,Fétido,Amarelo,Chocolate-Claro,Caminhos,Chocolate-Claro
Comestivel,Nenhum,Castanho,Branco,Folhas Mortas,Branco
Comestivel,Nenhum,Castanho,Branco,Folhas Mortas,Branco
Venenoso,Peixe,Castanho,Chocolate,Folhas Mortas,Branco
Venenoso,Fétido,Cinzento,Rosa,Urbano,Chocolate-Claro
Venenoso,Fétido,Bege,Chocolate-Claro,Urbano,Chocolate-Claro
Venenoso,Fétido,Cinzento,Branco,Gramados,Chocolate-Claro
Venenoso,Fétido,Bege,Chocolate-Claro,Gramados,Chocolate-Claro
Comestivel,Nenhum,Verde,Chocolate-Claro,Madeira/Árvores,Chocolate-Claro
Venenoso,Fétido,Amarelo,Chocolate-Claro,Madeira/Árvores,Chocolate-Claro
Venenoso,Fétido,Cinzento,Chocolate-Claro,Urbano,Chocolate-Claro
Venenoso,Fétido,Castanho,Chocolate,Caminhos,Branco
Venenoso,Fétido,Amarelo,Chocolate-Claro,Gramados,Chocolate-Claro
Venenoso,Fétido,Branco,Branco,Urbano,Chocolate-Claro
Venenoso,Fétido,Branco,Branco,Urbano,Chocolate-Claro
Venenoso,Fétido,Cinzento,Rosa,Caminhos,Chocolate-Claro
Venenoso,Fétido,Amarelo,Chocolate-Claro,Caminhos,Chocolate-Claro
Venenoso,Fétido,Castanho,Chocolate,Madeira/Árvores,Branco
Venenoso,Nenhum,Amarelo,Branco,Madeira/Árvores,Branco
Comestivel,Nenhum,Castanho,Vermelho,Florestas,Branco
Venenoso,Fétido,Amarelo,Rosa,Madeira/Árvores,Chocolate-Claro
Venenoso,Fétido,Cinzento,Chocolate-Claro,Urbano,Chocolate-Claro
Venenoso,Peixe,Castanho,Chocolate,Folhas Mortas,Branco
Venenoso,Fétido,Amarelo,Chocolate-Claro,Madeira/Árvores,Chocolate-Claro
Venenoso,Fétido,Amarelo,Cinzento,Madeira/Árvores,Chocolate-Claro
Venenoso,Fétido,Branco,Chocolate-Claro,Urbano,Chocolate-Claro
Venenoso,Nenhum,Rosa,Branco,Prados,Verde
Venenoso,Fétido,Amarelo,Chocolate-Claro,Gramados,Chocolate-Claro
Comestivel,Nenhum,Rosa,Branco,Florestas,Branco
Venenoso,Fétido,Bege,Chocolate-Claro,Gramados,Chocolate-Claro
Venenoso,Fétido,Branco,Rosa,Gramados,Chocolate-Claro
Venenoso,Fétido,Branco,Chocolate-Claro,Gramados,Chocolate-Claro
Venenoso,Fétido,Castanho,Chocolate,Madeira/Árvores,Branco
Venenoso,Nenhum,Rosa,Verde,Prados,Verde
Venenoso,Fétido,Bege,Chocolate-Claro,Urbano,Chocolate-Claro
Comestivel,Nenhum,Rosa,Branco,Florestas,Branco
Venenoso,Picante,Castanho,Chocolate,Caminhos,Branco
Venenoso,Fétido,Amarelo,Rosa,Caminhos,Chocolate-Claro
Venenoso,Fétido,Branco,Rosa,Urbano,Chocolate-Claro
Comestivel,Nenhum,Bege,Vermelho,Florestas,Branco
Venenoso,Fétido,Bege,Branco,Urbano,Chocolate-Claro
Comestivel,Nenhum,Canela,Branco,Folhas Mortas,Branco
Comestivel,Nenhum,Rosa,Vermelho,Florestas,Branco
Comestivel,Nenhum,Castanho,Branco,Folhas Mortas,Branco
Comestivel,Nenhum,Rosa,Branco,Florestas,Branco
Venenoso,Fétido,Cinzento,Branco,Urbano,Chocolate-Claro
Comestivel,Nenhum,Vermelho,Branco,Florestas,Branco
Comestivel,Nenhum,Vermelho,Branco,Florestas,Branco
Venenoso,Fétido,Branco,Rosa,Gramados,Chocolate-Claro
Comestivel,Nenhum,Bege,Vermelho,Florestas,Branco
Venenoso,Fétido,Bege,Rosa,Gramados,Chocolate-Claro
Venenoso,Nenhum,Amarelo,Branco,Madeira/Árvores,Branco
Venenoso,Fétido,Branco,Chocolate-Claro,Urbano,Chocolate-Claro
Venenoso,Fétido,Amarelo,Chocolate-Claro,Gramados,Chocolate-Claro
Venenoso,Fétido,Amarelo,Rosa,Caminhos,Chocolate-Claro
Venenoso,Nenhum,Castanho,Branco,Madeira/Árvores,Branco
Venenoso,Fétido,Amarelo,Rosa,Caminhos,Chocolate-Claro
Venenoso,Fétido,Amarelo,Rosa,Caminhos,Chocolate-Claro
Comestivel,Nenhum,Canela,Branco,Folhas Mortas,Branco
Venenoso,Peixe,Vermelho,Chocolate,Madeira/Árvores,Branco
Venenoso,Fétido,Branco,Chocolate-Claro,Gramados,Chocolate-Claro
Venenoso,Fétido,Castanho,Chocolate,Caminhos,Branco
Venenoso,Nenhum,Rosa,Verde,Gramados,Verde
Venenoso,Fétido,Amarelo,Cinzento,Madeira/Árvores,Chocolate-Claro
Venenoso,Fétido,Bege,Branco,Gramados,Chocolate-Claro
Venenoso,Fétido,Amarelo,Cinzento,Caminhos,Chocolate-Claro
Venenoso,Fétido,Bege,Rosa,Gramados,Chocolate-Claro
Venenoso,Fétido,Bege,Chocolate-Claro,Urbano,Chocolate-Claro
Venenoso,Peixe,Castanho,Chocolate,Caminhos,Branco
Venenoso,Fétido,Amarelo,Chocolate-Claro,Caminhos,Chocolate-Claro
Comestivel,Nenhum,Castanho,Vermelho,Florestas,Branco
Venenoso,Fétido,Amarelo,Cinzento,Gramados,Chocolate-Claro
Comestivel,Nenhum,Bege,Vermelho,Florestas,Branco
Comestivel,Nenhum,Vermelho,Branco,Florestas,Branco
Comestivel,Nenhum,Castanho,Vermelho,Florestas,Branco
Venenoso,Fétido,Branco,Rosa,Urbano,Chocolate-Claro
Venenoso,Fétido,Amarelo,Chocolate-Claro,Madeira/Árvores,Chocolate-Claro
Comestivel,Nenhum,Rosa,Vermelho,Florestas,Branco
Comestivel,Nenhum,Vermelho,Branco,Florestas,Branco
Venenoso,Fétido,Amarelo,Cinzento,Madeira/Árvores,Chocolate-Claro
Venenoso,Nenhum,Bege,Cinzento,Prados,Verde
Venenoso,Fétido,Bege,Chocolate-Claro,Urbano,Chocolate-Claro
Venenoso,Fétido,Cinzento,Branco,Gramados,Chocolate-Claro
Venenoso,Fétido,Bege,Rosa,Gramados,Chocolate-Claro
Venenoso,Fétido,Amarelo,Chocolate-Claro,Caminhos,Chocolate-Claro
Venenoso,Fétido,Branco,Branco,Gramados,Chocolate-Claro
Venenoso,Fétido,Cinzento,Branco,Urbano,Chocolate-Claro
Comestivel,Nenhum,Verde,Chocolate-Claro,Madeira/Árvores,Chocolate-Claro
Venenoso,Fétido,Amarelo,Rosa,Gramados,Chocolate-Claro
Venenoso,Fétido,Castanho,Chocolate,Madeira/Árvores,Branco
Venenoso,Fétido,Bege,Branco,Gramados,Chocolate-Claro
Comestivel,Nenhum,Canela,Branco,Folhas Mortas,Branco
Venenoso,Fétido,Cinzento,Chocolate-Claro,Urbano,Chocolate-Claro
Comestivel,Nenhum,Roxo,Rosa,Madeira/Árvores,Chocolate-Claro
Venenoso,Fétido,Amarelo,Chocolate-Claro,Caminhos,Chocolate-Claro
Venenoso,Fétido,Cinzento,Rosa,Gramados,Chocolate-Claro
Venenoso,Nenhum,Branco,Cinzento,Prados,Verde
Venenoso,Peixe,Castanho,Chocolate,Madeira/Árvores,Branco
Venenoso,Picante,Castanho,Chocolate,Folhas Mortas,Branco
Venenoso,Fétido,Cinzento,Chocolate-Claro,Caminhos,Chocolate-Claro
Comestivel,Nenhum,Rosa,Vermelho,Florestas,Branco
Venenoso,Fétido,Cinzento,Branco,Gramados,Chocolate-Claro
Venenoso,Fétido,Bege,Branco,Gramados,Chocolate-Claro
Venenoso,Peixe,Castanho,Chocolate,Caminhos,Branco
Venenoso,Fétido,Cinzento,Chocolate-Claro,Urbano,Chocolate-Claro
Venenoso,Peixe,Castanho,Chocolate,Caminhos,Branco
Venenoso,Fétido,Branco,Rosa,Gramados,Chocolate-Claro
Venenoso,Fétido,Cinzento,Branco,Urbano,Chocolate-Claro
Venenoso,Fétido,Cinzento,Branco,Gramados,Chocolate-Claro
Venenoso,Fétido,Amarelo,Cinzento,Caminhos,Chocolate-Claro
Venenoso,Fétido,Amarelo,Rosa,Caminhos,Chocolate-Claro
Venenoso,Fétido,Cinzento,Rosa,Gramados,Chocolate-Claro
Venenoso,Fétido,Amarelo,Cinzento,Gramados,Chocolate-Claro
Venenoso,Fétido,Cinzento,Branco,Urbano,Chocolate-Claro
Venenoso,Fétido,Bege,Rosa,Urbano,Chocolate-Claro
Venenoso,Fétido,Branco,Chocolate-Claro,Urbano,Chocolate-Claro
Venenoso,Fétido,Cinzento,Rosa,Gramados,Chocolate-Claro
Venenoso,Fétido,Bege,Chocolate-Claro,Gramados,Chocolate-Claro
Venenoso,Picante,Castanho,Chocolate,Madeira/Árvores,Branco
Venenoso,Fétido,Branco,Branco,Gramados,Chocolate-Claro
Comestivel,Nenhum,Vermelho,Vermelho,Florestas,Branco
Venenoso,Nenhum,Bege,Branco,Prados,Verde
Venenoso,Peixe,Castanho,Chocolate,Caminhos,Branco
Comestivel,Nenhum,Castanho,Vermelho,Florestas,Branco
Venenoso,Fétido,Branco,Branco,Urbano,Chocolate-Claro
Venenoso,Fétido,Branco,Rosa,Urbano,Chocolate-Claro
Venenoso,Peixe,Castanho,Chocolate,Madeira/Árvores,Branco
Venenoso,Fétido,Branco,Branco,Gramados,Chocolate-Claro
Venenoso,Peixe,Castanho,Chocolate,Folhas Mortas,Branco
Venenoso,Nenhum,Rosa,Branco,Gramados,Verde
Venenoso,Peixe,Vermelho,Chocolate,Madeira/Árvores,Branco
Venenoso,Fétido,Cinzento,Cinzento,Caminhos,Chocolate-Claro
Venenoso,Fétido,Amarelo,Cinzento,Madeira/Árvores,Chocolate-Claro
Venenoso,Fétido,Cinzento,Chocolate-Claro,Gramados,Chocolate-Claro
Venenoso,Nenhum,Branco,Verde,Prados,Verde
Venenoso,Fétido,Cinzento,Chocolate-Claro,Gramados,Chocolate-Claro
Comestivel,Nenhum,Rosa,Branco,Florestas,Branco
Venenoso,Fétido,Branco,Branco,Gramados,Chocolate-Claro
Comestivel,Nenhum,Rosa,Vermelho,Florestas,Branco
Venenoso,Fétido,Branco,Rosa,Urbano,Chocolate-Claro
Venenoso,Peixe,Castanho,Chocolate,Caminhos,Branco
Venenoso,Fétido,Amarelo,Rosa,Madeira/Árvores,Chocolate-Claro
Venenoso,Fétido,Cinzento,Rosa,Caminhos,Chocolate-Claro
Venenoso,Fétido,Cinzento,Rosa,Caminhos,Chocolate-Claro
Comestivel,Nenhum,Vermelho,Branco,Florestas,Branco
Venenoso,Fétido,Amarelo,Cinzento,Caminhos,Chocolate-Claro
Venenoso,Picante,Castanho,Chocolate,Madeira/Árvores,Branco
Venenoso,Fétido,Bege,Branco,Gramados,Chocolate-Claro
Venenoso,Fétido,Amarelo,Chocolate-Claro,Madeira/Árvores,Chocolate-Claro
Comestivel,Nenhum,Vermelho,Vermelho,Florestas,Branco
Venenoso,Nenhum,Rosa,Cinzento,Prados,Verde
Venenoso,Nenhum,Branco,Branco,Prados,Verde
Venenoso,Fétido,Amarelo,Cinzento,Caminhos,Chocolate-Claro
Venenoso,Fétido,Amarelo,Chocolate-Claro,Gramados,Chocolate-Claro
Comestivel,Nenhum,Verde,Branco,Madeira/Árvores,Chocolate-Claro
Venenoso,Fétido,Branco,Rosa,Gramados,Chocolate-Claro
Venenoso,Fétido,Branco,Rosa,Gramados,Chocolate-Claro
Venenoso,Fétido,Bege,Rosa,Urbano,Chocolate-Claro
Venenoso,Peixe,Castanho,Chocolate,Caminhos,Branco
Comestivel,Nenhum,Vermelho,Vermelho,Florestas,Branco
Comestivel,Nenhum,Rosa,Branco,Florestas,Branco
Comestivel,Nenhum,Bege,Branco,Florestas,Branco
Venenoso,Fétido,Cinzento,Chocolate-Claro,Gramados,Chocolate-Claro
Venenoso,Fétido,Amarelo,Rosa,Gramados,Chocolate-Claro
Venenoso,Peixe,Castanho,Chocolate,Folhas Mortas,Branco
Venenoso,Nenhum,Branco,Branco,Folhas Mortas,Branco
Venenoso,Fétido,Branco,Rosa,Gramados,Chocolate-Claro
Venenoso,Fétido,Cinzento,Branco,Gramados,Chocolate-Claro
Venenoso,Peixe,Vermelho,Chocolate,Folhas Mortas,Branco
Venenoso,Fétido,Cinzento,Branco,Gramados,Chocolate-Claro
Venenoso,Picante,Castanho,Chocolate,Madeira/Árvores,Branco
Comestivel,Nenhum,Rosa,Vermelho,Florestas,Branco
Comestivel,Nenhum,Branco,Chocolate-Claro,Madeira/Árvores,Chocolate-Claro
Venenoso,Fétido,Amarelo,Chocolate-Claro,Gramados,Chocolate-Claro
Venenoso,Peixe,Castanho,Chocolate,Madeira/Árvores,Branco
Venenoso,Fétido,Amarelo,Cinzento,Madeira/Árvores,Chocolate-Claro
Venenoso,Picante,Castanho,Chocolate,Folhas Mortas,Branco
Venenoso,Fétido,Cinzento,Chocolate-Claro,Urbano,Chocolate-Claro
Venenoso,Picante,Castanho,Chocolate,Madeira/Árvores,Branco
Comestivel,Nenhum,Castanho,Branco,Folhas Mortas,Branco
Venenoso,Fétido,Branco,Rosa,Urbano,Chocolate-Claro
Venenoso,Fétido,Amarelo,Rosa,Caminhos,Chocolate-Claro
Comestivel,Nenhum,Rosa,Vermelho,Florestas,Branco
Venenoso,Nenhum,Bege,Verde,Prados,Verde
Venenoso,Fétido,Cinzento,Chocolate-Claro,Caminhos,Chocolate-Claro
Comestivel,Nenhum,Verde,Chocolate-Claro,Madeira/Árvores,Chocolate-Claro
Venenoso,Fétido,Castanho,Chocolate,Folhas Mortas,Branco
Venenoso,Peixe,Castanho,Chocolate,Caminhos,Branco
Venenoso,Fétido,Bege,Rosa,Gramados,Chocolate-Claro
Venenoso,Fétido,Amarelo,Cinzento,Madeira/Árvores,Chocolate-Claro
Venenoso,Fétido,Castanho,Chocolate,Madeira/Árvores,Branco
Comestivel,Nenhum,Castanho,Vermelho,Florestas,Branco
Venenoso,Fétido,Castanho,Chocolate,Folhas Mortas,Branco
Comestivel,Nenhum,Vermelho,Branco,Florestas,Branco
Comestivel,Nenhum,Bege,Branco,Florestas,Branco
Comestivel,Nenhum,Castanho,Vermelho,Florestas,Branco
Venenoso,Fétido,Branco,Branco,Gramados,Chocolate-Claro
Comestivel,Nenhum,Bege,Vermelho,Florestas,Branco
Venenoso,Fétido,Amarelo,Cinzento,Gramados,Chocolate-Claro
Venenoso,Fétido,Amarelo,Cinzento,Madeira/Árvores,Chocolate-Claro
Venenoso,Fétido,Amarelo,Cinzento,Gramados,Chocolate-Claro
Comestivel,Nenhum,Vermelho,Branco,Florestas,Branco
Venenoso,Fétido,Branco,Rosa,Urbano,Chocolate-Claro
Comestivel,Nenhum,Canela,Branco,Folhas Mortas,Branco
Comestivel,Nenhum,Castanho,Branco,Folhas Mortas,Branco
Venenoso,Nenhum,Rosa,Verde,Prados,Verde
Venenoso,Peixe,Castanho,Chocolate,Caminhos,Branco
Venenoso,Fétido,Bege,Chocolate-Claro,Urbano,Chocolate-Claro
Comestivel,Nenhum,Verde,Rosa,Madeira/Árvores,Chocolate-Claro
Venenoso,Fétido,Bege,Branco,Gramados,Chocolate-Claro
Comestivel,Nenhum,Roxo,Rosa,Madeira/Árvores,Chocolate-Claro
Venenoso,Peixe,Castanho,Chocolate,Caminhos,Branco
Venenoso,Fétido,Branco,Rosa,Urbano,Chocolate-Claro
Comestivel,Nenhum,Vermelho,Branco,Florestas,Branco
Comestivel,Nenhum,Rosa,Vermelho,Florestas,Branco
Venenoso,Picante,Castanho,Chocolate,Caminhos,Branco
Venenoso,Fétido,Castanho,Chocolate,Caminhos,Branco
Venenoso,Fétido,Branco,Rosa,Gramados,Chocolate-Claro
Venenoso,Fétido,Amarelo,Rosa,Caminhos,Chocolate-Claro
Comestivel,Nenhum,Castanho,Vermelho,Florestas,Branco
Comestivel,Nenhum,Vermelho,Vermelho,Florestas,Branco
Venenoso,Fétido,Branco,Branco,Urbano,Chocolate-Claro
Venenoso,Fétido,Amarelo,Chocolate-Claro,Gramados,Chocolate-Claro
Venenoso,Nenhum,Bege,Cinzento,Prados,Verde
Venenoso,Fétido,Amarelo,Chocolate-Claro,Caminhos,Chocolate-Claro
Venenoso,Fétido,Cinzento,Rosa,Gramados,Chocolate-Claro
Comestivel,Nenhum,Rosa,Branco,Florestas,Branco
Comestivel,Nenhum,Castanho,Vermelho,Florestas,Branco
Venenoso,Nenhum,Branco,Verde,Prados,Verde
Venenoso,Fétido,Amarelo,Cinzento,Madeira/Árvores,Chocolate-Claro
Venenoso,Peixe,Vermelho,Chocolate,Madeira/Árvores,Branco
Venenoso,Fétido,Bege,Chocolate-Claro,Gramados,Chocolate-Claro
Venenoso,Fétido,Bege,Chocolate-Claro,Gramados,Chocolate-Claro
Venenoso,Picante,Castanho,Chocolate,Caminhos,Branco
Venenoso,Nenhum,Rosa,Cinzento,Gramados,Verde
Comestivel,Nenhum,Canela,Branco,Folhas Mortas,Branco
Venenoso,Fétido,Castanho,Chocolate,Madeira/Árvores,Branco
Venenoso,Fétido,Branco,Branco,Urbano,Chocolate-Claro
Venenoso,Fétido,Castanho,Chocolate,Madeira/Árvores,Branco
Comestivel,Nenhum,Castanho,Branco,Folhas Mortas,Branco
Venenoso,Peixe,Castanho,Chocolate,Caminhos,Branco
Venenoso,Fétido,Cinzento,Rosa,Urbano,Chocolate-Claro
Venenoso,Peixe,Vermelho,Chocolate,Madeira/Árvores,Branco
Comestivel,Nenhum,Verde,Chocolate-Claro,Madeira/Árvores,Chocolate-Claro
Venenoso,Nenhum,Rosa,Branco,Prados,Verde
Comestivel,Nenhum,Rosa,Branco,Florestas,Branco
Venenoso,Peixe,Castanho,Chocolate,Folhas Mortas,Branco
Venenoso,Fétido,Castanho,Chocolate,Caminhos,Branco
Venenoso,Fétido,Cinzento,Branco,Gramados,Chocolate-Claro
Venenoso,Fétido,Amarelo,Rosa,Caminhos,Chocolate-Claro
Venenoso,Nenhum,Rosa,Verde,Prados,Verde
Venenoso,Picante,Castanho,Chocolate,Caminhos,Branco
Venenoso,Picante,Castanho,Chocolate,Madeira/Árvores,Branco
Comestivel,Nenhum,Bege,Vermelho,Florestas,Branco
Venenoso,Fétido,Bege,Rosa,Urbano,Chocolate-Claro
Comestivel,Nenhum,Canela,Branco,Folhas Mortas,Branco
Comestivel,Nenhum,Branco,Branco,Madeira/Árvores,Chocolate-Claro
Venenoso,Peixe,Castanho,Chocolate,Folhas Mortas,Branco
Comestivel,Nenhum,Castanho,Branco,Folhas Mortas,Branco
Venenoso,Fétido,Castanho,Chocolate,Madeira/Árvores,Branco
Venenoso,Picante,Castanho,Chocolate,Madeira/Árvores,Branco
Comestivel,Nenhum,Rosa,Vermelho,Florestas,Branco
Venenoso,Nenhum,Branco,Verde,Prados,Verde
Venenoso,Fétido,Castanho,Chocolate,Folhas Mortas,Branco
Venenoso,Fétido,Amarelo,Cinzento,Gramados,Chocolate-Claro
Comestivel,Nenhum,Castanho,Branco,Folhas Mortas,Branco
Venenoso,Fétido,Cinzento,Rosa,Gramados,Chocolate-Claro
Venenoso,Nenhum,Branco,Verde,Gramados,Verde
Venenoso,Fétido,Cinzento,Chocolate-Claro,Gramados,Chocolate-Claro
Comestivel,Nenhum,Castanho,Branco,Florestas,Branco
Venenoso,Fétido,Amarelo,Rosa,Madeira/Árvores,Chocolate-Claro
Venenoso,Picante,Castanho,Chocolate,Folhas Mortas,Branco
Venenoso,Peixe,Vermelho,Chocolate,Caminhos,Branco
Venenoso,Fétido,Amarelo,Cinzento,Gramados,Chocolate-Claro
Venenoso,Nenhum,Branco,Cinzento,Gramados,Verde
Venenoso,Fétido,Bege,Rosa,Urbano,Chocolate-Claro
Comestivel,Nenhum,Bege,Branco,Florestas,Branco
Comestivel,Nenhum,Canela,Branco,Folhas Mortas,Branco
Venenoso,Fétido,Branco,Chocolate-Claro,Urbano,Chocolate-Claro
Comestivel,Nenhum,Rosa,Vermelho,Florestas,Branco
Comestivel,Nenhum,Castanho,Vermelho,Florestas,Branco
Comestivel,Nenhum,Bege,Vermelho,Florestas,Branco
Venenoso,Fétido,Amarelo,Chocolate-Claro,Gramados,Chocolate-Claro
Venenoso,Fétido,Cinzento,Chocolate-Claro,Gramados,Chocolate-Claro
Venenoso,Fétido,Amarelo,Cinzento,Caminhos,Chocolate-Claro
Comestivel,Nenhum,Vermelho,Vermelho,Florestas,Branco
Venenoso,Fétido,Bege,Rosa,Gramados,Chocolate-Claro
Comestivel,Nenhum,Castanho,Branco,Folhas Mortas,Branco
Venenoso,Fétido,Amarelo,Cinzento,Madeira/Árvores,Chocolate-Claro
Venenoso,Fétido,Cinzento,Cinzento,Madeira/Árvores,Chocolate-Claro
Venenoso,Nenhum,Bege,Verde,Gramados,Verde
Venenoso,Peixe,Vermelho,Chocolate,Caminhos,Branco
Venenoso,Fétido,Amarelo,Rosa,Caminhos,Chocolate-Claro
Venenoso,Fétido,Amarelo,Cinzento,Caminhos,Chocolate-Claro
Venenoso,Nenhum,Branco,Cinzento,Gramados,Verde
Comestivel,Nenhum,Vermelho,Vermelho,Florestas,Branco
Venenoso,Fétido,Amarelo,Cinzento,Caminhos,Chocolate-Claro
Comestivel,Nenhum,Castanho,Vermelho,Florestas,Branco
Venenoso,Nenhum,Amarelo,Branco,Madeira/Árvores,Branco
Venenoso,Fétido,Cinzento,Cinzento,Caminhos,Chocolate-Claro
Venenoso,Fétido,Amarelo,Cinzento,Gramados,Chocolate-Claro
Venenoso,Peixe,Vermelho,Chocolate,Caminhos,Branco
Comestivel,Nenhum,Bege,Branco,Florestas,Branco
Venenoso,Fétido,Branco,Branco,Urbano,Chocolate-Claro
Venenoso,Fétido,Branco,Branco,Gramados,Chocolate-Claro
Venenoso,Fétido,Cinzento,Chocolate-Claro,Madeira/Árvores,Chocolate-Claro
Comestivel,Nenhum,Rosa,Branco,Florestas,Branco
Venenoso,Fétido,Amarelo,Rosa,Gramados,Chocolate-Claro
Venenoso,Fétido,Amarelo,Rosa,Caminhos,Chocolate-Claro
Comestivel,Nenhum,Vermelho,Branco,Florestas,Branco
Comestivel,Nenhum,Castanho,Vermelho,Florestas,Branco
Venenoso,Fétido,Amarelo,Chocolate-Claro,Gramados,Chocolate-Claro
Venenoso,Fétido,Bege,Rosa,Gramados,Chocolate-Claro
Venenoso,Fétido,Cinzento,Cinzento,Madeira/Árvores,Chocolate-Claro
Venenoso,Fétido,Cinzento,Branco,Urbano,Chocolate-Claro
Venenoso,Fétido,Branco,Rosa,Gramados,Chocolate-Claro
Venenoso,Nenhum,Castanho,Branco,Madeira/Árvores,Branco
Venenoso,Fétido,Bege,Chocolate-Claro,Gramados,Chocolate-Claro
Comestivel,Nenhum,Vermelho,Vermelho,Florestas,Branco
Venenoso,Fétido,Amarelo,Cinzento,Gramados,Chocolate-Claro
Venenoso,Fétido,Bege,Rosa,Urbano,Chocolate-Claro
Comestivel,Nenhum,Castanho,Branco,Folhas Mortas,Branco
Venenoso,Fétido,Amarelo,Rosa,Gramados,Chocolate-Claro
Comestivel,Nenhum,Canela,Branco,Folhas Mortas,Branco
Venenoso,Fétido,Cinzento,Rosa,Caminhos,Chocolate-Claro
Venenoso,Peixe,Castanho,Chocolate,Caminhos,Branco
Comestivel,Nenhum,Rosa,Branco,Florestas,Branco
Venenoso,Fétido,Bege,Chocolate-Claro,Gramados,Chocolate-Claro
Venenoso,Fétido,Cinzento,Chocolate-Claro,Madeira/Árvores,Chocolate-Claro
Venenoso,Fétido,Amarelo,Rosa,Gramados,Chocolate-Claro
Venenoso,Peixe,Vermelho,Chocolate,Madeira/Árvores,Branco
Comestivel,Nenhum,Verde,Branco,Madeira/Árvores,Chocolate-Claro
Venenoso,Fétido,Amarelo,Rosa,Caminhos,Chocolate-Claro
Venenoso,Fétido,Cinzento,Chocolate-Claro,Gramados,Chocolate-Claro
Venenoso,Fétido,Branco,Branco,Gramados,Chocolate-Claro
Venenoso,Fétido,Bege,Branco,Gramados,Chocolate-Claro
Comestivel,Nenhum,Castanho,Branco,Florestas,Branco
Venenoso,Nenhum,Amarelo,Branco,Madeira/Árvores,Branco
Comestivel,Nenhum,Roxo,Branco,Madeira/Árvores,Chocolate-Claro
Venenoso,Peixe,Castanho,Chocolate,Folhas Mortas,Branco
Comestivel,Nenhum,Castanho,Branco,Florestas,Branco
Venenoso,Fétido,Branco,Branco,Urbano,Chocolate-Claro
Venenoso,Fétido,Amarelo,Rosa,Madeira/Árvores,Chocolate-Claro
Comestivel,Nenhum,Bege,Vermelho,Florestas,Branco
Comestivel,Nenhum,Canela,Branco,Folhas Mortas,Branco
Venenoso,Fétido,Cinzento,Rosa,Urbano,Chocolate-Claro
Venenoso,Fétido,Cinzento,Chocolate-Claro,Caminhos,Chocolate-Claro
Venenoso,Peixe,Vermelho,Chocolate,Folhas Mortas,Branco
Comestivel,Nenhum,Rosa,Vermelho,Florestas,Branco
Comestivel,Nenhum,Rosa,Branco,Florestas,Branco
Venenoso,Fétido,Amarelo,Chocolate-Claro,Gramados,Chocolate-Claro
Venenoso,Peixe,Castanho,Chocolate,Madeira/Árvores,Branco
Comestivel,Nenhum,Castanho,Vermelho,Florestas,Branco
Venenoso,Fétido,Amarelo,Chocolate-Claro,Gramados,Chocolate-Claro
Venenoso,Picante,Castanho,Chocolate,Madeira/Árvores,Branco
Comestivel,Nenhum,Castanho,Branco,Florestas,Branco
Venenoso,Fétido,Amarelo,Rosa,Madeira/Árvores,Chocolate-Claro
Venenoso,Fétido,Amarelo,Rosa,Caminhos,Chocolate-Claro
Venenoso,Fétido,Amarelo,Cinzento,Caminhos,Chocolate-Claro
Comestivel,Nenhum,Canela,Branco,Folhas Mortas,Branco
Venenoso,Nenhum,Bege,Branco,Gramados,Verde
Comestivel,Nenhum,Vermelho,Branco,Florestas,Branco
Venenoso,Fétido,Bege,Branco,Urbano,Chocolate-Claro
Venenoso,Fétido,Cinzento,Branco,Gramados,Chocolate-Claro
Venenoso,Fétido,Amarelo,Rosa,Gramados,Chocolate-Claro
Venenoso,Fétido,Cinzento,Rosa,Urbano,Chocolate-Claro
Venenoso,Peixe,Vermelho,Chocolate,Caminhos,Branco
Venenoso,Fétido,Branco,Rosa,Urbano,Chocolate-Claro
Comestivel,Nenhum,Rosa,Branco,Florestas,Branco
Venenoso,Fétido,Bege,Chocolate-Claro,Gramados,Chocolate-Claro
Venenoso,Peixe,Vermelho,Chocolate,Caminhos,Branco
Comestivel,Nenhum,Branco,Roxo,Madeira/Árvores,Chocolate-Claro
Comestivel,Nenhum,Rosa,Branco,Florestas,Branco
Venenoso,Fétido,Bege,Rosa,Urbano,Chocolate-Claro
Venenoso,Nenhum,Branco,Branco,Folhas Mortas,Branco
Venenoso,Fétido,Cinzento,Rosa,Gramados,Chocolate-Claro
Venenoso,Picante,Castanho,Chocolate,Caminhos,Branco
Comestivel,Nenhum,Vermelho,Branco,Florestas,Branco
Venenoso,Peixe,Castanho,Chocolate,Madeira/Árvores,Branco
Venenoso,Picante,Castanho,Chocolate,Caminhos,Branco
Venenoso,Fétido,Branco,Chocolate-Claro,Gramados,Chocolate-Claro
Comestivel,Nenhum,Vermelho,Vermelho,Florestas,Branco
Venenoso,Fétido,Bege,Rosa,Gramados,Chocolate-Claro
Venenoso,Nenhum,Branco,Verde,Prados,Verde
Comestivel,Nenhum,Castanho,Branco,Folhas Mortas,Branco
Venenoso,Fétido,Cinzento,Rosa,Urbano,Chocolate-Claro
Venenoso,Fétido,Branco,Chocolate-Claro,Gramados,Chocolate-Claro
Venenoso,Fétido,Amarelo,Rosa,Gramados,Chocolate-Claro
Comestivel,Nenhum,Bege,Vermelho,Florestas,Branco
Comestivel,Nenhum,Castanho,Branco,Florestas,Branco
Comestivel,Nenhum,Verde,Roxo,Madeira/Árvores,Chocolate-Claro
Comestivel,Nenhum,Bege,Vermelho,Florestas,Branco
Venenoso,Fétido,Branco,Chocolate-Claro,Urbano,Chocolate-Claro
Venenoso,Peixe,Castanho,Chocolate,Madeira/Árvores,Branco
Comestivel,Nenhum,Bege,Branco,Florestas,Branco
Venenoso,Nenhum,Branco,Branco,Gramados,Verde
Venenoso,Fétido,Bege,Branco,Urbano,Chocolate-Claro
Venenoso,Fétido,Cinzento,Rosa,Gramados,Chocolate-Claro
Comestivel,Nenhum,Castanho,Branco,Florestas,Branco
Venenoso,Fétido,Cinzento,Rosa,Gramados,Chocolate-Claro
Comestivel,Nenhum,Rosa,Vermelho,Florestas,Branco
Venenoso,Nenhum,Bege,Cinzento,Prados,Verde
Venenoso,Picante,Castanho,Chocolate,Madeira/Árvores,Branco
Venenoso,Fétido,Amarelo,Cinzento,Caminhos,Chocolate-Claro
Venenoso,Fétido,Bege,Branco,Urbano,Chocolate-Claro
Comestivel,Nenhum,Canela,Branco,Folhas Mortas,Branco
Venenoso,Fétido,Cinzento,Rosa,Urbano,Chocolate-Claro
Venenoso,Fétido,Branco,Branco,Gramados,Chocolate-Claro
Venenoso,Nenhum,Bege,Verde,Prados,Verde
Venenoso,Nenhum,Rosa,Verde,Gramados,Verde
Venenoso,Fétido,Branco,Branco,Gramados,Chocolate-Claro
Comestivel,Nenhum,Castanho,Branco,Florestas,Branco
Venenoso,Picante,Castanho,Chocolate,Folhas Mortas,Branco
Venenoso,Fétido,Cinzento,Cinzento,Gramados,Chocolate-Claro
Comestivel,Nenhum,Bege,Branco,Florestas,Branco
Venenoso,Fétido,Castanho,Chocolate,Folhas Mortas,Branco
Venenoso,Fétido,Bege,Rosa,Urbano,Chocolate-Claro
Venenoso,Nenhum,Rosa,Cinzento,Gramados,Verde
Venenoso,Peixe,Castanho,Chocolate,Folhas Mortas,Branco
Venenoso,Fétido,Branco,Chocolate-Claro,Urbano,Chocolate-Claro
Venenoso,Fétido,Branco,Chocolate-Claro,Urbano,Chocolate-Claro
Comestivel,Nenhum,Verde,Roxo,Madeira/Árvores,Chocolate-Claro
Venenoso,Fétido,Branco,Chocolate-Claro,Gramados,Chocolate-Claro
Venenoso,Fétido,Branco,Rosa,Urbano,Chocolate-Claro
Comestivel,Nenhum,Branco,Roxo,Madeira/Árvores,Chocolate-Claro
Venenoso,Picante,Castanho,Chocolate,Madeira/Árvores,Branco
Comestivel,Nenhum,Bege,Branco,Florestas,Branco
Venenoso,Fétido,Castanho,Chocolate,Madeira/Árvores,Branco
Venenoso,Peixe,Castanho,Chocolate,Folhas Mortas,Branco
Venenoso,Fétido,Bege,Rosa,Urbano,Chocolate-Claro
Comestivel,Nenhum,Verde,Rosa,Madeira/Árvores,Chocolate-Claro
Venenoso,Nenhum,Rosa,Cinzento,Gramados,Verde
Venenoso,Fétido,Bege,Rosa,Urbano,Chocolate-Claro
Comestivel,Nenhum,Canela,Branco,Folhas Mortas,Branco
Comestivel,Nenhum,Roxo,Rosa,Madeira/Árvores,Chocolate-Claro
Venenoso,Fétido,Bege,Branco,Urbano,Chocolate-Claro
Comestivel,Nenhum,Branco,Branco,Madeira/Árvores,Chocolate-Claro
Venenoso,Peixe,Castanho,Chocolate,Folhas Mortas,Branco
Comestivel,Nenhum,Rosa,Vermelho,Florestas,Branco
Venenoso,Nenhum,Rosa,Verde,Prados,Verde
Venenoso,Nenhum,Castanho,Branco,Madeira/Árvores,Branco
Venenoso,Fétido,Amarelo,Cinzento,Caminhos,Chocolate-Claro
Venenoso,Fétido,Branco,Chocolate-Claro,Gramados,Chocolate-Claro
Venenoso,Fétido,Cinzento,Chocolate-Claro,Gramados,Chocolate-Claro
Comestivel,Nenhum,Vermelho,Branco,Florestas,Branco
Venenoso,Nenhum,Bege,Branco,Gramados,Verde
Venenoso,Nenhum,Rosa,Branco,Prados,Verde
Venenoso,Picante,Castanho,Chocolate,Folhas Mortas,Branco
Venenoso,Fétido,Bege,Rosa,Urbano,Chocolate-Claro
Venenoso,Fétido,Amarelo,Chocolate-Claro,Caminhos,Chocolate-Claro
Venenoso,Nenhum,Branco,Cinzento,Gramados,Verde
Comestivel,Nenhum,Castanho,Branco,Folhas Mortas,Branco
Venenoso,Fétido,Amarelo,Cinzento,Gramados,Chocolate-Claro
Venenoso,Fétido,Amarelo,Chocolate-Claro,Caminhos,Chocolate-Claro
Venenoso,Fétido,Amarelo,Rosa,Gramados,Chocolate-Claro
Venenoso,Fétido,Cinzento,Chocolate-Claro,Urbano,Chocolate-Claro
Venenoso,Peixe,Vermelho,Chocolate,Folhas Mortas,Branco
Venenoso,Nenhum,Amarelo,Branco,Madeira/Árvores,Branco
Venenoso,Fétido,Castanho,Chocolate,Caminhos,Branco
Venenoso,Fétido,Branco,Chocolate-Claro,Gramados,Chocolate-Claro
Venenoso,Fétido,Cinzento,Rosa,Gramados,Chocolate-Claro
Comestivel,Nenhum,Castanho,Branco,Folhas Mortas,Branco
Venenoso,Fétido,Cinzento,Branco,Gramados,Chocolate-Claro
Venenoso,Fétido,Bege,Chocolate-Claro,Urbano,Chocolate-Claro
Comestivel,Nenhum,Vermelho,Vermelho,Florestas,Branco
Venenoso,Fétido,Bege,Chocolate-Claro,Urbano,Chocolate-Claro
Venenoso,Fétido,Amarelo,Rosa,Madeira/Árvores,Chocolate-Claro
Venenoso,Fétido,Castanho,Chocolate,Madeira/Árvores,Branco
Venenoso,Fétido,Branco,Rosa,Gramados,Chocolate-Claro
Venenoso,Fétido,Cinzento,Chocolate-Claro,Gramados,Chocolate-Claro
Venenoso,Fétido,Amarelo,Rosa,Gramados,Chocolate-Claro
Comestivel,Nenhum,Canela,Branco,Folhas Mortas,Branco
Venenoso,Picante,Castanho,Chocolate,Folhas Mortas,Branco
Comestivel,Nenhum,Vermelho,Vermelho,Florestas,Branco
Venenoso,Peixe,Castanho,Chocolate,Folhas Mortas,Branco
Venenoso,Fétido,Branco,Rosa,Gramados,Chocolate-Claro
Venenoso,Peixe,Vermelho,Chocolate,Folhas Mortas,Branco
Comestivel,Nenhum,Castanho,Branco,Florestas,Branco
Venenoso,Fétido,Cinzento,Chocolate-Claro,Caminhos,Chocolate-Claro
Venenoso,Fétido,Branco,Branco,Urbano,Chocolate-Claro
Comestivel,Nenhum,Vermelho,Branco,Florestas,Branco
Venenoso,Fétido,Amarelo,Rosa,Madeira/Árvores,Chocolate-Claro
Venenoso,Fétido,Amarelo,Rosa,Madeira/Árvores,Chocolate-Claro
Comestivel,Nenhum,Vermelho,Vermelho,Florestas,Branco
Venenoso,Fétido,Cinzento,Rosa,Gramados,Chocolate-Claro
Comestivel,Nenhum,Castanho,Vermelho,Florestas,Branco
Venenoso,Fétido,Amarelo,Rosa,Madeira/Árvores,Chocolate-Claro
Venenoso,Fétido,Branco,Branco,Gramados,Chocolate-Claro
Venenoso,Picante,Castanho,Chocolate,Caminhos,Branco
Venenoso,Fétido,Amarelo,Rosa,Gramados,Chocolate-Claro
Venenoso,Nenhum,Branco,Verde,Gramados,Verde
Venenoso,Picante,Castanho,Chocolate,Madeira/Árvores,Branco
Comestivel,Nenhum,Branco,Branco,Madeira/Árvores,Chocolate-Claro
Comestivel,Nenhum,Branco,Chocolate-Claro,Madeira/Árvores,Chocolate-Claro
Venenoso,Fétido,Castanho,Chocolate,Caminhos,Branco
Venenoso,Fétido,Cinzento,Rosa,Urbano,Chocolate-Claro
Comestivel,Nenhum,Roxo,Branco,Madeira/Árvores,Chocolate-Claro
Venenoso,Nenhum,Branco,Branco,Gramados,Verde
Venenoso,Fétido,Amarelo,Cinzento,Madeira/Árvores,Chocolate-Claro
Venenoso,Fétido,Cinzento,Chocolate-Claro,Gramados,Chocolate-Claro
Venenoso,Fétido,Amarelo,Cinzento,Caminhos,Chocolate-Claro
Venenoso,Fétido,Amarelo,Chocolate-Claro,Gramados,Chocolate-Claro
Venenoso,Fétido,Amarelo,Chocolate-Claro,Madeira/Árvores,Chocolate-Claro
Venenoso,Fétido,Cinzento,Rosa,Gramados,Chocolate-Claro
Comestivel,Nenhum,Verde,Roxo,Madeira/Árvores,Chocolate-Claro
Venenoso,Fétido,Branco,Branco,Gramados,Chocolate-Claro
Comestivel,Nenhum,Castanho,Branco,Florestas,Branco
Venenoso,Picante,Castanho,Chocolate,Madeira/Árvores,Branco
Venenoso,Fétido,Cinzento,Branco,Gramados,Chocolate-Claro
Venenoso,Fétido,Amarelo,Cinzento,Gramados,Chocolate-Claro
Venenoso,Nenhum,Branco,Branco,Prados,Verde
Venenoso,Fétido,Castanho,Chocolate,Madeira/Árvores,Branco
Venenoso,Nenhum,Bege,Branco,Prados,Verde
Venenoso,Fétido,Amarelo,Rosa,Gramados,Chocolate-Claro
Venenoso,Fétido,Cinzento,Cinzento,Madeira/Árvores,Chocolate-Claro
Comestivel,Nenhum,Vermelho,Vermelho,Florestas,Branco
Comestivel,Nenhum,Bege,Branco,Florestas,Branco
Venenoso,Fétido,Castanho,Chocolate,Folhas Mortas,Branco
Comestivel,Nenhum,Vermelho,Vermelho,Florestas,Branco
Venenoso,Nenhum,Bege,Verde,Prados,Verde
Comestivel,Nenhum,Castanho,Branco,Florestas,Branco
Venenoso,Peixe,Vermelho,Chocolate,Caminhos,Branco
Comestivel,Nenhum,Bege,Branco,Florestas,Branco
Venenoso,Fétido,Cinzento,Branco,Urbano,Chocolate-Claro
Venenoso,Nenhum,Bege,Cinzento,Gramados,Verde
Venenoso,Picante,Castanho,Chocolate,Folhas Mortas,Branco
Venenoso,Peixe,Vermelho,Chocolate,Folhas Mortas,Branco
Venenoso,Fétido,Amarelo,Chocolate-Claro,Gramados,Chocolate-Claro
Venenoso,Fétido,Castanho,Chocolate,Folhas Mortas,Branco
Venenoso,Picante,Castanho,Chocolate,Madeira/Árvores,Branco
Venenoso,Fétido,Cinzento,Branco,Urbano,Chocolate-Claro
Comestivel,Nenhum,Rosa,Branco,Florestas,Branco
Comestivel,Nenhum,Roxo,Roxo,Madeira/Árvores,Chocolate-Claro
Venenoso,Fétido,Amarelo,Cinzento,Caminhos,Chocolate-Claro
Venenoso,Fétido,Cinzento,Chocolate-Claro,Gramados,Chocolate-Claro
Venenoso,Picante,Castanho,Chocolate,Folhas Mortas,Branco
Venenoso,Fétido,Cinzento,Chocolate-Claro,Urbano,Chocolate-Claro
Venenoso,Fétido,Bege,Chocolate-Claro,Gramados,Chocolate-Claro
Venenoso,Fétido,Amarelo,Chocolate-Claro,Gramados,Chocolate-Claro
Venenoso,Nenhum,Branco,Verde,Gramados,Verde
Comestivel,Nenhum,Castanho,Vermelho,Florestas,Branco
Venenoso,Peixe,Vermelho,Chocolate,Madeira/Árvores,Branco
Venenoso,Fétido,Amarelo,Rosa,Caminhos,Chocolate-Claro
Comestivel,Nenhum,Bege,Branco,Florestas,Branco
Venenoso,Fétido,Bege,Rosa,Gramados,Chocolate-Claro
Venenoso,Fétido,Cinzento,Branco,Urbano,Chocolate-Claro
Venenoso,Fétido,Bege,Rosa,Urbano,Chocolate-Claro
Venenoso,Fétido,Amarelo,Rosa,Madeira/Árvores,Chocolate-Claro
Venenoso,Fétido,Castanho,Chocolate,Caminhos,Branco
Venenoso,Fétido,Branco,Chocolate-Claro,Urbano,Chocolate-Claro
Comestivel,Nenhum,Castanho,Vermelho,Florestas,Branco
Comestivel,Nenhum,Vermelho,Branco,Florestas,Branco
Comestivel,Nenhum,Branco,Rosa,Madeira/Árvores,Chocolate-Claro
Venenoso,Fétido,Bege,Rosa,Urbano,Chocolate-Claro
Venenoso,Fétido,Cinzento,Chocolate-Claro,Urbano,Chocolate-Claro
Comestivel,Nenhum,Vermelho,Vermelho,Florestas,Branco
Venenoso,Fétido,Amarelo,Rosa,Gramados,Chocolate-Claro
Venenoso,Picante,Castanho,Chocolate,Folhas Mortas,Branco
Venenoso,Nenhum,Branco,Cinzento,Gramados,Verde
Venenoso,Fétido,Cinzento,Rosa,Madeira/Árvores,Chocolate-Claro
Comestivel,Nenhum,Castanho,Branco,Folhas Mortas,Branco
Venenoso,Fétido,Amarelo,Rosa,Madeira/Árvores,Chocolate-Claro
Venenoso,Fétido,Branco,Rosa,Urbano,Chocolate-Claro
Comestivel,Nenhum,Bege,Branco,Florestas,Branco
Comestivel,Nenhum,Rosa,Branco,Florestas,Branco
Venenoso,Fétido,Cinzento,Branco,Gramados,Chocolate-Claro
Venenoso,Fétido,Cinzento,Rosa,Caminhos,Chocolate-Claro
Venenoso,Fétido,Branco,Chocolate-Claro,Gramados,Chocolate-Claro
Venenoso,Fétido,Amarelo,Chocolate-Claro,Caminhos,Chocolate-Claro
Venenoso,Fétido,Branco,Rosa,Urbano,Chocolate-Claro
Comestivel,Nenhum,Castanho,Branco,Florestas,Branco
Comestivel,Nenhum,Rosa,Vermelho,Florestas,Branco
Venenoso,Fétido,Amarelo,Cinzento,Gramados,Chocolate-Claro
Comestivel,Nenhum,Bege,Vermelho,Florestas,Branco
Comestivel,Nenhum,Vermelho,Branco,Florestas,Branco
Venenoso,Fétido,Cinzento,Rosa,Urbano,Chocolate-Claro
Venenoso,Fétido,Bege,Branco,Urbano,Chocolate-Claro
Venenoso,Fétido,Amarelo,Cinzento,Caminhos,Chocolate-Claro
Venenoso,Fétido,Bege,Chocolate-Claro,Urbano,Chocolate-Claro
Venenoso,Fétido,Branco,Chocolate-Claro,Gramados,Chocolate-Claro
Venenoso,Fétido,Amarelo,Cinzento,Gramados,Chocolate-Claro
Venenoso,Fétido,Amarelo,Rosa,Madeira/Árvores,Chocolate-Claro
Venenoso,Fétido,Cinzento,Chocolate-Claro,Caminhos,Chocolate-Claro
Venenoso,Fétido,Cinzento,Cinzento,Caminhos,Chocolate-Claro
Venenoso,Nenhum,Rosa,Cinzento,Prados,Verde
Venenoso,Fétido,Castanho,Chocolate,Folhas Mortas,Branco
Venenoso,Nenhum,Branco,Branco,Gramados,Verde
Comestivel,Nenhum,Castanho,Branco,Florestas,Branco
Venenoso,Peixe,Castanho,Chocolate,Caminhos,Branco
Venenoso,Peixe,Castanho,Chocolate,Caminhos,Branco
Venenoso,Fétido,Castanho,Chocolate,Caminhos,Branco
Venenoso,Fétido,Bege,Branco,Gramados,Chocolate-Claro
Venenoso,Nenhum,Amarelo,Branco,Madeira/Árvores,Branco
Venenoso,Fétido,Cinzento,Branco,Urbano,Chocolate-Claro
Comestivel,Nenhum,Rosa,Vermelho,Florestas,Branco
Comestivel,Nenhum,Rosa,Vermelho,Florestas,Branco
Comestivel,Nenhum,Castanho,Branco,Florestas,Branco
Venenoso,Nenhum,Rosa,Cinzento,Prados,Verde
Venenoso,Fétido,Cinzento,Branco,Gramados,Chocolate-Claro
Venenoso,Fétido,Cinzento,Rosa,Gramados,Chocolate-Claro
Venenoso,Fétido,Amarelo,Rosa,Gramados,Chocolate-Claro
Venenoso,Picante,Castanho,Chocolate,Caminhos,Branco
Venenoso,Nenhum,Bege,Branco,Gramados,Verde
Venenoso,Fétido,Bege,Chocolate-Claro,Urbano,Chocolate-Claro
Venenoso,Nenhum,Bege,Verde,Gramados,Verde
Comestivel,Nenhum,Branco,Rosa,Madeira/Árvores,Chocolate-Claro
Comestivel,Nenhum,Castanho,Branco,Folhas Mortas,Branco
Venenoso,Fétido,Amarelo,Rosa,Caminhos,Chocolate-Claro
Venenoso,Fétido,Bege,Chocolate-Claro,Gramados,Chocolate-Claro
Venenoso,Fétido,Amarelo,Cinzento,Gramados,Chocolate-Claro
Comestivel,Nenhum,Vermelho,Vermelho,Florestas,Branco
Venenoso,Fétido,Amarelo,Chocolate-Claro,Caminhos,Chocolate-Claro
Venenoso,Nenhum,Castanho,Branco,Madeira/Árvores,Branco
Venenoso,Picante,Castanho,Chocolate,Caminhos,Branco
Venenoso,Fétido,Amarelo,Chocolate-Claro,Madeira/Árvores,Chocolate-Claro
Venenoso,Fétido,Amarelo,Cinzento,Gramados,Chocolate-Claro
Venenoso,Fétido,Cinzento,Rosa,Gramados,Chocolate-Claro
Venenoso,Fétido,Castanho,Chocolate,Madeira/Árvores,Branco
Comestivel,Nenhum,Castanho,Branco,Florestas,Branco
Comestivel,Nenhum,Castanho,Branco,Folhas Mortas,Branco
Venenoso,Nenhum,Bege,Cinzento,Gramados,Verde
Venenoso,Nenhum,Castanho,Branco,Madeira/Árvores,Branco
Venenoso,Fétido,Cinzento,Chocolate-Claro,Gramados,Chocolate-Claro
Venenoso,Picante,Castanho,Chocolate,Caminhos,Branco
Venenoso,Fétido,Cinzento,Chocolate-Claro,Madeira/Árvores,Chocolate-Claro
Venenoso,Fétido,Cinzento,Rosa,Madeira/Árvores,Chocolate-Claro
Venenoso,Fétido,Cinzento,Rosa,Gramados,Chocolate-Claro
Comestivel,Nenhum,Verde,Roxo,Madeira/Árvores,Chocolate-Claro
Venenoso,Peixe,Castanho,Chocolate,Caminhos,Branco
Venenoso,Nenhum,Rosa,Cinzento,Prados,Verde
Venenoso,Peixe,Vermelho,Chocolate,Folhas Mortas,Branco
Venenoso,Fétido,Bege,Branco,Gramados,Chocolate-Claro
Venenoso,Fétido,Bege,Branco,Urbano,Chocolate-Claro
Comestivel,Nenhum,Vermelho,Vermelho,Florestas,Branco
Venenoso,Fétido,Bege,Branco,Gramados,Chocolate-Claro
Comestivel,Nenhum,Castanho,Branco,Folhas Mortas,Branco
Venenoso,Fétido,Amarelo,Rosa,Madeira/Árvores,Chocolate-Claro
Comestivel,Nenhum,Branco,Branco,Madeira/Árvores,Chocolate-Claro
Venenoso,Fétido,Branco,Branco,Urbano,Chocolate-Claro
Venenoso,Nenhum,Rosa,Verde,Gramados,Verde
Venenoso,Fétido,Amarelo,Rosa,Madeira/Árvores,Chocolate-Claro
Venenoso,Fétido,Cinzento,Chocolate-Claro,Gramados,Chocolate-Claro
Venenoso,Fétido,Castanho,Chocolate,Folhas Mortas,Branco
Venenoso,Fétido,Amarelo,Cinzento,Gramados,Chocolate-Claro
Venenoso,Fétido,Cinzento,Chocolate-Claro,Gramados,Chocolate-Claro
Venenoso,Fétido,Branco,Chocolate-Claro,Urbano,Chocolate-Claro
Venenoso,Picante,Castanho,Chocolate,Madeira/Árvores,Branco
Venenoso,Fétido,Amarelo,Rosa,Madeira/Árvores,Chocolate-Claro
Venenoso,Fétido,Castanho,Chocolate,Madeira/Árvores,Branco
Venenoso,Nenhum,Bege,Cinzento,Gramados,Verde
Venenoso,Fétido,Amarelo,Cinzento,Gramados,Chocolate-Claro
Venenoso,Peixe,Vermelho,Chocolate,Folhas Mortas,Branco
Venenoso,Fétido,Castanho,Chocolate,Madeira/Árvores,Branco
Comestivel,Nenhum,Bege,Vermelho,Florestas,Branco
Comestivel,Nenhum,Branco,Rosa,Madeira/Árvores,Chocolate-Claro
Venenoso,Fétido,Bege,Rosa,Urbano,Chocolate-Claro
Venenoso,Fétido,Amarelo,Cinzento,Gramados,Chocolate-Claro
Venenoso,Fétido,Vermelho,Chocolate,Caminhos,Branco
Venenoso,Picante,Vermelho,Chocolate,Madeira/Árvores,Branco
Venenoso,Fétido,Vermelho,Chocolate,Madeira/Árvores,Branco
Venenoso,Fétido,Castanho,Chocolate,Caminhos,Branco
Venenoso,Fétido,Castanho,Chocolate,Caminhos,Branco
Venenoso,Picante,Vermelho,Chocolate,Madeira/Árvores,Branco
Venenoso,Peixe,Castanho,Chocolate,Folhas Mortas,Branco
Venenoso,Peixe,Vermelho,Chocolate,Caminhos,Branco
Venenoso,Picante,Vermelho,Chocolate,Folhas Mortas,Branco
Venenoso,Fétido,Castanho,Chocolate,Caminhos,Branco
Venenoso,Fétido,Vermelho,Chocolate,Madeira/Árvores,Branco
Venenoso,Picante,Vermelho,Chocolate,Folhas Mortas,Branco
Venenoso,Picante,Castanho,Chocolate,Folhas Mortas,Branco
Venenoso,Fétido,Vermelho,Chocolate,Madeira/Árvores,Branco
Venenoso,Peixe,Vermelho,Chocolate,Folhas Mortas,Branco
Venenoso,Fétido,Vermelho,Chocolate,Caminhos,Branco
Venenoso,Peixe,Castanho,Chocolate,Caminhos,Branco
Venenoso,Fétido,Castanho,Chocolate,Caminhos,Branco
Venenoso,Picante,Vermelho,Chocolate,Madeira/Árvores,Branco
Venenoso,Peixe,Castanho,Chocolate,Caminhos,Branco
Venenoso,Fétido,Castanho,Chocolate,Folhas Mortas,Branco
Venenoso,Peixe,Vermelho,Chocolate,Madeira/Árvores,Branco
Venenoso,Picante,Vermelho,Chocolate,Folhas Mortas,Branco
Venenoso,Peixe,Vermelho,Chocolate,Caminhos,Branco
Venenoso,Peixe,Vermelho,Chocolate,Madeira/Árvores,Branco
Venenoso,Picante,Castanho,Chocolate,Caminhos,Branco
Venenoso,Peixe,Vermelho,Chocolate,Madeira/Árvores,Branco
Venenoso,Peixe,Castanho,Chocolate,Folhas Mortas,Branco
Venenoso,Picante,Vermelho,Chocolate,Madeira/Árvores,Branco
Venenoso,Peixe,Vermelho,Chocolate,Folhas Mortas,Branco
Venenoso,Picante,Castanho,Chocolate,Caminhos,Branco
Venenoso,Picante,Vermelho,Chocolate,Caminhos,Branco
Venenoso,Picante,Vermelho,Chocolate,Folhas Mortas,Branco
Venenoso,Fétido,Vermelho,Chocolate,Caminhos,Branco
Venenoso,Picante,Castanho,Chocolate,Madeira/Árvores,Branco
Venenoso,Picante,Castanho,Chocolate,Caminhos,Branco
Venenoso,Fétido,Vermelho,Chocolate,Folhas Mortas,Branco
Venenoso,Peixe,Castanho,Chocolate,Folhas Mortas,Branco
Comestivel,Nenhum,Castanho,Amarelo,Folhas Mortas,Castanho
Venenoso,Peixe,Castanho,Chocolate,Madeira/Árvores,Branco
Comestivel,Nenhum,Castanho,Laranja,Folhas Mortas,Castanho
Venenoso,Peixe,Vermelho,Chocolate,Madeira/Árvores,Branco
Venenoso,Picante,Castanho,Chocolate,Folhas Mortas,Branco
Venenoso,Peixe,Vermelho,Chocolate,Caminhos,Branco
Venenoso,Peixe,Castanho,Chocolate,Folhas Mortas,Branco
Venenoso,Peixe,Vermelho,Chocolate,Folhas Mortas,Branco
Venenoso,Fétido,Castanho,Chocolate,Madeira/Árvores,Branco
Venenoso,Picante,Castanho,Chocolate,Madeira/Árvores,Branco
Venenoso,Peixe,Vermelho,Chocolate,Madeira/Árvores,Branco
Venenoso,Fétido,Castanho,Chocolate,Madeira/Árvores,Branco
Venenoso,Picante,Castanho,Chocolate,Caminhos,Branco
Venenoso,Fétido,Castanho,Chocolate,Folhas Mortas,Branco
Venenoso,Picante,Vermelho,Chocolate,Madeira/Árvores,Branco
Venenoso,Peixe,Vermelho,Chocolate,Folhas Mortas,Branco
Venenoso,Fétido,Vermelho,Chocolate,Folhas Mortas,Branco
Venenoso,Peixe,Vermelho,Chocolate,Madeira/Árvores,Branco
Venenoso,Fétido,Vermelho,Chocolate,Madeira/Árvores,Branco
Venenoso,Peixe,Castanho,Chocolate,Caminhos,Branco
Venenoso,Fétido,Vermelho,Chocolate,Madeira/Árvores,Branco
Venenoso,Picante,Vermelho,Chocolate,Folhas Mortas,Branco
Venenoso,Fétido,Castanho,Chocolate,Folhas Mortas,Branco
Venenoso,Fétido,Castanho,Chocolate,Madeira/Árvores,Branco
Venenoso,Picante,Vermelho,Chocolate,Folhas Mortas,Branco
Venenoso,Fétido,Vermelho,Chocolate,Folhas Mortas,Branco
Venenoso,Picante,Vermelho,Chocolate,Caminhos,Branco
Venenoso,Picante,Castanho,Chocolate,Folhas Mortas,Branco
Venenoso,Fétido,Vermelho,Chocolate,Caminhos,Branco
Venenoso,Picante,Castanho,Chocolate,Caminhos,Branco
Comestivel,Nenhum,Branco,Branco,Gramados,Branco
Venenoso,Peixe,Castanho,Chocolate,Caminhos,Branco
Venenoso,Fétido,Castanho,Chocolate,Madeira/Árvores,Branco
Venenoso,Fétido,Vermelho,Chocolate,Madeira/Árvores,Branco
Venenoso,Picante,Castanho,Chocolate,Folhas Mortas,Branco
Venenoso,Picante,Castanho,Chocolate,Folhas Mortas,Branco
Venenoso,Picante,Vermelho,Chocolate,Folhas Mortas,Branco
Venenoso,Fétido,Vermelho,Chocolate,Madeira/Árvores,Branco
Venenoso,Peixe,Castanho,Chocolate,Folhas Mortas,Branco
Venenoso,Fétido,Castanho,Chocolate,Caminhos,Branco
Venenoso,Picante,Castanho,Chocolate,Caminhos,Branco
Venenoso,Picante,Castanho,Chocolate,Folhas Mortas,Branco
Venenoso,Peixe,Vermelho,Chocolate,Folhas Mortas,Branco
Venenoso,Peixe,Vermelho,Chocolate,Madeira/Árvores,Branco
Venenoso,Picante,Castanho,Chocolate,Folhas Mortas,Branco
Venenoso,Picante,Castanho,Chocolate,Caminhos,Branco
Venenoso,Peixe,Castanho,Chocolate,Folhas Mortas,Branco
Venenoso,Picante,Castanho,Chocolate,Madeira/Árvores,Branco
Venenoso,Peixe,Castanho,Chocolate,Madeira/Árvores,Branco
Venenoso,Picante,Vermelho,Chocolate,Folhas Mortas,Branco
Venenoso,Peixe,Castanho,Chocolate,Folhas Mortas,Branco
Venenoso,Picante,Castanho,Chocolate,Madeira/Árvores,Branco
Venenoso,Fétido,Vermelho,Chocolate,Folhas Mortas,Branco
Venenoso,Peixe,Castanho,Chocolate,Folhas Mortas,Branco
Venenoso,Fétido,Castanho,Chocolate,Madeira/Árvores,Branco
Venenoso,Fétido,Castanho,Chocolate,Folhas Mortas,Branco
Venenoso,Peixe,Vermelho,Chocolate,Folhas Mortas,Branco
Venenoso,Fétido,Vermelho,Chocolate,Folhas Mortas,Branco
Venenoso,Fétido,Vermelho,Chocolate,Caminhos,Branco
Venenoso,Peixe,Castanho,Chocolate,Caminhos,Branco
Venenoso,Peixe,Vermelho,Chocolate,Madeira/Árvores,Branco
Venenoso,Fétido,Vermelho,Chocolate,Folhas Mortas,Branco
Venenoso,Fétido,Castanho,Chocolate,Caminhos,Branco
Venenoso,Picante,Castanho,Chocolate,Caminhos,Branco
Venenoso,Fétido,Vermelho,Chocolate,Madeira/Árvores,Branco
Venenoso,Picante,Vermelho,Chocolate,Folhas Mortas,Branco
Venenoso,Peixe,Castanho,Chocolate,Madeira/Árvores,Branco
Venenoso,Peixe,Castanho,Chocolate,Folhas Mortas,Branco
Venenoso,Picante,Vermelho,Chocolate,Folhas Mortas,Branco
Venenoso,Peixe,Castanho,Chocolate,Folhas Mortas,Branco
Venenoso,Picante,Castanho,Chocolate,Folhas Mortas,Branco
Venenoso,Fétido,Castanho,Chocolate,Caminhos,Branco
Venenoso,Peixe,Vermelho,Chocolate,Caminhos,Branco
Venenoso,Picante,Vermelho,Chocolate,Folhas Mortas,Branco
Venenoso,Fétido,Vermelho,Chocolate,Caminhos,Branco
Venenoso,Fétido,Vermelho,Chocolate,Folhas Mortas,Branco
Venenoso,Fétido,Vermelho,Chocolate,Madeira/Árvores,Branco
Venenoso,Picante,Vermelho,Chocolate,Folhas Mortas,Branco
Venenoso,Picante,Vermelho,Chocolate,Folhas Mortas,Branco
Venenoso,Fétido,Castanho,Chocolate,Folhas Mortas,Branco
Venenoso,Fétido,Vermelho,Chocolate,Folhas Mortas,Branco
Venenoso,Picante,Vermelho,Chocolate,Caminhos,Branco
Comestivel,Nenhum,Canela,Branco,Caminhos,Branco
Venenoso,Peixe,Vermelho,Chocolate,Caminhos,Branco
Venenoso,Peixe,Castanho,Chocolate,Madeira/Árvores,Branco
Venenoso,Peixe,Castanho,Chocolate,Folhas Mortas,Branco
Venenoso,Picante,Castanho,Chocolate,Caminhos,Branco
Venenoso,Peixe,Vermelho,Chocolate,Folhas Mortas,Branco
Venenoso,Picante,Vermelho,Chocolate,Folhas Mortas,Branco
Venenoso,Fétido,Vermelho,Chocolate,Folhas Mortas,Branco
Venenoso,Fétido,Vermelho,Chocolate,Folhas Mortas,Branco
Venenoso,Peixe,Castanho,Chocolate,Madeira/Árvores,Branco
Venenoso,Fétido,Vermelho,Chocolate,Madeira/Árvores,Branco
Venenoso,Fétido,Vermelho,Chocolate,Caminhos,Branco
Venenoso,Peixe,Castanho,Chocolate,Folhas Mortas,Branco
Venenoso,Peixe,Vermelho,Chocolate,Caminhos,Branco
Venenoso,Picante,Vermelho,Chocolate,Folhas Mortas,Branco
Venenoso,Fétido,Vermelho,Chocolate,Caminhos,Branco
Venenoso,Picante,Castanho,Chocolate,Madeira/Árvores,Branco
Venenoso,Peixe,Castanho,Chocolate,Madeira/Árvores,Branco
Venenoso,Peixe,Vermelho,Chocolate,Caminhos,Branco
Venenoso,Fétido,Castanho,Chocolate,Folhas Mortas,Branco
Venenoso,Picante,Vermelho,Chocolate,Caminhos,Branco
Venenoso,Peixe,Vermelho,Chocolate,Folhas Mortas,Branco
Comestivel,Nenhum,Branco,Cinzento,Gramados,Branco
Venenoso,Picante,Vermelho,Chocolate,Folhas Mortas,Branco
Venenoso,Fétido,Vermelho,Chocolate,Caminhos,Branco
Venenoso,Picante,Vermelho,Chocolate,Folhas Mortas,Branco
Venenoso,Peixe,Vermelho,Chocolate,Folhas Mortas,Branco
Comestivel,Nenhum,Branco,Cinzento,Gramados,Branco
Venenoso,Picante,Castanho,Chocolate,Caminhos,Branco
Venenoso,Picante,Castanho,Chocolate,Caminhos,Branco
Venenoso,Picante,Castanho,Chocolate,Madeira/Árvores,Branco
Venenoso,Fétido,Vermelho,Chocolate,Madeira/Árvores,Branco
Venenoso,Fétido,Castanho,Chocolate,Caminhos,Branco
Venenoso,Fétido,Castanho,Chocolate,Caminhos,Branco
Venenoso,Picante,Vermelho,Chocolate,Caminhos,Branco
Venenoso,Peixe,Castanho,Chocolate,Madeira/Árvores,Branco
Venenoso,Fétido,Vermelho,Chocolate,Madeira/Árvores,Branco
Venenoso,Fétido,Vermelho,Chocolate,Madeira/Árvores,Branco
Venenoso,Fétido,Vermelho,Chocolate,Madeira/Árvores,Branco
Venenoso,Picante,Vermelho,Chocolate,Madeira/Árvores,Branco
Venenoso,Fétido,Vermelho,Chocolate,Madeira/Árvores,Branco
Venenoso,Picante,Vermelho,Chocolate,Folhas Mortas,Branco
Venenoso,Picante,Vermelho,Chocolate,Madeira/Árvores,Branco
Venenoso,Picante,Vermelho,Chocolate,Madeira/Árvores,Branco
Venenoso,Peixe,Castanho,Chocolate,Madeira/Árvores,Branco
Venenoso,Peixe,Castanho,Chocolate,Madeira/Árvores,Branco
Venenoso,Fétido,Vermelho,Chocolate,Madeira/Árvores,Branco
Venenoso,Peixe,Vermelho,Chocolate,Caminhos,Branco
Venenoso,Peixe,Castanho,Chocolate,Folhas Mortas,Branco
Venenoso,Peixe,Vermelho,Chocolate,Madeira/Árvores,Branco
Venenoso,Peixe,Castanho,Chocolate,Folhas Mortas,Branco
Venenoso,Fétido,Castanho,Chocolate,Caminhos,Branco
Venenoso,Fétido,Vermelho,Chocolate,Folhas Mortas,Branco
Venenoso,Fétido,Vermelho,Chocolate,Folhas Mortas,Branco
Venenoso,Fétido,Vermelho,Chocolate,Caminhos,Branco
Venenoso,Fétido,Castanho,Chocolate,Caminhos,Branco
Venenoso,Fétido,Castanho,Chocolate,Folhas Mortas,Branco
Venenoso,Fétido,Vermelho,Chocolate,Caminhos,Branco
Venenoso,Picante,Vermelho,Chocolate,Madeira/Árvores,Branco
Venenoso,Peixe,Vermelho,Chocolate,Folhas Mortas,Branco
Venenoso,Fétido,Vermelho,Chocolate,Folhas Mortas,Branco
Venenoso,Picante,Castanho,Chocolate,Madeira/Árvores,Branco
Venenoso,Fétido,Castanho,Chocolate,Madeira/Árvores,Branco
Venenoso,Picante,Vermelho,Chocolate,Caminhos,Branco
Venenoso,Picante,Vermelho,Chocolate,Folhas Mortas,Branco
Venenoso,Peixe,Vermelho,Chocolate,Caminhos,Branco
Venenoso,Fétido,Vermelho,Chocolate,Madeira/Árvores,Branco
Venenoso,Picante,Vermelho,Chocolate,Caminhos,Branco
Venenoso,Picante,Castanho,Chocolate,Madeira/Árvores,Branco
Venenoso,Picante,Vermelho,Chocolate,Folhas Mortas,Branco
Venenoso,Picante,Vermelho,Chocolate,Caminhos,Branco
Venenoso,Fétido,Castanho,Chocolate,Folhas Mortas,Branco
Venenoso,Fétido,Castanho,Chocolate,Folhas Mortas,Branco
Venenoso,Fétido,Vermelho,Chocolate,Caminhos,Branco
Comestivel,Nenhum,Cinzento,Branco,Gramados,Branco
Venenoso,Picante,Vermelho,Chocolate,Caminhos,Branco
Venenoso,Picante,Vermelho,Chocolate,Madeira/Árvores,Branco
Venenoso,Picante,Vermelho,Chocolate,Folhas Mortas,Branco
Venenoso,Peixe,Vermelho,Chocolate,Caminhos,Branco
Venenoso,Peixe,Vermelho,Chocolate,Madeira/Árvores,Branco
Venenoso,Fétido,Vermelho,Chocolate,Folhas Mortas,Branco
Venenoso,Fétido,Castanho,Chocolate,Madeira/Árvores,Branco
Venenoso,Fétido,Castanho,Chocolate,Caminhos,Branco
Comestivel,Nenhum,Branco,Cinzento,Gramados,Branco
Venenoso,Picante,Vermelho,Chocolate,Caminhos,Branco
Venenoso,Fétido,Vermelho,Chocolate,Caminhos,Branco
Venenoso,Peixe,Castanho,Chocolate,Folhas Mortas,Branco
Venenoso,Picante,Castanho,Chocolate,Folhas Mortas,Branco
Venenoso,Peixe,Vermelho,Chocolate,Folhas Mortas,Branco
Venenoso,Peixe,Vermelho,Chocolate,Madeira/Árvores,Branco
Venenoso,Fétido,Vermelho,Chocolate,Caminhos,Branco
Venenoso,Peixe,Castanho,Chocolate,Caminhos,Branco
Venenoso,Fétido,Vermelho,Chocolate,Caminhos,Branco
Venenoso,Picante,Vermelho,Chocolate,Madeira/Árvores,Branco
Comestivel,Nenhum,Cinzento,Rosa,Gramados,Branco
Venenoso,Picante,Vermelho,Chocolate,Folhas Mortas,Branco
Venenoso,Fétido,Vermelho,Chocolate,Folhas Mortas,Branco
Venenoso,Fétido,Vermelho,Chocolate,Folhas Mortas,Branco
Venenoso,Picante,Castanho,Chocolate,Caminhos,Branco
Comestivel,Nenhum,Branco,Cinzento,Gramados,Branco
Venenoso,Picante,Vermelho,Chocolate,Madeira/Árvores,Branco
Venenoso,Peixe,Castanho,Chocolate,Caminhos,Branco
Venenoso,Fétido,Vermelho,Chocolate,Caminhos,Branco
Venenoso,Picante,Castanho,Chocolate,Folhas Mortas,Branco
Venenoso,Fétido,Vermelho,Chocolate,Caminhos,Branco
Venenoso,Peixe,Vermelho,Chocolate,Madeira/Árvores,Branco
Venenoso,Picante,Vermelho,Chocolate,Caminhos,Branco
Venenoso,Fétido,Vermelho,Chocolate,Caminhos,Branco
Venenoso,Picante,Vermelho,Chocolate,Madeira/Árvores,Branco
Venenoso,Peixe,Castanho,Chocolate,Madeira/Árvores,Branco
Venenoso,Peixe,Vermelho,Chocolate,Madeira/Árvores,Branco
Venenoso,Peixe,Castanho,Chocolate,Folhas Mortas,Branco
Venenoso,Peixe,Vermelho,Chocolate,Folhas Mortas,Branco
Venenoso,Peixe,Castanho,Chocolate,Folhas Mortas,Branco
Venenoso,Fétido,Vermelho,Chocolate,Folhas Mortas,Branco
Venenoso,Fétido,Castanho,Chocolate,Caminhos,Branco
Venenoso,Fétido,Castanho,Chocolate,Madeira/Árvores,Branco
Venenoso,Picante,Vermelho,Chocolate,Madeira/Árvores,Branco
Venenoso,Peixe,Vermelho,Chocolate,Madeira/Árvores,Branco
Venenoso,Peixe,Castanho,Chocolate,Madeira/Árvores,Branco
Venenoso,Picante,Castanho,Chocolate,Folhas Mortas,Branco
Venenoso,Fétido,Vermelho,Chocolate,Madeira/Árvores,Branco
Venenoso,Fétido,Vermelho,Chocolate,Madeira/Árvores,Branco
Venenoso,Peixe,Vermelho,Chocolate,Folhas Mortas,Branco
Venenoso,Peixe,Vermelho,Chocolate,Folhas Mortas,Branco
Venenoso,Fétido,Vermelho,Chocolate,Madeira/Árvores,Branco
Venenoso,Picante,Castanho,Chocolate,Folhas Mortas,Branco
Venenoso,Picante,Castanho,Chocolate,Madeira/Árvores,Branco
Venenoso,Fétido,Castanho,Chocolate,Folhas Mortas,Branco
Venenoso,Peixe,Castanho,Chocolate,Caminhos,Branco
Venenoso,Picante,Castanho,Chocolate,Madeira/Árvores,Branco
Venenoso,Picante,Vermelho,Chocolate,Caminhos,Branco
Venenoso,Fétido,Castanho,Chocolate,Madeira/Árvores,Branco
Venenoso,Picante,Vermelho,Chocolate,Caminhos,Branco
Venenoso,Picante,Vermelho,Chocolate,Madeira/Árvores,Branco
Venenoso,Peixe,Vermelho,Chocolate,Madeira/Árvores,Branco
Venenoso,Peixe,Vermelho,Chocolate,Folhas Mortas,Branco
Venenoso,Picante,Vermelho,Chocolate,Madeira/Árvores,Branco
Venenoso,Picante,Vermelho,Chocolate,Folhas Mortas,Branco
Venenoso,Peixe,Vermelho,Chocolate,Folhas Mortas,Branco
Venenoso,Fétido,Vermelho,Chocolate,Caminhos,Branco
Comestivel,Nenhum,Cinzento,Cinzento,Gramados,Branco
Venenoso,Peixe,Castanho,Chocolate,Folhas Mortas,Branco
Venenoso,Picante,Vermelho,Chocolate,Madeira/Árvores,Branco
Venenoso,Peixe,Castanho,Chocolate,Madeira/Árvores,Branco
Venenoso,Picante,Vermelho,Chocolate,Folhas Mortas,Branco
Venenoso,Picante,Castanho,Chocolate,Caminhos,Branco
Venenoso,Peixe,Vermelho,Chocolate,Caminhos,Branco
Venenoso,Picante,Vermelho,Chocolate,Caminhos,Branco
Venenoso,Peixe,Vermelho,Chocolate,Madeira/Árvores,Branco
Venenoso,Fétido,Vermelho,Chocolate,Caminhos,Branco
Venenoso,Picante,Vermelho,Chocolate,Madeira/Árvores,Branco
Venenoso,Picante,Vermelho,Chocolate,Caminhos,Branco
Venenoso,Fétido,Castanho,Chocolate,Folhas Mortas,Branco
Venenoso,Picante,Castanho,Chocolate,Folhas Mortas,Branco
Venenoso,Peixe,Castanho,Chocolate,Madeira/Árvores,Branco
Venenoso,Picante,Vermelho,Chocolate,Caminhos,Branco
Venenoso,Fétido,Castanho,Chocolate,Folhas Mortas,Branco
Venenoso,Fétido,Vermelho,Chocolate,Caminhos,Branco
Comestivel,Nenhum,Branco,Rosa,Gramados,Branco
Venenoso,Picante,Vermelho,Chocolate,Caminhos,Branco
Venenoso,Peixe,Vermelho,Chocolate,Folhas Mortas,Branco
Venenoso,Fétido,Vermelho,Chocolate,Madeira/Árvores,Branco
Venenoso,Fétido,Castanho,Chocolate,Caminhos,Branco
Venenoso,Peixe,Vermelho,Chocolate,Folhas Mortas,Branco
Venenoso,Picante,Castanho,Chocolate,Madeira/Árvores,Branco
Venenoso,Fétido,Vermelho,Chocolate,Madeira/Árvores,Branco
Venenoso,Fétido,Castanho,Chocolate,Madeira/Árvores,Branco
Venenoso,Fétido,Vermelho,Chocolate,Folhas Mortas,Branco
Venenoso,Picante,Castanho,Chocolate,Madeira/Árvores,Branco
Venenoso,Peixe,Castanho,Chocolate,Folhas Mortas,Branco
Venenoso,Picante,Vermelho,Chocolate,Caminhos,Branco
Venenoso,Picante,Castanho,Chocolate,Madeira/Árvores,Branco
Venenoso,Picante,Vermelho,Chocolate,Folhas Mortas,Branco
Venenoso,Peixe,Vermelho,Chocolate,Caminhos,Branco
Venenoso,Fétido,Castanho,Chocolate,Caminhos,Branco
Venenoso,Fétido,Vermelho,Chocolate,Folhas Mortas,Branco
Venenoso,Fétido,Castanho,Chocolate,Caminhos,Branco
Venenoso,Peixe,Castanho,Chocolate,Caminhos,Branco
Venenoso,Peixe,Castanho,Chocolate,Caminhos,Branco
Venenoso,Picante,Vermelho,Chocolate,Madeira/Árvores,Branco
Venenoso,Peixe,Castanho,Chocolate,Caminhos,Branco
Venenoso,Fétido,Vermelho,Chocolate,Folhas Mortas,Branco
Venenoso,Picante,Vermelho,Chocolate,Madeira/Árvores,Branco
Venenoso,Picante,Castanho,Chocolate,Madeira/Árvores,Branco
Venenoso,Fétido,Vermelho,Chocolate,Caminhos,Branco
Venenoso,Fétido,Vermelho,Chocolate,Caminhos,Branco
Venenoso,Fétido,Castanho,Chocolate,Folhas Mortas,Branco
Venenoso,Peixe,Vermelho,Chocolate,Madeira/Árvores,Branco
Venenoso,Fétido,Vermelho,Chocolate,Caminhos,Branco
Venenoso,Fétido,Castanho,Chocolate,Folhas Mortas,Branco
Venenoso,Fétido,Vermelho,Chocolate,Caminhos,Branco
Venenoso,Fétido,Vermelho,Chocolate,Folhas Mortas,Branco
Venenoso,Picante,Vermelho,Chocolate,Madeira/Árvores,Branco
Venenoso,Fétido,Castanho,Chocolate,Madeira/Árvores,Branco
Venenoso,Peixe,Castanho,Chocolate,Madeira/Árvores,Branco
Venenoso,Fétido,Vermelho,Chocolate,Caminhos,Branco
Venenoso,Peixe,Castanho,Chocolate,Madeira/Árvores,Branco
Venenoso,Fétido,Castanho,Chocolate,Caminhos,Branco
Venenoso,Peixe,Vermelho,Chocolate,Folhas Mortas,Branco
Venenoso,Fétido,Vermelho,Chocolate,Caminhos,Branco
Venenoso,Peixe,Vermelho,Chocolate,Caminhos,Branco
Venenoso,Fétido,Castanho,Chocolate,Folhas Mortas,Branco
Venenoso,Picante,Castanho,Chocolate,Caminhos,Branco
Venenoso,Picante,Vermelho,Chocolate,Caminhos,Branco
Venenoso,Peixe,Castanho,Chocolate,Folhas Mortas,Branco
Venenoso,Picante,Castanho,Chocolate,Madeira/Árvores,Branco
Venenoso,Peixe,Vermelho,Chocolate,Folhas Mortas,Branco
Venenoso,Fétido,Castanho,Chocolate,Folhas Mortas,Branco
Venenoso,Fétido,Vermelho,Chocolate,Caminhos,Branco
Venenoso,Fétido,Vermelho,Chocolate,Madeira/Árvores,Branco
Comestivel,Nenhum,Cinzento,Branco,Gramados,Branco
Venenoso,Fétido,Vermelho,Chocolate,Folhas Mortas,Branco
Venenoso,Fétido,Vermelho,Chocolate,Folhas Mortas,Branco
Venenoso,Picante,Vermelho,Chocolate,Folhas Mortas,Branco
Venenoso,Picante,Vermelho,Chocolate,Madeira/Árvores,Branco
Venenoso,Fétido,Castanho,Chocolate,Caminhos,Branco
Venenoso,Peixe,Castanho,Chocolate,Folhas Mortas,Branco
Venenoso,Picante,Castanho,Chocolate,Caminhos,Branco
Venenoso,Fétido,Vermelho,Chocolate,Folhas Mortas,Branco
Venenoso,Fétido,Vermelho,Chocolate,Madeira/Árvores,Branco
Venenoso,Fétido,Castanho,Chocolate,Folhas Mortas,Branco
Venenoso,Fétido,Castanho,Chocolate,Folhas Mortas,Branco
Venenoso,Peixe,Castanho,Chocolate,Madeira/Árvores,Branco
Venenoso,Fétido,Vermelho,Chocolate,Folhas Mortas,Branco
Venenoso,Fétido,Vermelho,Chocolate,Caminhos,Branco
Venenoso,Fétido,Castanho,Chocolate,Folhas Mortas,Branco
Venenoso,Picante,Castanho,Chocolate,Madeira/Árvores,Branco
Venenoso,Fétido,Vermelho,Chocolate,Madeira/Árvores,Branco
Venenoso,Fétido,Castanho,Chocolate,Folhas Mortas,Branco
Venenoso,Fétido,Castanho,Chocolate,Caminhos,Branco
Venenoso,Fétido,Castanho,Chocolate,Caminhos,Branco
Venenoso,Picante,Castanho,Chocolate,Folhas Mortas,Branco
Venenoso,Peixe,Castanho,Chocolate,Folhas Mortas,Branco
Venenoso,Peixe,Castanho,Chocolate,Caminhos,Branco
Venenoso,Peixe,Castanho,Chocolate,Caminhos,Branco
Venenoso,Fétido,Castanho,Chocolate,Caminhos,Branco
Venenoso,Peixe,Castanho,Chocolate,Caminhos,Branco
Venenoso,Peixe,Castanho,Chocolate,Caminhos,Branco
Venenoso,Fétido,Castanho,Chocolate,Caminhos,Branco
Venenoso,Fétido,Castanho,Chocolate,Madeira/Árvores,Branco
Venenoso,Peixe,Vermelho,Chocolate,Madeira/Árvores,Branco
Venenoso,Fétido,Vermelho,Chocolate,Folhas Mortas,Branco
Venenoso,Picante,Castanho,Chocolate,Madeira/Árvores,Branco
Venenoso,Peixe,Vermelho,Chocolate,Folhas Mortas,Branco
Venenoso,Fétido,Castanho,Chocolate,Caminhos,Branco
Comestivel,Nenhum,Branco,Rosa,Gramados,Branco
Venenoso,Fétido,Castanho,Chocolate,Caminhos,Branco
Venenoso,Fétido,Castanho,Chocolate,Madeira/Árvores,Branco
Venenoso,Peixe,Castanho,Chocolate,Caminhos,Branco
Venenoso,Fétido,Castanho,Chocolate,Madeira/Árvores,Branco
Venenoso,Peixe,Castanho,Chocolate,Madeira/Árvores,Branco
Venenoso,Fétido,Castanho,Chocolate,Folhas Mortas,Branco
Venenoso,Fétido,Castanho,Chocolate,Madeira/Árvores,Branco
Venenoso,Peixe,Vermelho,Chocolate,Caminhos,Branco
Comestivel,Nenhum,Castanho,Laranja,Folhas Mortas,Laranja
Venenoso,Fétido,Vermelho,Chocolate,Madeira/Árvores,Branco
Venenoso,Picante,Vermelho,Chocolate,Caminhos,Branco
Venenoso,Peixe,Vermelho,Chocolate,Folhas Mortas,Branco
Venenoso,Picante,Castanho,Chocolate,Folhas Mortas,Branco
Venenoso,Picante,Vermelho,Chocolate,Caminhos,Branco
Venenoso,Fétido,Castanho,Chocolate,Folhas Mortas,Branco
Venenoso,Picante,Vermelho,Chocolate,Folhas Mortas,Branco
Venenoso,Picante,Castanho,Chocolate,Caminhos,Branco
Venenoso,Peixe,Castanho,Chocolate,Caminhos,Branco
Venenoso,Fétido,Vermelho,Chocolate,Folhas Mortas,Branco
Venenoso,Picante,Vermelho,Chocolate,Madeira/Árvores,Branco
Venenoso,Fétido,Vermelho,Chocolate,Caminhos,Branco
Venenoso,Peixe,Castanho,Chocolate,Folhas Mortas,Branco
Venenoso,Picante,Vermelho,Chocolate,Caminhos,Branco
Venenoso,Peixe,Castanho,Chocolate,Caminhos,Branco
Venenoso,Picante,Castanho,Chocolate,Caminhos,Branco
Venenoso,Fétido,Vermelho,Chocolate,Madeira/Árvores,Branco
Venenoso,Peixe,Castanho,Chocolate,Madeira/Árvores,Branco
Venenoso,Peixe,Vermelho,Chocolate,Madeira/Árvores,Branco
Venenoso,Fétido,Castanho,Chocolate,Caminhos,Branco
Comestivel,Nenhum,Branco,Cinzento,Gramados,Branco
Venenoso,Peixe,Castanho,Chocolate,Madeira/Árvores,Branco
Venenoso,Fétido,Castanho,Chocolate,Folhas Mortas,Branco
Venenoso,Peixe,Vermelho,Chocolate,Folhas Mortas,Branco
Venenoso,Picante,Vermelho,Chocolate,Folhas Mortas,Branco
Venenoso,Picante,Castanho,Chocolate,Caminhos,Branco
Venenoso,Fétido,Vermelho,Chocolate,Folhas Mortas,Branco
Comestivel,Nenhum,Cinzento,Cinzento,Gramados,Branco
Venenoso,Picante,Vermelho,Chocolate,Folhas Mortas,Branco
Venenoso,Picante,Vermelho,Chocolate,Caminhos,Branco
Comestivel,Nenhum,Branco,Branco,Gramados,Branco
Venenoso,Peixe,Castanho,Chocolate,Folhas Mortas,Branco
Venenoso,Picante,Vermelho,Chocolate,Folhas Mortas,Branco
Venenoso,Fétido,Vermelho,Chocolate,Madeira/Árvores,Branco
Venenoso,Picante,Castanho,Chocolate,Caminhos,Branco
Venenoso,Fétido,Castanho,Chocolate,Madeira/Árvores,Branco
Venenoso,Picante,Vermelho,Chocolate,Caminhos,Branco
Venenoso,Picante,Vermelho,Chocolate,Folhas Mortas,Branco
Venenoso,Picante,Vermelho,Chocolate,Folhas Mortas,Branco
Venenoso,Mofado,Vermelho,Branco,Madeira/Árvores,Branco
Venenoso,Peixe,Castanho,Chocolate,Madeira/Árvores,Branco
Venenoso,Peixe,Vermelho,Chocolate,Madeira/Árvores,Branco
Venenoso,Picante,Vermelho,Chocolate,Caminhos,Branco
Venenoso,Peixe,Vermelho,Chocolate,Caminhos,Branco
Venenoso,Fétido,Vermelho,Chocolate,Caminhos,Branco
Venenoso,Picante,Vermelho,Chocolate,Folhas Mortas,Branco
Venenoso,Fétido,Vermelho,Chocolate,Folhas Mortas,Branco
Venenoso,Picante,Vermelho,Chocolate,Caminhos,Branco
Comestivel,Nenhum,Castanho,Castanho,Folhas Mortas,Amarelo
Venenoso,Picante,Castanho,Chocolate,Madeira/Árvores,Branco
Venenoso,Picante,Vermelho,Chocolate,Folhas Mortas,Branco
Venenoso,Picante,Vermelho,Chocolate,Folhas Mortas,Branco
Venenoso,Fétido,Castanho,Chocolate,Caminhos,Branco
Venenoso,Peixe,Vermelho,Chocolate,Madeira/Árvores,Branco
Venenoso,Fétido,Vermelho,Chocolate,Madeira/Árvores,Branco
Venenoso,Picante,Vermelho,Chocolate,Caminhos,Branco
Venenoso,Peixe,Vermelho,Chocolate,Caminhos,Branco
Venenoso,Fétido,Vermelho,Chocolate,Caminhos,Branco
Comestivel,Nenhum,Castanho,Castanho,Folhas Mortas,Laranja
Venenoso,Picante,Castanho,Chocolate,Caminhos,Branco
Venenoso,Fétido,Vermelho,Chocolate,Caminhos,Branco
Venenoso,Fétido,Castanho,Chocolate,Madeira/Árvores,Branco
Venenoso,Peixe,Vermelho,Chocolate,Caminhos,Branco
Venenoso,Fétido,Vermelho,Chocolate,Madeira/Árvores,Branco
Venenoso,Picante,Castanho,Chocolate,Madeira/Árvores,Branco
Venenoso,Fétido,Castanho,Chocolate,Folhas Mortas,Branco
Venenoso,Peixe,Castanho,Chocolate,Folhas Mortas,Branco
Venenoso,Picante,Vermelho,Chocolate,Madeira/Árvores,Branco
Venenoso,Peixe,Castanho,Chocolate,Folhas Mortas,Branco
Venenoso,Peixe,Castanho,Chocolate,Folhas Mortas,Branco
Venenoso,Peixe,Vermelho,Chocolate,Folhas Mortas,Branco
Venenoso,Peixe,Castanho,Chocolate,Madeira/Árvores,Branco
Venenoso,Peixe,Castanho,Chocolate,Caminhos,Branco
Comestivel,Nenhum,Branco,Cinzento,Gramados,Branco
Venenoso,Peixe,Vermelho,Chocolate,Folhas Mortas,Branco
Venenoso,Peixe,Vermelho,Chocolate,Folhas Mortas,Branco
Venenoso,Fétido,Castanho,Chocolate,Madeira/Árvores,Branco
Venenoso,Picante,Castanho,Chocolate,Caminhos,Branco
Venenoso,Peixe,Vermelho,Chocolate,Madeira/Árvores,Branco
Venenoso,Fétido,Castanho,Chocolate,Caminhos,Branco
Venenoso,Picante,Castanho,Chocolate,Folhas Mortas,Branco
Venenoso,Picante,Castanho,Chocolate,Folhas Mortas,Branco
Venenoso,Peixe,Castanho,Chocolate,Folhas Mortas,Branco
Venenoso,Picante,Vermelho,Chocolate,Madeira/Árvores,Branco
Venenoso,Picante,Vermelho,Chocolate,Folhas Mortas,Branco
Venenoso,Fétido,Vermelho,Chocolate,Folhas Mortas,Branco
Venenoso,Picante,Vermelho,Chocolate,Caminhos,Branco
Venenoso,Fétido,Castanho,Chocolate,Caminhos,Branco
Venenoso,Fétido,Castanho,Chocolate,Folhas Mortas,Branco
Venenoso,Peixe,Castanho,Chocolate,Folhas Mortas,Branco
Venenoso,Peixe,Castanho,Chocolate,Caminhos,Branco
Venenoso,Peixe,Vermelho,Chocolate,Caminhos,Branco
Venenoso,Peixe,Vermelho,Chocolate,Madeira/Árvores,Branco
Venenoso,Fétido,Castanho,Chocolate,Folhas Mortas,Branco
Venenoso,Fétido,Vermelho,Chocolate,Caminhos,Branco
Venenoso,Fétido,Castanho,Chocolate,Madeira/Árvores,Branco
Venenoso,Picante,Vermelho,Chocolate,Folhas Mortas,Branco
Venenoso,Peixe,Castanho,Chocolate,Caminhos,Branco
Venenoso,Fétido,Castanho,Chocolate,Folhas Mortas,Branco
Venenoso,Peixe,Vermelho,Chocolate,Madeira/Árvores,Branco
Venenoso,Fétido,Castanho,Chocolate,Folhas Mortas,Branco
Venenoso,Peixe,Vermelho,Chocolate,Caminhos,Branco
Venenoso,Picante,Vermelho,Chocolate,Madeira/Árvores,Branco
Venenoso,Picante,Castanho,Chocolate,Caminhos,Branco
Venenoso,Picante,Vermelho,Chocolate,Madeira/Árvores,Branco
Venenoso,Peixe,Vermelho,Chocolate,Caminhos,Branco
Venenoso,Picante,Vermelho,Chocolate,Madeira/Árvores,Branco
Venenoso,Peixe,Vermelho,Chocolate,Madeira/Árvores,Branco
Venenoso,Peixe,Vermelho,Chocolate,Folhas Mortas,Branco
Venenoso,Peixe,Vermelho,Chocolate,Caminhos,Branco
Venenoso,Picante,Vermelho,Chocolate,Folhas Mortas,Branco
Venenoso,Fétido,Castanho,Chocolate,Madeira/Árvores,Branco
Venenoso,Picante,Castanho,Chocolate,Caminhos,Branco
Venenoso,Fétido,Vermelho,Chocolate,Caminhos,Branco
Venenoso,Picante,Castanho,Chocolate,Folhas Mortas,Branco
Venenoso,Picante,Castanho,Chocolate,Madeira/Árvores,Branco
Venenoso,Fétido,Castanho,Chocolate,Folhas Mortas,Branco
Venenoso,Picante,Vermelho,Chocolate,Folhas Mortas,Branco
Venenoso,Fétido,Vermelho,Chocolate,Caminhos,Branco
Venenoso,Peixe,Castanho,Chocolate,Madeira/Árvores,Branco
Venenoso,Peixe,Vermelho,Chocolate,Madeira/Árvores,Branco
Venenoso,Fétido,Vermelho,Chocolate,Madeira/Árvores,Branco
Venenoso,Picante,Castanho,Chocolate,Madeira/Árvores,Branco
Venenoso,Fétido,Vermelho,Chocolate,Madeira/Árvores,Branco
Venenoso,Fétido,Castanho,Chocolate,Madeira/Árvores,Branco
Venenoso,Picante,Vermelho,Chocolate,Madeira/Árvores,Branco
Venenoso,Fétido,Vermelho,Chocolate,Madeira/Árvores,Branco
Venenoso,Fétido,Vermelho,Chocolate,Madeira/Árvores,Branco
Venenoso,Peixe,Vermelho,Chocolate,Madeira/Árvores,Branco
Venenoso,Picante,Castanho,Chocolate,Folhas Mortas,Branco
Venenoso,Fétido,Vermelho,Chocolate,Caminhos,Branco
Venenoso,Picante,Castanho,Chocolate,Caminhos,Branco
Venenoso,Peixe,Vermelho,Chocolate,Madeira/Árvores,Branco
Comestivel,Nenhum,Branco,Rosa,Gramados,Branco
Venenoso,Picante,Vermelho,Chocolate,Madeira/Árvores,Branco
Venenoso,Fétido,Vermelho,Chocolate,Folhas Mortas,Branco
Venenoso,Peixe,Castanho,Chocolate,Folhas Mortas,Branco
Venenoso,Peixe,Vermelho,Chocolate,Madeira/Árvores,Branco
Venenoso,Peixe,Castanho,Chocolate,Madeira/Árvores,Branco
Venenoso,Fétido,Castanho,Chocolate,Caminhos,Branco
Venenoso,Peixe,Castanho,Chocolate,Folhas Mortas,Branco
Comestivel,Nenhum,Cinzento,Rosa,Gramados,Branco
Venenoso,Fétido,Vermelho,Chocolate,Folhas Mortas,Branco
Venenoso,Fétido,Vermelho,Chocolate,Folhas Mortas,Branco
Venenoso,Peixe,Vermelho,Chocolate,Caminhos,Branco
Venenoso,Peixe,Castanho,Chocolate,Caminhos,Branco
Venenoso,Peixe,Vermelho,Chocolate,Caminhos,Branco
Venenoso,Fétido,Vermelho,Chocolate,Madeira/Árvores,Branco
Venenoso,Picante,Vermelho,Chocolate,Madeira/Árvores,Branco
Venenoso,Fétido,Castanho,Chocolate,Folhas Mortas,Branco
Venenoso,Picante,Castanho,Chocolate,Folhas Mortas,Branco
Venenoso,Picante,Vermelho,Chocolate,Caminhos,Branco
Venenoso,Peixe,Castanho,Chocolate,Madeira/Árvores,Branco
Venenoso,Picante,Castanho,Chocolate,Caminhos,Branco
Comestivel,Nenhum,Branco,Rosa,Gramados,Branco
Venenoso,Fétido,Castanho,Chocolate,Madeira/Árvores,Branco
Venenoso,Fétido,Vermelho,Chocolate,Madeira/Árvores,Branco
Venenoso,Fétido,Vermelho,Chocolate,Madeira/Árvores,Branco
Venenoso,Picante,Castanho,Chocolate,Folhas Mortas,Branco
Venenoso,Peixe,Castanho,Chocolate,Madeira/Árvores,Branco
Venenoso,Peixe,Vermelho,Chocolate,Folhas Mortas,Branco
Venenoso,Picante,Castanho,Chocolate,Folhas Mortas,Branco
Venenoso,Peixe,Vermelho,Chocolate,Folhas Mortas,Branco
Venenoso,Peixe,Vermelho,Chocolate,Caminhos,Branco
Venenoso,Picante,Vermelho,Chocolate,Madeira/Árvores,Branco
Venenoso,Picante,Castanho,Chocolate,Caminhos,Branco
Venenoso,Fétido,Castanho,Chocolate,Folhas Mortas,Branco
Venenoso,Picante,Vermelho,Chocolate,Folhas Mortas,Branco
Venenoso,Picante,Castanho,Chocolate,Folhas Mortas,Branco
Venenoso,Fétido,Castanho,Chocolate,Madeira/Árvores,Branco
Venenoso,Peixe,Castanho,Chocolate,Caminhos,Branco
Venenoso,Fétido,Vermelho,Chocolate,Caminhos,Branco
Venenoso,Picante,Vermelho,Chocolate,Folhas Mortas,Branco
Venenoso,Picante,Vermelho,Chocolate,Caminhos,Branco
Venenoso,Fétido,Vermelho,Chocolate,Caminhos,Branco
Venenoso,Picante,Vermelho,Chocolate,Caminhos,Branco
Venenoso,Peixe,Castanho,Chocolate,Caminhos,Branco
Venenoso,Picante,Castanho,Chocolate,Madeira/Árvores,Branco
Venenoso,Peixe,Vermelho,Chocolate,Caminhos,Branco
Venenoso,Fétido,Vermelho,Chocolate,Caminhos,Branco
Venenoso,Picante,Vermelho,Chocolate,Caminhos,Branco
Venenoso,Picante,Castanho,Chocolate,Caminhos,Branco
Comestivel,Nenhum,Castanho,Castanho,Folhas Mortas,Chocolate
Venenoso,Peixe,Castanho,Chocolate,Folhas Mortas,Branco
Venenoso,Peixe,Castanho,Chocolate,Folhas Mortas,Branco
Venenoso,Fétido,Castanho,Chocolate,Madeira/Árvores,Branco
Venenoso,Peixe,Castanho,Chocolate,Madeira/Árvores,Branco
Venenoso,Peixe,Castanho,Chocolate,Caminhos,Branco
Venenoso,Peixe,Castanho,Chocolate,Madeira/Árvores,Branco
Venenoso,Fétido,Vermelho,Chocolate,Caminhos,Branco
Venenoso,Peixe,Vermelho,Chocolate,Madeira/Árvores,Branco
Venenoso,Fétido,Castanho,Chocolate,Folhas Mortas,Branco
Venenoso,Fétido,Vermelho,Chocolate,Folhas Mortas,Branco
Venenoso,Picante,Castanho,Chocolate,Caminhos,Branco
Venenoso,Peixe,Vermelho,Chocolate,Caminhos,Branco
Venenoso,Picante,Vermelho,Chocolate,Madeira/Árvores,Branco
Venenoso,Fétido,Vermelho,Chocolate,Folhas Mortas,Branco
Venenoso,Peixe,Vermelho,Chocolate,Caminhos,Branco
Venenoso,Peixe,Vermelho,Chocolate,Folhas Mortas,Branco
Venenoso,Fétido,Vermelho,Chocolate,Caminhos,Branco
Venenoso,Fétido,Castanho,Chocolate,Caminhos,Branco
Venenoso,Peixe,Castanho,Chocolate,Folhas Mortas,Branco
Venenoso,Fétido,Castanho,Chocolate,Madeira/Árvores,Branco
Venenoso,Peixe,Vermelho,Chocolate,Caminhos,Branco
Venenoso,Peixe,Vermelho,Chocolate,Folhas Mortas,Branco
Venenoso,Picante,Castanho,Chocolate,Madeira/Árvores,Branco
Venenoso,Picante,Vermelho,Chocolate,Madeira/Árvores,Branco
Venenoso,Picante,Castanho,Chocolate,Caminhos,Branco
Venenoso,Picante,Castanho,Chocolate,Folhas Mortas,Branco
Venenoso,Peixe,Vermelho,Chocolate,Caminhos,Branco
Venenoso,Peixe,Castanho,Chocolate,Caminhos,Branco
Venenoso,Peixe,Vermelho,Chocolate,Folhas Mortas,Branco
Venenoso,Picante,Vermelho,Chocolate,Caminhos,Branco
Venenoso,Fétido,Castanho,Chocolate,Madeira/Árvores,Branco
Venenoso,Peixe,Castanho,Chocolate,Folhas Mortas,Branco
Venenoso,Picante,Castanho,Chocolate,Madeira/Árvores,Branco
Venenoso,Picante,Vermelho,Chocolate,Madeira/Árvores,Branco
Venenoso,Picante,Vermelho,Chocolate,Madeira/Árvores,Branco
Venenoso,Picante,Vermelho,Chocolate,Caminhos,Branco
Venenoso,Picante,Castanho,Chocolate,Folhas Mortas,Branco
Venenoso,Peixe,Castanho,Chocolate,Caminhos,Branco
Venenoso,Picante,Castanho,Chocolate,Folhas Mortas,Branco
Venenoso,Peixe,Vermelho,Chocolate,Caminhos,Branco
Comestivel,Nenhum,Cinzento,Rosa,Gramados,Branco
Venenoso,Peixe,Castanho,Chocolate,Caminhos,Branco
Venenoso,Picante,Vermelho,Chocolate,Caminhos,Branco
Venenoso,Picante,Castanho,Chocolate,Caminhos,Branco
Venenoso,Picante,Castanho,Chocolate,Madeira/Árvores,Branco
Venenoso,Picante,Vermelho,Chocolate,Folhas Mortas,Branco
Venenoso,Fétido,Castanho,Chocolate,Folhas Mortas,Branco
Venenoso,Fétido,Vermelho,Chocolate,Madeira/Árvores,Branco
Venenoso,Picante,Castanho,Chocolate,Madeira/Árvores,Branco
Venenoso,Peixe,Castanho,Chocolate,Madeira/Árvores,Branco
Venenoso,Fétido,Vermelho,Chocolate,Folhas Mortas,Branco
Venenoso,Fétido,Castanho,Chocolate,Caminhos,Branco
Venenoso,Fétido,Castanho,Chocolate,Caminhos,Branco
Venenoso,Fétido,Vermelho,Chocolate,Madeira/Árvores,Branco
Venenoso,Peixe,Vermelho,Chocolate,Madeira/Árvores,Branco
Venenoso,Picante,Castanho,Chocolate,Folhas Mortas,Branco
Venenoso,Fétido,Castanho,Chocolate,Caminhos,Branco
Venenoso,Peixe,Vermelho,Chocolate,Caminhos,Branco
Venenoso,Picante,Vermelho,Chocolate,Folhas Mortas,Branco
Venenoso,Fétido,Vermelho,Chocolate,Folhas Mortas,Branco
Venenoso,Picante,Castanho,Chocolate,Caminhos,Branco
Venenoso,Picante,Vermelho,Chocolate,Madeira/Árvores,Branco
Venenoso,Fétido,Castanho,Chocolate,Madeira/Árvores,Branco
Venenoso,Picante,Vermelho,Chocolate,Madeira/Árvores,Branco
Venenoso,Peixe,Vermelho,Chocolate,Folhas Mortas,Branco
Venenoso,Fétido,Vermelho,Chocolate,Caminhos,Branco
Venenoso,Picante,Vermelho,Chocolate,Caminhos,Branco
Venenoso,Peixe,Castanho,Chocolate,Madeira/Árvores,Branco
Venenoso,Picante,Vermelho,Chocolate,Folhas Mortas,Branco
Venenoso,Peixe,Vermelho,Chocolate,Folhas Mortas,Branco
Venenoso,Peixe,Castanho,Chocolate,Madeira/Árvores,Branco
Venenoso,Picante,Castanho,Chocolate,Folhas Mortas,Branco
Venenoso,Peixe,Vermelho,Chocolate,Madeira/Árvores,Branco
Venenoso,Fétido,Vermelho,Chocolate,Madeira/Árvores,Branco
Venenoso,Picante,Castanho,Chocolate,Madeira/Árvores,Branco
Venenoso,Fétido,Vermelho,Chocolate,Folhas Mortas,Branco
Venenoso,Picante,Castanho,Chocolate,Folhas Mortas,Branco
Venenoso,Fétido,Castanho,Chocolate,Madeira/Árvores,Branco
Venenoso,Peixe,Vermelho,Chocolate,Madeira/Árvores,Branco
Venenoso,Peixe,Castanho,Chocolate,Caminhos,Branco
Venenoso,Peixe,Castanho,Chocolate,Folhas Mortas,Branco
Venenoso,Peixe,Castanho,Chocolate,Caminhos,Branco
Venenoso,Peixe,Castanho,Chocolate,Caminhos,Branco
Venenoso,Picante,Vermelho,Chocolate,Madeira/Árvores,Branco
Venenoso,Fétido,Castanho,Chocolate,Caminhos,Branco
Venenoso,Peixe,Vermelho,Chocolate,Madeira/Árvores,Branco
Venenoso,Fétido,Castanho,Chocolate,Folhas Mortas,Branco
Venenoso,Peixe,Castanho,Chocolate,Caminhos,Branco
Venenoso,Picante,Castanho,Chocolate,Caminhos,Branco
Venenoso,Peixe,Vermelho,Chocolate,Folhas Mortas,Branco
Venenoso,Peixe,Castanho,Chocolate,Folhas Mortas,Branco
Venenoso,Picante,Vermelho,Chocolate,Caminhos,Branco
Venenoso,Peixe,Castanho,Chocolate,Folhas Mortas,Branco
Venenoso,Picante,Vermelho,Chocolate,Caminhos,Branco
Venenoso,Fétido,Vermelho,Chocolate,Folhas Mortas,Branco
Venenoso,Peixe,Vermelho,Chocolate,Folhas Mortas,Branco
Venenoso,Picante,Castanho,Chocolate,Madeira/Árvores,Branco
Venenoso,Fétido,Vermelho,Chocolate,Caminhos,Branco
Venenoso,Fétido,Castanho,Chocolate,Folhas Mortas,Branco
Venenoso,Picante,Vermelho,Chocolate,Caminhos,Branco
Venenoso,Peixe,Vermelho,Chocolate,Caminhos,Branco
Comestivel,Nenhum,Cinzento,Rosa,Gramados,Branco
Venenoso,Peixe,Castanho,Chocolate,Caminhos,Branco
Venenoso,Picante,Castanho,Chocolate,Caminhos,Branco
Comestivel,Nenhum,Castanho,Laranja,Folhas Mortas,Amarelo
Venenoso,Peixe,Castanho,Chocolate,Madeira/Árvores,Branco
Venenoso,Picante,Castanho,Chocolate,Madeira/Árvores,Branco
Venenoso,Picante,Vermelho,Chocolate,Madeira/Árvores,Branco
Venenoso,Picante,Vermelho,Chocolate,Madeira/Árvores,Branco
Venenoso,Mofado,Canela,Branco,Madeira/Árvores,Branco
Venenoso,Picante,Vermelho,Chocolate,Folhas Mortas,Branco
Venenoso,Picante,Castanho,Chocolate,Caminhos,Branco
Venenoso,Peixe,Castanho,Chocolate,Folhas Mortas,Branco
Venenoso,Picante,Vermelho,Chocolate,Madeira/Árvores,Branco
Venenoso,Fétido,Vermelho,Chocolate,Madeira/Árvores,Branco
Venenoso,Fétido,Vermelho,Chocolate,Folhas Mortas,Branco
Venenoso,Fétido,Castanho,Chocolate,Madeira/Árvores,Branco
Venenoso,Picante,Castanho,Chocolate,Madeira/Árvores,Branco
Venenoso,Peixe,Vermelho,Chocolate,Caminhos,Branco
Venenoso,Peixe,Vermelho,Chocolate,Folhas Mortas,Branco
Venenoso,Picante,Vermelho,Chocolate,Madeira/Árvores,Branco
Venenoso,Peixe,Castanho,Chocolate,Folhas Mortas,Branco
Venenoso,Fétido,Vermelho,Chocolate,Folhas Mortas,Branco
Venenoso,Picante,Vermelho,Chocolate,Caminhos,Branco
Venenoso,Fétido,Vermelho,Chocolate,Folhas Mortas,Branco
Venenoso,Fétido,Vermelho,Chocolate,Caminhos,Branco
Venenoso,Peixe,Vermelho,Chocolate,Caminhos,Branco
Venenoso,Fétido,Vermelho,Chocolate,Madeira/Árvores,Branco
Venenoso,Picante,Vermelho,Chocolate,Caminhos,Branco
Venenoso,Fétido,Vermelho,Chocolate,Folhas Mortas,Branco
Venenoso,Peixe,Vermelho,Chocolate,Madeira/Árvores,Branco
Venenoso,Peixe,Castanho,Chocolate,Madeira/Árvores,Branco
Venenoso,Picante,Castanho,Chocolate,Folhas Mortas,Branco
Venenoso,Peixe,Castanho,Chocolate,Madeira/Árvores,Branco
Venenoso,Picante,Castanho,Chocolate,Caminhos,Branco
Venenoso,Picante,Vermelho,Chocolate,Madeira/Árvores,Branco
Venenoso,Fétido,Castanho,Chocolate,Caminhos,Branco
Venenoso,Peixe,Castanho,Chocolate,Madeira/Árvores,Branco
Venenoso,Fétido,Castanho,Chocolate,Madeira/Árvores,Branco
Venenoso,Peixe,Vermelho,Chocolate,Caminhos,Branco
Venenoso,Picante,Vermelho,Chocolate,Folhas Mortas,Branco
Venenoso,Fétido,Castanho,Chocolate,Madeira/Árvores,Branco
Venenoso,Peixe,Vermelho,Chocolate,Folhas Mortas,Branco
Venenoso,Picante,Castanho,Chocolate,Madeira/Árvores,Branco
Venenoso,Picante,Castanho,Chocolate,Madeira/Árvores,Branco
Venenoso,Fétido,Vermelho,Chocolate,Caminhos,Branco
Venenoso,Peixe,Castanho,Chocolate,Madeira/Árvores,Branco
Venenoso,Fétido,Vermelho,Chocolate,Madeira/Árvores,Branco
Venenoso,Peixe,Castanho,Chocolate,Folhas Mortas,Branco
Venenoso,Peixe,Castanho,Chocolate,Caminhos,Branco
Venenoso,Fétido,Castanho,Chocolate,Caminhos,Branco
Venenoso,Peixe,Vermelho,Chocolate,Folhas Mortas,Branco
Venenoso,Fétido,Castanho,Chocolate,Folhas Mortas,Branco
Venenoso,Fétido,Vermelho,Chocolate,Caminhos,Branco
Venenoso,Fétido,Vermelho,Chocolate,Madeira/Árvores,Branco
Venenoso,Picante,Vermelho,Chocolate,Madeira/Árvores,Branco
Venenoso,Peixe,Vermelho,Chocolate,Caminhos,Branco
Venenoso,Picante,Vermelho,Chocolate,Caminhos,Branco
Venenoso,Fétido,Castanho,Chocolate,Caminhos,Branco
Venenoso,Peixe,Castanho,Chocolate,Caminhos,Branco
Venenoso,Picante,Vermelho,Chocolate,Madeira/Árvores,Branco
Venenoso,Picante,Vermelho,Chocolate,Madeira/Árvores,Branco
Venenoso,Fétido,Vermelho,Chocolate,Folhas Mortas,Branco
Venenoso,Picante,Castanho,Chocolate,Folhas Mortas,Branco
Venenoso,Fétido,Vermelho,Chocolate,Madeira/Árvores,Branco
Venenoso,Picante,Vermelho,Chocolate,Folhas Mortas,Branco
Venenoso,Peixe,Castanho,Chocolate,Caminhos,Branco
Venenoso,Picante,Vermelho,Chocolate,Caminhos,Branco
Venenoso,Peixe,Vermelho,Chocolate,Folhas Mortas,Branco
Venenoso,Picante,Vermelho,Chocolate,Madeira/Árvores,Branco
Venenoso,Fétido,Castanho,Chocolate,Folhas Mortas,Branco
Venenoso,Fétido,Vermelho,Chocolate,Folhas Mortas,Branco
Venenoso,Picante,Castanho,Chocolate,Folhas Mortas,Branco
Venenoso,Peixe,Vermelho,Chocolate,Madeira/Árvores,Branco
Venenoso,Picante,Vermelho,Chocolate,Madeira/Árvores,Branco
Venenoso,Peixe,Castanho,Chocolate,Folhas Mortas,Branco
Venenoso,Picante,Vermelho,Chocolate,Caminhos,Branco
Venenoso,Peixe,Vermelho,Chocolate,Madeira/Árvores,Branco
Venenoso,Picante,Vermelho,Chocolate,Caminhos,Branco
Venenoso,Peixe,Castanho,Chocolate,Folhas Mortas,Branco
Venenoso,Peixe,Castanho,Chocolate,Folhas Mortas,Branco
Venenoso,Fétido,Vermelho,Chocolate,Folhas Mortas,Branco
Venenoso,Peixe,Castanho,Chocolate,Caminhos,Branco
Venenoso,Picante,Vermelho,Chocolate,Madeira/Árvores,Branco
Venenoso,Peixe,Vermelho,Chocolate,Madeira/Árvores,Branco
Comestivel,Nenhum,Cinzento,Cinzento,Gramados,Branco
Venenoso,Peixe,Vermelho,Chocolate,Caminhos,Branco
Venenoso,Fétido,Castanho,Chocolate,Folhas Mortas,Branco
Venenoso,Picante,Castanho,Chocolate,Caminhos,Branco
Venenoso,Fétido,Vermelho,Chocolate,Folhas Mortas,Branco
Venenoso,Peixe,Vermelho,Chocolate,Folhas Mortas,Branco
Venenoso,Picante,Vermelho,Chocolate,Folhas Mortas,Branco
Venenoso,Peixe,Vermelho,Chocolate,Madeira/Árvores,Branco
Comestivel,Nenhum,Cinzento,Branco,Gramados,Branco
Venenoso,Picante,Castanho,Chocolate,Madeira/Árvores,Branco
Venenoso,Fétido,Vermelho,Chocolate,Madeira/Árvores,Branco
Venenoso,Picante,Castanho,Chocolate,Madeira/Árvores,Branco
Venenoso,Fétido,Castanho,Chocolate,Folhas Mortas,Branco
Venenoso,Fétido,Castanho,Chocolate,Madeira/Árvores,Branco
Venenoso,Picante,Vermelho,Chocolate,Madeira/Árvores,Branco
Venenoso,Picante,Castanho,Chocolate,Folhas Mortas,Branco
Venenoso,Peixe,Castanho,Chocolate,Madeira/Árvores,Branco
Venenoso,Fétido,Vermelho,Chocolate,Madeira/Árvores,Branco
Comestivel,Nenhum,Cinzento,Rosa,Gramados,Branco
Comestivel,Nenhum,Castanho,Amarelo,Folhas Mortas,Laranja
Venenoso,Picante,Castanho,Chocolate,Folhas Mortas,Branco
Venenoso,Picante,Castanho,Chocolate,Caminhos,Branco
Venenoso,Picante,Castanho,Chocolate,Folhas Mortas,Branco
Venenoso,Picante,Vermelho,Chocolate,Folhas Mortas,Branco
Venenoso,Peixe,Castanho,Chocolate,Folhas Mortas,Branco
Venenoso,Fétido,Castanho,Chocolate,Madeira/Árvores,Branco
Venenoso,Peixe,Vermelho,Chocolate,Caminhos,Branco
Venenoso,Fétido,Vermelho,Chocolate,Folhas Mortas,Branco
Venenoso,Picante,Castanho,Chocolate,Folhas Mortas,Branco
Venenoso,Peixe,Vermelho,Chocolate,Madeira/Árvores,Branco
Comestivel,Nenhum,Branco,Cinzento,Gramados,Branco
Venenoso,Fétido,Castanho,Chocolate,Caminhos,Branco
Venenoso,Peixe,Vermelho,Chocolate,Folhas Mortas,Branco
Venenoso,Peixe,Castanho,Chocolate,Madeira/Árvores,Branco
Venenoso,Peixe,Castanho,Chocolate,Folhas Mortas,Branco
Venenoso,Fétido,Castanho,Chocolate,Madeira/Árvores,Branco
Venenoso,Peixe,Castanho,Chocolate,Madeira/Árvores,Branco
Venenoso,Peixe,Castanho,Chocolate,Caminhos,Branco
Venenoso,Peixe,Vermelho,Chocolate,Caminhos,Branco
Venenoso,Peixe,Castanho,Chocolate,Caminhos,Branco
Venenoso,Fétido,Castanho,Chocolate,Madeira/Árvores,Branco
Venenoso,Picante,Castanho,Chocolate,Folhas Mortas,Branco
Venenoso,Fétido,Castanho,Chocolate,Madeira/Árvores,Branco
Venenoso,Picante,Vermelho,Chocolate,Folhas Mortas,Branco
Venenoso,Fétido,Vermelho,Chocolate,Madeira/Árvores,Branco
Venenoso,Picante,Vermelho,Chocolate,Folhas Mortas,Branco
Venenoso,Fétido,Castanho,Chocolate,Caminhos,Branco
Venenoso,Picante,Vermelho,Chocolate,Folhas Mortas,Branco
Venenoso,Picante,Vermelho,Chocolate,Folhas Mortas,Branco
Venenoso,Picante,Vermelho,Chocolate,Madeira/Árvores,Branco
Venenoso,Peixe,Vermelho,Chocolate,Folhas Mortas,Branco
Venenoso,Picante,Vermelho,Chocolate,Folhas Mortas,Branco
Venenoso,Fétido,Castanho,Chocolate,Folhas Mortas,Branco
Venenoso,Fétido,Castanho,Chocolate,Folhas Mortas,Branco
Venenoso,Peixe,Castanho,Chocolate,Caminhos,Branco
Venenoso,Fétido,Vermelho,Chocolate,Folhas Mortas,Branco
Venenoso,Peixe,Vermelho,Chocolate,Folhas Mortas,Branco
Venenoso,Picante,Vermelho,Chocolate,Caminhos,Branco
Venenoso,Peixe,Vermelho,Chocolate,Caminhos,Branco
Venenoso,Fétido,Vermelho,Chocolate,Folhas Mortas,Branco
Venenoso,Picante,Vermelho,Chocolate,Madeira/Árvores,Branco
Venenoso,Fétido,Vermelho,Chocolate,Folhas Mortas,Branco
Venenoso,Peixe,Castanho,Chocolate,Madeira/Árvores,Branco
Venenoso,Peixe,Vermelho,Chocolate,Folhas Mortas,Branco
Venenoso,Picante,Vermelho,Chocolate,Caminhos,Branco
Venenoso,Peixe,Vermelho,Chocolate,Madeira/Árvores,Branco
Venenoso,Fétido,Vermelho,Chocolate,Folhas Mortas,Branco
Venenoso,Fétido,Vermelho,Chocolate,Caminhos,Branco
Venenoso,Fétido,Vermelho,Chocolate,Caminhos,Branco
Venenoso,Peixe,Vermelho,Chocolate,Caminhos,Branco
Venenoso,Picante,Vermelho,Chocolate,Caminhos,Branco
Venenoso,Peixe,Castanho,Chocolate,Folhas Mortas,Branco
Venenoso,Fétido,Vermelho,Chocolate,Madeira/Árvores,Branco
Venenoso,Picante,Castanho,Chocolate,Caminhos,Branco
Venenoso,Fétido,Vermelho,Chocolate,Folhas Mortas,Branco
Venenoso,Peixe,Castanho,Chocolate,Madeira/Árvores,Branco
Venenoso,Peixe,Castanho,Chocolate,Caminhos,Branco
Venenoso,Picante,Vermelho,Chocolate,Folhas Mortas,Branco
Venenoso,Peixe,Vermelho,Chocolate,Folhas Mortas,Branco
Venenoso,Peixe,Castanho,Chocolate,Caminhos,Branco
Venenoso,Peixe,Castanho,Chocolate,Caminhos,Branco
Venenoso,Picante,Vermelho,Chocolate,Madeira/Árvores,Branco
Venenoso,Fétido,Vermelho,Chocolate,Folhas Mortas,Branco
Comestivel,Nenhum,Cinzento,Branco,Gramados,Branco
Venenoso,Peixe,Castanho,Chocolate,Madeira/Árvores,Branco
Venenoso,Peixe,Castanho,Chocolate,Caminhos,Branco
Venenoso,Picante,Castanho,Chocolate,Caminhos,Branco
Venenoso,Picante,Castanho,Chocolate,Caminhos,Branco
Venenoso,Picante,Vermelho,Chocolate,Caminhos,Branco
Venenoso,Fétido,Vermelho,Chocolate,Folhas Mortas,Branco
Venenoso,Fétido,Vermelho,Chocolate,Folhas Mortas,Branco
Venenoso,Fétido,Vermelho,Chocolate,Caminhos,Branco
Venenoso,Fétido,Castanho,Chocolate,Folhas Mortas,Branco
Venenoso,Fétido,Vermelho,Chocolate,Caminhos,Branco
Venenoso,Fétido,Castanho,Chocolate,Caminhos,Branco
Venenoso,Fétido,Vermelho,Chocolate,Folhas Mortas,Branco
Venenoso,Picante,Vermelho,Chocolate,Caminhos,Branco
Venenoso,Peixe,Vermelho,Chocolate,Madeira/Árvores,Branco
Venenoso,Fétido,Vermelho,Chocolate,Caminhos,Branco
Venenoso,Picante,Vermelho,Chocolate,Caminhos,Branco
Venenoso,Picante,Castanho,Chocolate,Caminhos,Branco
Venenoso,Picante,Vermelho,Chocolate,Madeira/Árvores,Branco
Venenoso,Peixe,Vermelho,Chocolate,Folhas Mortas,Branco
Venenoso,Picante,Vermelho,Chocolate,Folhas Mortas,Branco
Venenoso,Fétido,Vermelho,Chocolate,Folhas Mortas,Branco
Comestivel,Nenhum,Castanho,Castanho,Folhas Mortas,Laranja
Venenoso,Fétido,Castanho,Chocolate,Madeira/Árvores,Branco
Venenoso,Picante,Vermelho,Chocolate,Folhas Mortas,Branco
Venenoso,Picante,Castanho,Chocolate,Madeira/Árvores,Branco
Venenoso,Fétido,Vermelho,Chocolate,Madeira/Árvores,Branco
Venenoso,Fétido,Castanho,Chocolate,Caminhos,Branco
Venenoso,Mofado,Castanho,Branco,Madeira/Árvores,Branco
Venenoso,Fétido,Vermelho,Chocolate,Caminhos,Branco
Venenoso,Picante,Vermelho,Chocolate,Folhas Mortas,Branco
Venenoso,Peixe,Castanho,Chocolate,Madeira/Árvores,Branco
Venenoso,Fétido,Vermelho,Chocolate,Caminhos,Branco
Comestivel,Nenhum,Branco,Cinzento,Gramados,Branco
Venenoso,Peixe,Castanho,Chocolate,Folhas Mortas,Branco
Venenoso,Peixe,Castanho,Chocolate,Madeira/Árvores,Branco
Venenoso,Peixe,Castanho,Chocolate,Caminhos,Branco
Venenoso,Picante,Castanho,Chocolate,Madeira/Árvores,Branco
Venenoso,Peixe,Castanho,Chocolate,Folhas Mortas,Branco
Venenoso,Peixe,Vermelho,Chocolate,Caminhos,Branco
Venenoso,Fétido,Vermelho,Chocolate,Madeira/Árvores,Branco
Venenoso,Fétido,Castanho,Chocolate,Caminhos,Branco
Venenoso,Fétido,Castanho,Chocolate,Caminhos,Branco
Venenoso,Fétido,Vermelho,Chocolate,Folhas Mortas,Branco
Venenoso,Peixe,Vermelho,Chocolate,Folhas Mortas,Branco
Venenoso,Peixe,Vermelho,Chocolate,Madeira/Árvores,Branco
Venenoso,Peixe,Castanho,Chocolate,Madeira/Árvores,Branco
Venenoso,Picante,Vermelho,Chocolate,Caminhos,Branco
Venenoso,Fétido,Castanho,Chocolate,Folhas Mortas,Branco
Venenoso,Peixe,Castanho,Chocolate,Folhas Mortas,Branco
Venenoso,Peixe,Vermelho,Chocolate,Madeira/Árvores,Branco
Venenoso,Fétido,Castanho,Chocolate,Madeira/Árvores,Branco
Venenoso,Fétido,Vermelho,Chocolate,Folhas Mortas,Branco
Venenoso,Fétido,Vermelho,Chocolate,Caminhos,Branco
Venenoso,Fétido,Castanho,Chocolate,Folhas Mortas,Branco
Venenoso,Peixe,Castanho,Chocolate,Madeira/Árvores,Branco
Venenoso,Fétido,Vermelho,Chocolate,Madeira/Árvores,Branco
Comestivel,Nenhum,Cinzento,Branco,Gramados,Branco
Venenoso,Peixe,Vermelho,Chocolate,Madeira/Árvores,Branco
Venenoso,Peixe,Castanho,Chocolate,Madeira/Árvores,Branco
Venenoso,Picante,Castanho,Chocolate,Madeira/Árvores,Branco
Venenoso,Picante,Vermelho,Chocolate,Caminhos,Branco
Venenoso,Fétido,Vermelho,Chocolate,Folhas Mortas,Branco
Venenoso,Picante,Castanho,Chocolate,Folhas Mortas,Branco
Venenoso,Picante,Vermelho,Chocolate,Caminhos,Branco
Venenoso,Fétido,Vermelho,Chocolate,Caminhos,Branco
Venenoso,Picante,Castanho,Chocolate,Madeira/Árvores,Branco
Venenoso,Picante,Vermelho,Chocolate,Caminhos,Branco
Venenoso,Picante,Castanho,Chocolate,Folhas Mortas,Branco
Venenoso,Fétido,Vermelho,Chocolate,Caminhos,Branco
Venenoso,Peixe,Vermelho,Chocolate,Caminhos,Branco
Venenoso,Peixe,Castanho,Chocolate,Madeira/Árvores,Branco
Venenoso,Fétido,Castanho,Chocolate,Caminhos,Branco
Comestivel,Nenhum,Castanho,Castanho,Folhas Mortas,Amarelo
Venenoso,Peixe,Castanho,Chocolate,Caminhos,Branco
Venenoso,Peixe,Castanho,Chocolate,Folhas Mortas,Branco
Venenoso,Fétido,Vermelho,Chocolate,Caminhos,Branco
Comestivel,Nenhum,Canela,Branco,Caminhos,Branco
Comestivel,Nenhum,Castanho,Castanho,Folhas Mortas,Amarelo
Comestivel,Nenhum,Cinzento,Branco,Gramados,Branco
Comestivel,Nenhum,Cinzento,Cinzento,Gramados,Branco
Venenoso,Picante,Castanho,Chocolate,Madeira/Árvores,Branco
Venenoso,Fétido,Vermelho,Chocolate,Caminhos,Branco
Comestivel,Nenhum,Castanho,Laranja,Folhas Mortas,Laranja
Venenoso,Picante,Vermelho,Chocolate,Madeira/Árvores,Branco
Venenoso,Nenhum,Amarelo,Amarelo,Folhas Mortas,Branco
Venenoso,Fétido,Vermelho,Chocolate,Madeira/Árvores,Branco
Comestivel,Nenhum,Cinzento,Cinzento,Gramados,Branco
Venenoso,Fétido,Vermelho,Chocolate,Caminhos,Branco
Venenoso,Picante,Vermelho,Chocolate,Caminhos,Branco
Venenoso,Picante,Vermelho,Chocolate,Madeira/Árvores,Branco
Venenoso,Peixe,Castanho,Chocolate,Caminhos,Branco
Venenoso,Picante,Vermelho,Chocolate,Madeira/Árvores,Branco
Comestivel,Nenhum,Cinzento,Branco,Gramados,Branco
Venenoso,Picante,Castanho,Chocolate,Caminhos,Branco
Venenoso,Peixe,Vermelho,Chocolate,Madeira/Árvores,Branco
Venenoso,Fétido,Vermelho,Chocolate,Folhas Mortas,Branco
Comestivel,Nenhum,Cinzento,Rosa,Gramados,Branco
Venenoso,Picante,Castanho,Chocolate,Madeira/Árvores,Branco
Venenoso,Peixe,Castanho,Chocolate,Caminhos,Branco
Comestivel,Nenhum,Castanho,Laranja,Folhas Mortas,Castanho
Comestivel,Nenhum,Rosa,Branco,Caminhos,Branco
Venenoso,Peixe,Castanho,Chocolate,Madeira/Árvores,Branco
Venenoso,Peixe,Vermelho,Chocolate,Folhas Mortas,Branco
Venenoso,Picante,Castanho,Chocolate,Folhas Mortas,Branco
Comestivel,Nenhum,Branco,Branco,Gramados,Branco
Venenoso,Fétido,Vermelho,Chocolate,Caminhos,Branco
Venenoso,Peixe,Vermelho,Chocolate,Folhas Mortas,Branco
Venenoso,Peixe,Vermelho,Chocolate,Folhas Mortas,Branco
Venenoso,Fétido,Castanho,Chocolate,Madeira/Árvores,Branco
Comestivel,Nenhum,Branco,Rosa,Gramados,Branco
Comestivel,Nenhum,Branco,Rosa,Gramados,Branco
Venenoso,Peixe,Vermelho,Chocolate,Folhas Mortas,Branco
Venenoso,Peixe,Castanho,Chocolate,Folhas Mortas,Branco
Comestivel,Nenhum,Castanho,Branco,Caminhos,Branco
Venenoso,Picante,Castanho,Chocolate,Madeira/Árvores,Branco
Venenoso,Peixe,Castanho,Chocolate,Folhas Mortas,Branco
Venenoso,Picante,Castanho,Chocolate,Folhas Mortas,Branco
Venenoso,Mofado,Vermelho,Branco,Madeira/Árvores,Branco
Venenoso,Fétido,Vermelho,Chocolate,Madeira/Árvores,Branco
Venenoso,Picante,Vermelho,Chocolate,Caminhos,Branco
Venenoso,Picante,Castanho,Chocolate,Folhas Mortas,Branco
Venenoso,Fétido,Vermelho,Chocolate,Folhas Mortas,Branco
Venenoso,Fétido,Castanho,Chocolate,Folhas Mortas,Branco
Venenoso,Fétido,Vermelho,Chocolate,Caminhos,Branco
Comestivel,Nenhum,Branco,Branco,Gramados,Branco
Venenoso,Picante,Castanho,Chocolate,Madeira/Árvores,Branco
Venenoso,Fétido,Castanho,Chocolate,Caminhos,Branco
Venenoso,Peixe,Vermelho,Chocolate,Madeira/Árvores,Branco
Venenoso,Picante,Vermelho,Chocolate,Folhas Mortas,Branco
Venenoso,Picante,Castanho,Chocolate,Folhas Mortas,Branco
Comestivel,Nenhum,Branco,Cinzento,Gramados,Branco
Venenoso,Fétido,Castanho,Chocolate,Caminhos,Branco
Venenoso,Picante,Castanho,Chocolate,Folhas Mortas,Branco
Venenoso,Picante,Castanho,Chocolate,Folhas Mortas,Branco
Venenoso,Picante,Vermelho,Chocolate,Madeira/Árvores,Branco
Venenoso,Peixe,Castanho,Chocolate,Folhas Mortas,Branco
Venenoso,Picante,Vermelho,Chocolate,Folhas Mortas,Branco
Venenoso,Peixe,Vermelho,Chocolate,Caminhos,Branco
Venenoso,Fétido,Castanho,Chocolate,Madeira/Árvores,Branco
Comestivel,Nenhum,Castanho,Branco,Madeira/Árvores,Branco
Venenoso,Fétido,Castanho,Chocolate,Caminhos,Branco
Venenoso,Fétido,Vermelho,Chocolate,Madeira/Árvores,Branco
Comestivel,Nenhum,Castanho,Branco,Madeira/Árvores,Branco
Venenoso,Fétido,Castanho,Chocolate,Madeira/Árvores,Branco
Venenoso,Peixe,Castanho,Chocolate,Folhas Mortas,Branco
Venenoso,Picante,Castanho,Chocolate,Caminhos,Branco
Venenoso,Picante,Castanho,Chocolate,Caminhos,Branco
Comestivel,Nenhum,Branco,Branco,Gramados,Branco
Venenoso,Fétido,Vermelho,Chocolate,Madeira/Árvores,Branco
Venenoso,Peixe,Vermelho,Chocolate,Caminhos,Branco
Venenoso,Fétido,Castanho,Chocolate,Folhas Mortas,Branco
Venenoso,Fétido,Castanho,Chocolate,Caminhos,Branco
Venenoso,Peixe,Castanho,Chocolate,Folhas Mortas,Branco
Venenoso,Fétido,Vermelho,Chocolate,Caminhos,Branco
Venenoso,Picante,Vermelho,Chocolate,Folhas Mortas,Branco
Venenoso,Fétido,Vermelho,Chocolate,Madeira/Árvores,Branco
Comestivel,Nenhum,Castanho,Branco,Caminhos,Branco
Venenoso,Peixe,Vermelho,Chocolate,Caminhos,Branco
Venenoso,Fétido,Castanho,Chocolate,Caminhos,Branco
Venenoso,Fétido,Vermelho,Chocolate,Caminhos,Branco
Venenoso,Picante,Vermelho,Chocolate,Folhas Mortas,Branco
Comestivel,Nenhum,Castanho,Castanho,Folhas Mortas,Castanho
Comestivel,Nenhum,Cinzento,Rosa,Gramados,Branco
Venenoso,Mofado,Vermelho,Amarelo,Madeira/Árvores,Branco
Venenoso,Peixe,Vermelho,Chocolate,Folhas Mortas,Branco
Venenoso,Peixe,Vermelho,Chocolate,Madeira/Árvores,Branco
Comestivel,Nenhum,Castanho,Amarelo,Folhas Mortas,Laranja
Venenoso,Picante,Vermelho,Chocolate,Madeira/Árvores,Branco
Venenoso,Picante,Vermelho,Chocolate,Madeira/Árvores,Branco
Comestivel,Nenhum,Branco,Rosa,Gramados,Branco
Comestivel,Nenhum,Cinzento,Branco,Gramados,Branco
Comestivel,Nenhum,Castanho,Amarelo,Folhas Mortas,Laranja
Venenoso,Picante,Vermelho,Chocolate,Madeira/Árvores,Branco
Venenoso,Picante,Castanho,Chocolate,Folhas Mortas,Branco
Venenoso,Picante,Vermelho,Chocolate,Caminhos,Branco
Comestivel,Nenhum,Branco,Branco,Gramados,Branco
Comestivel,Nenhum,Branco,Cinzento,Gramados,Branco
Comestivel,Nenhum,Branco,Rosa,Gramados,Branco
Venenoso,Fétido,Vermelho,Chocolate,Folhas Mortas,Branco
Venenoso,Picante,Vermelho,Chocolate,Caminhos,Branco
Comestivel,Nenhum,Cinzento,Branco,Gramados,Branco
Comestivel,Nenhum,Branco,Cinzento,Gramados,Branco
Venenoso,Fétido,Vermelho,Chocolate,Madeira/Árvores,Branco
Comestivel,Nenhum,Branco,Cinzento,Gramados,Branco
Venenoso,Picante,Vermelho,Chocolate,Caminhos,Branco
Venenoso,Fétido,Castanho,Chocolate,Caminhos,Branco
Venenoso,Fétido,Castanho,Chocolate,Madeira/Árvores,Branco
Comestivel,Nenhum,Cinzento,Rosa,Gramados,Branco
Comestivel,Nenhum,Branco,Branco,Gramados,Branco
Venenoso,Peixe,Vermelho,Chocolate,Caminhos,Branco
Venenoso,Fétido,Vermelho,Chocolate,Madeira/Árvores,Branco
Comestivel,Nenhum,Branco,Cinzento,Gramados,Branco
Comestivel,Nenhum,Branco,Cinzento,Gramados,Branco
Venenoso,Picante,Vermelho,Chocolate,Madeira/Árvores,Branco
Comestivel,Nenhum,Cinzento,Branco,Caminhos,Branco
Venenoso,Peixe,Vermelho,Chocolate,Madeira/Árvores,Branco
Venenoso,Peixe,Castanho,Chocolate,Caminhos,Branco
Comestivel,Nenhum,Castanho,Amarelo,Folhas Mortas,Chocolate
Comestivel,Nenhum,Castanho,Castanho,Folhas Mortas,Castanho
Venenoso,Picante,Vermelho,Chocolate,Folhas Mortas,Branco
Venenoso,Peixe,Vermelho,Chocolate,Madeira/Árvores,Branco
Venenoso,Picante,Castanho,Chocolate,Madeira/Árvores,Branco
Venenoso,Peixe,Vermelho,Chocolate,Madeira/Árvores,Branco
Venenoso,Peixe,Castanho,Chocolate,Folhas Mortas,Branco
Comestivel,Nenhum,Branco,Cinzento,Gramados,Branco
Comestivel,Nenhum,Castanho,Laranja,Folhas Mortas,Castanho
Venenoso,Mofado,Canela,Branco,Madeira/Árvores,Branco
Comestivel,Nenhum,Cinzento,Cinzento,Gramados,Branco
Comestivel,Nenhum,Castanho,Castanho,Folhas Mortas,Laranja
Comestivel,Nenhum,Castanho,Amarelo,Folhas Mortas,Chocolate
Venenoso,Picante,Vermelho,Chocolate,Caminhos,Branco
Comestivel,Nenhum,Branco,Rosa,Gramados,Branco
Comestivel,Nenhum,Cinzento,Cinzento,Gramados,Branco
Comestivel,Nenhum,Castanho,Laranja,Folhas Mortas,Castanho
Venenoso,Peixe,Castanho,Chocolate,Madeira/Árvores,Branco
Venenoso,Picante,Castanho,Chocolate,Folhas Mortas,Branco
Venenoso,Picante,Castanho,Chocolate,Madeira/Árvores,Branco
Venenoso,Peixe,Vermelho,Chocolate,Caminhos,Branco
Comestivel,Nenhum,Cinzento,Rosa,Gramados,Branco
Venenoso,Picante,Vermelho,Chocolate,Madeira/Árvores,Branco
Venenoso,Picante,Castanho,Chocolate,Caminhos,Branco
Venenoso,Picante,Vermelho,Chocolate,Folhas Mortas,Branco
Comestivel,Nenhum,Cinzento,Branco,Gramados,Branco
Comestivel,Nenhum,Castanho,Amarelo,Folhas Mortas,Amarelo
Venenoso,Fétido,Castanho,Chocolate,Folhas Mortas,Branco
Venenoso,Picante,Castanho,Chocolate,Caminhos,Branco
Comestivel,Nenhum,Castanho,Laranja,Folhas Mortas,Laranja
Venenoso,Peixe,Castanho,Chocolate,Madeira/Árvores,Branco
Venenoso,Peixe,Castanho,Chocolate,Caminhos,Branco
Venenoso,Picante,Vermelho,Chocolate,Folhas Mortas,Branco
Venenoso,Picante,Vermelho,Chocolate,Caminhos,Branco
Venenoso,Picante,Vermelho,Chocolate,Caminhos,Branco
Venenoso,Peixe,Vermelho,Chocolate,Madeira/Árvores,Branco
Venenoso,Picante,Castanho,Chocolate,Madeira/Árvores,Branco
Venenoso,Peixe,Castanho,Chocolate,Madeira/Árvores,Branco
Comestivel,Nenhum,Rosa,Branco,Caminhos,Branco
Venenoso,Peixe,Vermelho,Chocolate,Madeira/Árvores,Branco
Venenoso,Mofado,Castanho,Branco,Madeira/Árvores,Branco
Venenoso,Fétido,Castanho,Chocolate,Folhas Mortas,Branco
Comestivel,Nenhum,Cinzento,Cinzento,Gramados,Branco
Venenoso,Fétido,Castanho,Chocolate,Madeira/Árvores,Branco
Venenoso,Peixe,Castanho,Chocolate,Caminhos,Branco
Venenoso,Picante,Castanho,Chocolate,Caminhos,Branco
Venenoso,Peixe,Vermelho,Chocolate,Madeira/Árvores,Branco
Venenoso,Fétido,Vermelho,Chocolate,Madeira/Árvores,Branco
Comestivel,Nenhum,Canela,Branco,Caminhos,Branco
Venenoso,Fétido,Castanho,Chocolate,Folhas Mortas,Branco
Venenoso,Fétido,Vermelho,Chocolate,Madeira/Árvores,Branco
Venenoso,Peixe,Vermelho,Chocolate,Folhas Mortas,Branco
Venenoso,Peixe,Vermelho,Chocolate,Folhas Mortas,Branco
Venenoso,Fétido,Castanho,Chocolate,Caminhos,Branco
Comestivel,Nenhum,Castanho,Amarelo,Folhas Mortas,Castanho
Venenoso,Picante,Vermelho,Chocolate,Madeira/Árvores,Branco
Venenoso,Picante,Vermelho,Chocolate,Caminhos,Branco
Venenoso,Fétido,Vermelho,Chocolate,Madeira/Árvores,Branco
Venenoso,Picante,Vermelho,Chocolate,Caminhos,Branco
Venenoso,Fétido,Vermelho,Chocolate,Folhas Mortas,Branco
Venenoso,Peixe,Vermelho,Chocolate,Folhas Mortas,Branco
Comestivel,Nenhum,Cinzento,Branco,Gramados,Branco
Venenoso,Picante,Vermelho,Chocolate,Caminhos,Branco
Venenoso,Picante,Vermelho,Chocolate,Folhas Mortas,Branco
Comestivel,Nenhum,Cinzento,Cinzento,Gramados,Branco
Comestivel,Nenhum,Castanho,Castanho,Folhas Mortas,Castanho
Venenoso,Mofado,Castanho,Branco,Madeira/Árvores,Branco
Venenoso,Picante,Vermelho,Chocolate,Madeira/Árvores,Branco
Venenoso,Fétido,Castanho,Chocolate,Folhas Mortas,Branco
Venenoso,Fétido,Castanho,Chocolate,Caminhos,Branco
Venenoso,Peixe,Vermelho,Chocolate,Folhas Mortas,Branco
Venenoso,Peixe,Castanho,Chocolate,Caminhos,Branco
Venenoso,Peixe,Castanho,Chocolate,Folhas Mortas,Branco
Comestivel,Nenhum,Cinzento,Cinzento,Gramados,Branco
Venenoso,Fétido,Vermelho,Chocolate,Caminhos,Branco
Venenoso,Mofado,Canela,Amarelo,Madeira/Árvores,Branco
Venenoso,Picante,Vermelho,Chocolate,Caminhos,Branco
Venenoso,Picante,Vermelho,Chocolate,Folhas Mortas,Branco
Comestivel,Nenhum,Branco,Rosa,Gramados,Branco
Venenoso,Peixe,Castanho,Chocolate,Madeira/Árvores,Branco
Venenoso,Peixe,Vermelho,Chocolate,Caminhos,Branco
Venenoso,Fétido,Castanho,Chocolate,Folhas Mortas,Branco
Venenoso,Peixe,Vermelho,Chocolate,Caminhos,Branco
Venenoso,Fétido,Vermelho,Chocolate,Madeira/Árvores,Branco
Venenoso,Fétido,Vermelho,Chocolate,Madeira/Árvores,Branco
Comestivel,Nenhum,Branco,Branco,Gramados,Branco
Venenoso,Mofado,Castanho,Branco,Madeira/Árvores,Branco
Venenoso,Peixe,Vermelho,Chocolate,Madeira/Árvores,Branco
Venenoso,Fétido,Castanho,Chocolate,Caminhos,Branco
Venenoso,Fétido,Castanho,Chocolate,Caminhos,Branco
Venenoso,Picante,Vermelho,Chocolate,Folhas Mortas,Branco
Comestivel,Nenhum,Cinzento,Branco,Caminhos,Branco
Venenoso,Peixe,Castanho,Chocolate,Madeira/Árvores,Branco
Venenoso,Peixe,Vermelho,Chocolate,Caminhos,Branco
Comestivel,Nenhum,Branco,Branco,Gramados,Branco
Venenoso,Picante,Castanho,Chocolate,Madeira/Árvores,Branco
Venenoso,Peixe,Castanho,Chocolate,Madeira/Árvores,Branco
Venenoso,Picante,Vermelho,Chocolate,Madeira/Árvores,Branco
Comestivel,Nenhum,Branco,Branco,Gramados,Branco
Venenoso,Picante,Castanho,Chocolate,Caminhos,Branco
Venenoso,Picante,Vermelho,Chocolate,Caminhos,Branco
Venenoso,Peixe,Vermelho,Chocolate,Caminhos,Branco
Venenoso,Fétido,Vermelho,Chocolate,Folhas Mortas,Branco
Comestivel,Nenhum,Castanho,Castanho,Folhas Mortas,Amarelo
Venenoso,Peixe,Castanho,Chocolate,Madeira/Árvores,Branco
Venenoso,Peixe,Vermelho,Chocolate,Madeira/Árvores,Branco
Venenoso,Peixe,Vermelho,Chocolate,Madeira/Árvores,Branco
Venenoso,Fétido,Vermelho,Chocolate,Folhas Mortas,Branco
Comestivel,Nenhum,Castanho,Laranja,Folhas Mortas,Chocolate
Comestivel,Nenhum,Cinzento,Rosa,Gramados,Branco
Comestivel,Nenhum,Castanho,Castanho,Folhas Mortas,Castanho
Comestivel,Nenhum,Cinzento,Rosa,Gramados,Branco
Venenoso,Peixe,Vermelho,Chocolate,Madeira/Árvores,Branco
Venenoso,Fétido,Vermelho,Chocolate,Madeira/Árvores,Branco
Venenoso,Picante,Castanho,Chocolate,Madeira/Árvores,Branco
Venenoso,Peixe,Castanho,Chocolate,Caminhos,Branco
Comestivel,Nenhum,Branco,Rosa,Gramados,Branco
Venenoso,Picante,Castanho,Chocolate,Madeira/Árvores,Branco
Comestivel,Nenhum,Cinzento,Rosa,Gramados,Branco
Venenoso,Fétido,Castanho,Chocolate,Madeira/Árvores,Branco
Venenoso,Fétido,Vermelho,Chocolate,Folhas Mortas,Branco
Venenoso,Mofado,Canela,Branco,Madeira/Árvores,Branco
Venenoso,Picante,Castanho,Chocolate,Madeira/Árvores,Branco
Venenoso,Picante,Vermelho,Chocolate,Folhas Mortas,Branco
Venenoso,Picante,Castanho,Chocolate,Folhas Mortas,Branco
Venenoso,Fétido,Vermelho,Chocolate,Caminhos,Branco
Venenoso,Fétido,Vermelho,Chocolate,Folhas Mortas,Branco
Venenoso,Picante,Vermelho,Chocolate,Madeira/Árvores,Branco
Comestivel,Nenhum,Cinzento,Branco,Gramados,Branco
Venenoso,Peixe,Vermelho,Chocolate,Caminhos,Branco
Venenoso,Peixe,Castanho,Chocolate,Folhas Mortas,Branco
Venenoso,Picante,Vermelho,Chocolate,Folhas Mortas,Branco
Venenoso,Peixe,Castanho,Chocolate,Caminhos,Branco
Comestivel,Nenhum,Cinzento,Cinzento,Gramados,Branco
Venenoso,Picante,Castanho,Chocolate,Folhas Mortas,Branco
Venenoso,Picante,Vermelho,Chocolate,Madeira/Árvores,Branco
Venenoso,Picante,Castanho,Chocolate,Madeira/Árvores,Branco
Comestivel,Nenhum,Cinzento,Branco,Gramados,Branco
Venenoso,Peixe,Castanho,Chocolate,Caminhos,Branco
Venenoso,Peixe,Vermelho,Chocolate,Caminhos,Branco
Venenoso,Peixe,Vermelho,Chocolate,Madeira/Árvores,Branco
Venenoso,Mofado,Castanho,Amarelo,Madeira/Árvores,Branco
Comestivel,Nenhum,Cinzento,Cinzento,Gramados,Branco
Venenoso,Fétido,Vermelho,Chocolate,Caminhos,Branco
Venenoso,Fétido,Castanho,Chocolate,Folhas Mortas,Branco
Comestivel,Nenhum,Cinzento,Rosa,Gramados,Branco
Venenoso,Fétido,Castanho,Chocolate,Folhas Mortas,Branco
Venenoso,Picante,Vermelho,Chocolate,Folhas Mortas,Branco
Comestivel,Nenhum,Castanho,Amarelo,Folhas Mortas,Amarelo
Venenoso,Fétido,Castanho,Chocolate,Folhas Mortas,Branco
Venenoso,Picante,Castanho,Chocolate,Folhas Mortas,Branco
Comestivel,Nenhum,Castanho,Castanho,Folhas Mortas,Chocolate
Venenoso,Fétido,Castanho,Chocolate,Folhas Mortas,Branco
Venenoso,Fétido,Castanho,Chocolate,Madeira/Árvores,Branco
Venenoso,Picante,Castanho,Chocolate,Caminhos,Branco
Venenoso,Picante,Castanho,Chocolate,Caminhos,Branco
Comestivel,Nenhum,Canela,Branco,Caminhos,Branco
Comestivel,Nenhum,Castanho,Castanho,Folhas Mortas,Castanho
Comestivel,Nenhum,Branco,Cinzento,Gramados,Branco
Venenoso,Picante,Vermelho,Chocolate,Caminhos,Branco
Comestivel,Nenhum,Cinzento,Branco,Gramados,Branco
Venenoso,Peixe,Vermelho,Chocolate,Caminhos,Branco
Venenoso,Picante,Castanho,Chocolate,Madeira/Árvores,Branco
Comestivel,Nenhum,Castanho,Laranja,Folhas Mortas,Amarelo
Venenoso,Peixe,Vermelho,Chocolate,Caminhos,Branco
Venenoso,Fétido,Castanho,Chocolate,Madeira/Árvores,Branco
Venenoso,Peixe,Vermelho,Chocolate,Folhas Mortas,Branco
Venenoso,Picante,Vermelho,Chocolate,Caminhos,Branco
Venenoso,Picante,Vermelho,Chocolate,Caminhos,Branco
Venenoso,Fétido,Vermelho,Chocolate,Madeira/Árvores,Branco
Comestivel,Nenhum,Castanho,Branco,Madeira/Árvores,Branco
Venenoso,Fétido,Vermelho,Chocolate,Madeira/Árvores,Branco
Venenoso,Picante,Castanho,Chocolate,Caminhos,Branco
Venenoso,Peixe,Castanho,Chocolate,Caminhos,Branco
Venenoso,Fétido,Vermelho,Chocolate,Madeira/Árvores,Branco
Comestivel,Nenhum,Cinzento,Branco,Gramados,Branco
Venenoso,Fétido,Castanho,Chocolate,Madeira/Árvores,Branco
Comestivel,Nenhum,Branco,Rosa,Gramados,Branco
Venenoso,Peixe,Vermelho,Chocolate,Folhas Mortas,Branco
Comestivel,Nenhum,Cinzento,Rosa,Gramados,Branco
Comestivel,Nenhum,Castanho,Amarelo,Folhas Mortas,Amarelo
Venenoso,Fétido,Vermelho,Chocolate,Caminhos,Branco
Venenoso,Fétido,Castanho,Chocolate,Folhas Mortas,Branco
Comestivel,Nenhum,Cinzento,Cinzento,Gramados,Branco
Venenoso,Peixe,Castanho,Chocolate,Folhas Mortas,Branco
Venenoso,Picante,Castanho,Chocolate,Folhas Mortas,Branco
Comestivel,Nenhum,Branco,Cinzento,Gramados,Branco
Venenoso,Fétido,Vermelho,Chocolate,Caminhos,Branco
Venenoso,Fétido,Vermelho,Chocolate,Folhas Mortas,Branco
Venenoso,Fétido,Vermelho,Chocolate,Folhas Mortas,Branco
Venenoso,Picante,Vermelho,Chocolate,Caminhos,Branco
Venenoso,Picante,Castanho,Chocolate,Caminhos,Branco
Comestivel,Nenhum,Cinzento,Cinzento,Gramados,Branco
Venenoso,Fétido,Castanho,Chocolate,Caminhos,Branco
Venenoso,Fétido,Vermelho,Chocolate,Folhas Mortas,Branco
Comestivel,Nenhum,Cinzento,Branco,Gramados,Branco
Comestivel,Nenhum,Castanho,Amarelo,Folhas Mortas,Amarelo
Comestivel,Nenhum,Cinzento,Cinzento,Gramados,Branco
Venenoso,Picante,Vermelho,Chocolate,Caminhos,Branco
Venenoso,Fétido,Castanho,Chocolate,Madeira/Árvores,Branco
Venenoso,Picante,Castanho,Chocolate,Caminhos,Branco
Comestivel,Nenhum,Cinzento,Rosa,Gramados,Branco
Venenoso,Picante,Vermelho,Chocolate,Caminhos,Branco
Comestivel,Nenhum,Castanho,Castanho,Folhas Mortas,Amarelo
Comestivel,Nenhum,Branco,Branco,Gramados,Branco
Venenoso,Mofado,Vermelho,Amarelo,Madeira/Árvores,Branco
Comestivel,Nenhum,Cinzento,Cinzento,Gramados,Branco
Venenoso,Peixe,Castanho,Chocolate,Caminhos,Branco
Comestivel,Nenhum,Castanho,Laranja,Folhas Mortas,Chocolate
Comestivel,Nenhum,Cinzento,Branco,Gramados,Branco
Comestivel,Nenhum,Castanho,Castanho,Folhas Mortas,Amarelo
Comestivel,Nenhum,Cinzento,Rosa,Gramados,Branco
Venenoso,Fétido,Castanho,Chocolate,Folhas Mortas,Branco
Venenoso,Peixe,Castanho,Chocolate,Caminhos,Branco
Comestivel,Nenhum,Castanho,Castanho,Folhas Mortas,Laranja
Venenoso,Peixe,Vermelho,Chocolate,Caminhos,Branco
Venenoso,Peixe,Vermelho,Chocolate,Caminhos,Branco
Venenoso,Peixe,Castanho,Chocolate,Folhas Mortas,Branco
Venenoso,Picante,Castanho,Chocolate,Folhas Mortas,Branco
Comestivel,Nenhum,Castanho,Amarelo,Folhas Mortas,Amarelo
Comestivel,Nenhum,Cinzento,Branco,Gramados,Branco
Comestivel,Nenhum,Castanho,Laranja,Folhas Mortas,Laranja
Venenoso,Picante,Castanho,Chocolate,Folhas Mortas,Branco
Venenoso,Picante,Vermelho,Chocolate,Folhas Mortas,Branco
Venenoso,Peixe,Vermelho,Chocolate,Caminhos,Branco
Venenoso,Peixe,Castanho,Chocolate,Folhas Mortas,Branco
Comestivel,Nenhum,Castanho,Castanho,Folhas Mortas,Castanho
Venenoso,Peixe,Vermelho,Chocolate,Madeira/Árvores,Branco
Comestivel,Nenhum,Castanho,Laranja,Folhas Mortas,Laranja
Venenoso,Peixe,Castanho,Chocolate,Madeira/Árvores,Branco
Comestivel,Nenhum,Branco,Rosa,Gramados,Branco
Venenoso,Fétido,Vermelho,Chocolate,Madeira/Árvores,Branco
Venenoso,Fétido,Castanho,Chocolate,Madeira/Árvores,Branco
Comestivel,Nenhum,Cinzento,Cinzento,Gramados,Branco
Venenoso,Peixe,Castanho,Chocolate,Caminhos,Branco
Comestivel,Nenhum,Cinzento,Branco,Gramados,Branco
Venenoso,Fétido,Castanho,Chocolate,Caminhos,Branco
Venenoso,Fétido,Vermelho,Chocolate,Madeira/Árvores,Branco
Comestivel,Nenhum,Branco,Rosa,Gramados,Branco
Venenoso,Picante,Castanho,Chocolate,Folhas Mortas,Branco
Venenoso,Mofado,Castanho,Branco,Madeira/Árvores,Branco
Comestivel,Nenhum,Cinzento,Branco,Gramados,Branco
Venenoso,Peixe,Vermelho,Chocolate,Caminhos,Branco
Venenoso,Picante,Vermelho,Chocolate,Madeira/Árvores,Branco
Venenoso,Peixe,Vermelho,Chocolate,Folhas Mortas,Branco
Comestivel,Nenhum,Cinzento,Cinzento,Gramados,Branco
Comestivel,Nenhum,Branco,Rosa,Gramados,Branco
Venenoso,Picante,Vermelho,Chocolate,Madeira/Árvores,Branco
Comestivel,Nenhum,Cinzento,Cinzento,Gramados,Branco
Venenoso,Fétido,Castanho,Chocolate,Madeira/Árvores,Branco
Venenoso,Peixe,Castanho,Chocolate,Folhas Mortas,Branco
Comestivel,Nenhum,Branco,Branco,Gramados,Branco
Venenoso,Peixe,Vermelho,Chocolate,Folhas Mortas,Branco
Comestivel,Nenhum,Branco,Branco,Gramados,Branco
Venenoso,Peixe,Castanho,Chocolate,Madeira/Árvores,Branco
Comestivel,Nenhum,Branco,Branco,Gramados,Branco
Comestivel,Nenhum,Castanho,Castanho,Folhas Mortas,Castanho
Venenoso,Picante,Castanho,Chocolate,Madeira/Árvores,Branco
Venenoso,Fétido,Vermelho,Chocolate,Caminhos,Branco
Comestivel,Nenhum,Branco,Branco,Gramados,Branco
Venenoso,Mofado,Vermelho,Amarelo,Madeira/Árvores,Branco
Venenoso,Peixe,Vermelho,Chocolate,Caminhos,Branco
Venenoso,Fétido,Castanho,Chocolate,Folhas Mortas,Branco
Venenoso,Peixe,Castanho,Chocolate,Caminhos,Branco
Venenoso,Fétido,Vermelho,Chocolate,Madeira/Árvores,Branco
Comestivel,Nenhum,Castanho,Laranja,Folhas Mortas,Chocolate
Venenoso,Fétido,Castanho,Chocolate,Folhas Mortas,Branco
Comestivel,Nenhum,Castanho,Branco,Madeira/Árvores,Branco
Comestivel,Nenhum,Cinzento,Branco,Gramados,Branco
Venenoso,Peixe,Vermelho,Chocolate,Folhas Mortas,Branco
Venenoso,Nenhum,Amarelo,Amarelo,Folhas Mortas,Branco
Venenoso,Peixe,Vermelho,Chocolate,Caminhos,Branco
Venenoso,Picante,Vermelho,Chocolate,Folhas Mortas,Branco
Venenoso,Picante,Vermelho,Chocolate,Folhas Mortas,Branco
Comestivel,Nenhum,Castanho,Laranja,Folhas Mortas,Castanho
Comestivel,Nenhum,Cinzento,Branco,Caminhos,Branco
Comestivel,Nenhum,Cinzento,Rosa,Gramados,Branco
Venenoso,Picante,Vermelho,Chocolate,Caminhos,Branco
Venenoso,Picante,Vermelho,Chocolate,Caminhos,Branco
Venenoso,Picante,Vermelho,Chocolate,Folhas Mortas,Branco
Comestivel,Nenhum,Branco,Branco,Gramados,Branco
Comestivel,Nenhum,Castanho,Castanho,Folhas Mortas,Laranja
Venenoso,Peixe,Castanho,Chocolate,Caminhos,Branco
Venenoso,Fétido,Vermelho,Chocolate,Madeira/Árvores,Branco
Comestivel,Nenhum,Branco,Cinzento,Gramados,Branco
Venenoso,Peixe,Vermelho,Chocolate,Folhas Mortas,Branco
Comestivel,Nenhum,Branco,Cinzento,Gramados,Branco
Venenoso,Peixe,Vermelho,Chocolate,Folhas Mortas,Branco
Venenoso,Picante,Castanho,Chocolate,Caminhos,Branco
Comestivel,Nenhum,Cinzento,Rosa,Gramados,Branco
Comestivel,Nenhum,Branco,Cinzento,Gramados,Branco
Venenoso,Fétido,Castanho,Chocolate,Madeira/Árvores,Branco
Venenoso,Fétido,Castanho,Chocolate,Folhas Mortas,Branco
Venenoso,Picante,Vermelho,Chocolate,Madeira/Árvores,Branco
Comestivel,Nenhum,Branco,Rosa,Gramados,Branco
Venenoso,Fétido,Castanho,Chocolate,Caminhos,Branco
Venenoso,Peixe,Vermelho,Chocolate,Madeira/Árvores,Branco
Venenoso,Fétido,Castanho,Chocolate,Folhas Mortas,Branco
Venenoso,Mofado,Castanho,Amarelo,Madeira/Árvores,Branco
Venenoso,Fétido,Castanho,Chocolate,Folhas Mortas,Branco
Comestivel,Nenhum,Castanho,Laranja,Folhas Mortas,Amarelo
Venenoso,Fétido,Vermelho,Chocolate,Madeira/Árvores,Branco
Comestivel,Nenhum,Castanho,Amarelo,Folhas Mortas,Amarelo
Comestivel,Nenhum,Branco,Cinzento,Gramados,Branco
Comestivel,Nenhum,Cinzento,Rosa,Gramados,Branco
Venenoso,Picante,Vermelho,Chocolate,Folhas Mortas,Branco
Venenoso,Peixe,Castanho,Chocolate,Madeira/Árvores,Branco
Venenoso,Fétido,Vermelho,Chocolate,Caminhos,Branco
Venenoso,Peixe,Vermelho,Chocolate,Madeira/Árvores,Branco
Comestivel,Nenhum,Branco,Cinzento,Gramados,Branco
Comestivel,Nenhum,Cinzento,Rosa,Gramados,Branco
Venenoso,Mofado,Vermelho,Branco,Madeira/Árvores,Branco
Venenoso,Fétido,Castanho,Chocolate,Madeira/Árvores,Branco
Venenoso,Fétido,Castanho,Chocolate,Caminhos,Branco
Venenoso,Peixe,Vermelho,Chocolate,Madeira/Árvores,Branco
Venenoso,Picante,Castanho,Chocolate,Madeira/Árvores,Branco
Venenoso,Picante,Castanho,Chocolate,Caminhos,Branco
Venenoso,Mofado,Canela,Amarelo,Madeira/Árvores,Branco
Venenoso,Picante,Castanho,Chocolate,Madeira/Árvores,Branco
Comestivel,Nenhum,Branco,Cinzento,Gramados,Branco
Venenoso,Peixe,Castanho,Chocolate,Folhas Mortas,Branco
Comestivel,Nenhum,Cinzento,Rosa,Gramados,Branco
Venenoso,Fétido,Vermelho,Chocolate,Madeira/Árvores,Branco
Venenoso,Peixe,Vermelho,Chocolate,Folhas Mortas,Branco
Comestivel,Nenhum,Cinzento,Rosa,Gramados,Branco
Comestivel,Nenhum,Cinzento,Rosa,Gramados,Branco
Venenoso,Peixe,Vermelho,Chocolate,Folhas Mortas,Branco
Comestivel,Nenhum,Castanho,Castanho,Folhas Mortas,Amarelo
Comestivel,Nenhum,Rosa,Branco,Caminhos,Branco
Comestivel,Nenhum,Branco,Cinzento,Gramados,Branco
Venenoso,Picante,Castanho,Chocolate,Folhas Mortas,Branco
Venenoso,Fétido,Vermelho,Chocolate,Caminhos,Branco
Venenoso,Fétido,Vermelho,Chocolate,Folhas Mortas,Branco
Comestivel,Nenhum,Cinzento,Rosa,Gramados,Branco
Comestivel,Nenhum,Branco,Rosa,Gramados,Branco
Comestivel,Nenhum,Canela,Branco,Caminhos,Branco
Comestivel,Nenhum,Cinzento,Branco,Gramados,Branco
Venenoso,Peixe,Vermelho,Chocolate,Folhas Mortas,Branco
Venenoso,Peixe,Vermelho,Chocolate,Caminhos,Branco
Venenoso,Peixe,Castanho,Chocolate,Caminhos,Branco
Venenoso,Fétido,Vermelho,Chocolate,Caminhos,Branco
Comestivel,Nenhum,Castanho,Laranja,Folhas Mortas,Laranja
Venenoso,Nenhum,Amarelo,Branco,Folhas Mortas,Branco
Venenoso,Mofado,Canela,Branco,Madeira/Árvores,Branco
Venenoso,Peixe,Castanho,Chocolate,Madeira/Árvores,Branco
Comestivel,Nenhum,Rosa,Branco,Caminhos,Branco
Venenoso,Picante,Castanho,Chocolate,Caminhos,Branco
Comestivel,Nenhum,Cinzento,Cinzento,Gramados,Branco
Comestivel,Nenhum,Cinzento,Rosa,Gramados,Branco
Venenoso,Fétido,Vermelho,Chocolate,Caminhos,Branco
Comestivel,Nenhum,Castanho,Laranja,Folhas Mortas,Chocolate
Comestivel,Nenhum,Castanho,Laranja,Folhas Mortas,Chocolate
Comestivel,Nenhum,Castanho,Branco,Caminhos,Branco
Comestivel,Nenhum,Cinzento,Cinzento,Gramados,Branco
Venenoso,Peixe,Castanho,Chocolate,Madeira/Árvores,Branco
Venenoso,Fétido,Castanho,Chocolate,Madeira/Árvores,Branco
Venenoso,Picante,Castanho,Chocolate,Folhas Mortas,Branco
Venenoso,Peixe,Vermelho,Chocolate,Madeira/Árvores,Branco
Venenoso,Fétido,Castanho,Chocolate,Folhas Mortas,Branco
Venenoso,Peixe,Vermelho,Chocolate,Caminhos,Branco
Comestivel,Nenhum,Branco,Branco,Gramados,Branco
Venenoso,Mofado,Castanho,Amarelo,Madeira/Árvores,Branco
Venenoso,Peixe,Vermelho,Chocolate,Madeira/Árvores,Branco
Comestivel,Nenhum,Castanho,Laranja,Folhas Mortas,Amarelo
Venenoso,Fétido,Vermelho,Chocolate,Caminhos,Branco
Comestivel,Nenhum,Branco,Branco,Gramados,Branco
Comestivel,Nenhum,Cinzento,Rosa,Gramados,Branco
Venenoso,Picante,Castanho,Chocolate,Folhas Mortas,Branco
Venenoso,Peixe,Castanho,Chocolate,Caminhos,Branco
Venenoso,Fétido,Castanho,Chocolate,Madeira/Árvores,Branco
Venenoso,Fétido,Vermelho,Chocolate,Caminhos,Branco
Venenoso,Picante,Vermelho,Chocolate,Folhas Mortas,Branco
Venenoso,Peixe,Castanho,Chocolate,Caminhos,Branco
Comestivel,Nenhum,Cinzento,Rosa,Gramados,Branco
Venenoso,Peixe,Vermelho,Chocolate,Caminhos,Branco
Comestivel,Nenhum,Branco,Cinzento,Gramados,Branco
Venenoso,Nenhum,Amarelo,Amarelo,Folhas Mortas,Branco
Venenoso,Picante,Castanho,Chocolate,Caminhos,Branco
Venenoso,Peixe,Vermelho,Chocolate,Folhas Mortas,Branco
Comestivel,Nenhum,Cinzento,Cinzento,Gramados,Branco
Comestivel,Nenhum,Castanho,Castanho,Folhas Mortas,Amarelo
Venenoso,Peixe,Vermelho,Chocolate,Folhas Mortas,Branco
Comestivel,Nenhum,Castanho,Laranja,Folhas Mortas,Castanho
Venenoso,Peixe,Vermelho,Chocolate,Folhas Mortas,Branco
Venenoso,Fétido,Vermelho,Chocolate,Folhas Mortas,Branco
Venenoso,Peixe,Vermelho,Chocolate,Caminhos,Branco
Comestivel,Nenhum,Cinzento,Rosa,Gramados,Branco
Comestivel,Nenhum,Castanho,Castanho,Folhas Mortas,Castanho
Comestivel,Nenhum,Castanho,Amarelo,Folhas Mortas,Castanho
Venenoso,Fétido,Castanho,Chocolate,Madeira/Árvores,Branco
Comestivel,Nenhum,Cinzento,Branco,Caminhos,Branco
Comestivel,Nenhum,Cinzento,Branco,Gramados,Branco
Venenoso,Picante,Castanho,Chocolate,Folhas Mortas,Branco
Comestivel,Nenhum,Cinzento,Rosa,Gramados,Branco
Venenoso,Fétido,Castanho,Chocolate,Caminhos,Branco
Venenoso,Peixe,Vermelho,Chocolate,Madeira/Árvores,Branco
Venenoso,Picante,Castanho,Chocolate,Madeira/Árvores,Branco
Comestivel,Nenhum,Rosa,Branco,Caminhos,Branco
Venenoso,Fétido,Castanho,Chocolate,Madeira/Árvores,Branco
Venenoso,Fétido,Vermelho,Chocolate,Caminhos,Branco
Comestivel,Nenhum,Castanho,Amarelo,Folhas Mortas,Chocolate
Venenoso,Fétido,Vermelho,Chocolate,Folhas Mortas,Branco
Venenoso,Peixe,Castanho,Chocolate,Madeira/Árvores,Branco
Venenoso,Peixe,Castanho,Chocolate,Madeira/Árvores,Branco
Venenoso,Picante,Castanho,Chocolate,Caminhos,Branco
Venenoso,Fétido,Vermelho,Chocolate,Caminhos,Branco
Venenoso,Picante,Vermelho,Chocolate,Folhas Mortas,Branco
Comestivel,Nenhum,Castanho,Castanho,Folhas Mortas,Laranja
Venenoso,Picante,Vermelho,Chocolate,Caminhos,Branco
Comestivel,Nenhum,Cinzento,Rosa,Gramados,Branco
Venenoso,Picante,Vermelho,Chocolate,Folhas Mortas,Branco
Venenoso,Peixe,Vermelho,Chocolate,Folhas Mortas,Branco
Comestivel,Nenhum,Castanho,Castanho,Folhas Mortas,Laranja
Venenoso,Picante,Castanho,Chocolate,Folhas Mortas,Branco
Comestivel,Nenhum,Cinzento,Rosa,Gramados,Branco
Comestivel,Nenhum,Castanho,Castanho,Folhas Mortas,Laranja
Venenoso,Picante,Vermelho,Chocolate,Caminhos,Branco
Venenoso,Picante,Castanho,Chocolate,Madeira/Árvores,Branco
Comestivel,Nenhum,Castanho,Branco,Caminhos,Branco
Comestivel,Nenhum,Cinzento,Cinzento,Gramados,Branco
Comestivel,Nenhum,Branco,Branco,Gramados,Branco
Comestivel,Nenhum,Castanho,Castanho,Folhas Mortas,Chocolate
Venenoso,Picante,Vermelho,Chocolate,Caminhos,Branco
Venenoso,Peixe,Vermelho,Chocolate,Folhas Mortas,Branco
Comestivel,Nenhum,Castanho,Branco,Caminhos,Branco
Comestivel,Nenhum,Cinzento,Rosa,Gramados,Branco
Venenoso,Fétido,Castanho,Chocolate,Caminhos,Branco
Venenoso,Fétido,Vermelho,Chocolate,Folhas Mortas,Branco
Venenoso,Fétido,Castanho,Chocolate,Madeira/Árvores,Branco
Venenoso,Fétido,Castanho,Chocolate,Folhas Mortas,Branco
Comestivel,Nenhum,Castanho,Amarelo,Folhas Mortas,Chocolate
Venenoso,Fétido,Vermelho,Chocolate,Madeira/Árvores,Branco
Venenoso,Picante,Castanho,Chocolate,Caminhos,Branco
Venenoso,Fétido,Castanho,Chocolate,Folhas Mortas,Branco
Comestivel,Nenhum,Castanho,Castanho,Folhas Mortas,Amarelo
Comestivel,Nenhum,Cinzento,Cinzento,Gramados,Branco
Venenoso,Picante,Castanho,Chocolate,Caminhos,Branco
Venenoso,Fétido,Castanho,Chocolate,Caminhos,Branco
Comestivel,Nenhum,Cinzento,Branco,Gramados,Branco
Venenoso,Picante,Castanho,Chocolate,Madeira/Árvores,Branco
Venenoso,Picante,Vermelho,Chocolate,Madeira/Árvores,Branco
Venenoso,Peixe,Vermelho,Chocolate,Folhas Mortas,Branco
Comestivel,Nenhum,Castanho,Laranja,Folhas Mortas,Laranja
Comestivel,Nenhum,Cinzento,Cinzento,Gramados,Branco
Venenoso,Mofado,Vermelho,Branco,Madeira/Árvores,Branco
Venenoso,Fétido,Castanho,Chocolate,Caminhos,Branco
Venenoso,Fétido,Vermelho,Chocolate,Madeira/Árvores,Branco
Venenoso,Peixe,Vermelho,Chocolate,Madeira/Árvores,Branco
Venenoso,Fétido,Castanho,Chocolate,Madeira/Árvores,Branco
Venenoso,Picante,Vermelho,Chocolate,Folhas Mortas,Branco
Venenoso,Picante,Vermelho,Chocolate,Madeira/Árvores,Branco
Venenoso,Peixe,Vermelho,Chocolate,Caminhos,Branco
Venenoso,Picante,Vermelho,Chocolate,Madeira/Árvores,Branco
Venenoso,Peixe,Castanho,Chocolate,Madeira/Árvores,Branco
Comestivel,Nenhum,Cinzento,Branco,Gramados,Branco
Venenoso,Mofado,Castanho,Amarelo,Madeira/Árvores,Branco
Comestivel,Nenhum,Castanho,Branco,Caminhos,Branco
Venenoso,Peixe,Castanho,Chocolate,Caminhos,Branco
Venenoso,Nenhum,Amarelo,Amarelo,Folhas Mortas,Branco
Venenoso,Picante,Castanho,Chocolate,Folhas Mortas,Branco
Venenoso,Mofado,Vermelho,Amarelo,Madeira/Árvores,Branco
Comestivel,Nenhum,Cinzento,Rosa,Gramados,Branco
Venenoso,Peixe,Castanho,Chocolate,Madeira/Árvores,Branco
Venenoso,Picante,Castanho,Chocolate,Folhas Mortas,Branco
Venenoso,Peixe,Castanho,Chocolate,Madeira/Árvores,Branco
Comestivel,Nenhum,Castanho,Castanho,Folhas Mortas,Amarelo
Venenoso,Picante,Castanho,Chocolate,Madeira/Árvores,Branco
Venenoso,Fétido,Castanho,Chocolate,Madeira/Árvores,Branco
Venenoso,Picante,Castanho,Chocolate,Caminhos,Branco
Venenoso,Picante,Vermelho,Chocolate,Folhas Mortas,Branco
Venenoso,Picante,Castanho,Chocolate,Caminhos,Branco
Venenoso,Picante,Vermelho,Chocolate,Madeira/Árvores,Branco
Venenoso,Peixe,Castanho,Chocolate,Caminhos,Branco
Comestivel,Nenhum,Branco,Rosa,Gramados,Branco
Comestivel,Nenhum,Cinzento,Cinzento,Gramados,Branco
Comestivel,Nenhum,Branco,Branco,Gramados,Branco
Venenoso,Picante,Castanho,Chocolate,Madeira/Árvores,Branco
Venenoso,Fétido,Vermelho,Chocolate,Madeira/Árvores,Branco
Venenoso,Peixe,Vermelho,Chocolate,Caminhos,Branco
Venenoso,Fétido,Vermelho,Chocolate,Madeira/Árvores,Branco
Venenoso,Peixe,Castanho,Chocolate,Caminhos,Branco
Venenoso,Fétido,Castanho,Chocolate,Folhas Mortas,Branco
Venenoso,Peixe,Vermelho,Chocolate,Caminhos,Branco
Venenoso,Peixe,Castanho,Chocolate,Madeira/Árvores,Branco
Venenoso,Picante,Vermelho,Chocolate,Madeira/Árvores,Branco
Comestivel,Nenhum,Castanho,Laranja,Folhas Mortas,Laranja
Venenoso,Picante,Castanho,Chocolate,Madeira/Árvores,Branco
Venenoso,Picante,Castanho,Chocolate,Folhas Mortas,Branco
Comestivel,Nenhum,Cinzento,Cinzento,Gramados,Branco
Comestivel,Nenhum,Branco,Rosa,Gramados,Branco
Venenoso,Picante,Castanho,Chocolate,Madeira/Árvores,Branco
Comestivel,Nenhum,Castanho,Castanho,Folhas Mortas,Laranja
Venenoso,Picante,Castanho,Chocolate,Folhas Mortas,Branco
Venenoso,Picante,Castanho,Chocolate,Folhas Mortas,Branco
Venenoso,Picante,Castanho,Chocolate,Caminhos,Branco
Venenoso,Picante,Vermelho,Chocolate,Folhas Mortas,Branco
Venenoso,Fétido,Castanho,Chocolate,Folhas Mortas,Branco
Comestivel,Nenhum,Castanho,Amarelo,Folhas Mortas,Chocolate
Comestivel,Nenhum,Castanho,Laranja,Folhas Mortas,Castanho
Comestivel,Nenhum,Branco,Cinzento,Gramados,Branco
Venenoso,Peixe,Castanho,Chocolate,Folhas Mortas,Branco
Comestivel,Nenhum,Castanho,Castanho,Folhas Mortas,Castanho
Venenoso,Picante,Castanho,Chocolate,Madeira/Árvores,Branco
Comestivel,Nenhum,Cinzento,Cinzento,Gramados,Branco
Comestivel,Nenhum,Cinzento,Rosa,Gramados,Branco
Venenoso,Picante,Castanho,Chocolate,Madeira/Árvores,Branco
Comestivel,Nenhum,Castanho,Castanho,Folhas Mortas,Chocolate
Comestivel,Nenhum,Branco,Rosa,Gramados,Branco
Comestivel,Nenhum,Castanho,Branco,Caminhos,Branco
Comestivel,Nenhum,Cinzento,Cinzento,Gramados,Branco
Comestivel,Nenhum,Branco,Cinzento,Gramados,Branco
Venenoso,Mofado,Canela,Amarelo,Madeira/Árvores,Branco
Comestivel,Nenhum,Castanho,Amarelo,Folhas Mortas,Amarelo
Venenoso,Peixe,Vermelho,Chocolate,Folhas Mortas,Branco
Venenoso,Picante,Vermelho,Chocolate,Folhas Mortas,Branco
Comestivel,Nenhum,Branco,Rosa,Gramados,Branco
Comestivel,Nenhum,Branco,Cinzento,Gramados,Branco
Comestivel,Nenhum,Cinzento,Rosa,Gramados,Branco
Comestivel,Nenhum,Castanho,Castanho,Folhas Mortas,Chocolate
Venenoso,Fétido,Castanho,Chocolate,Caminhos,Branco
Venenoso,Picante,Vermelho,Chocolate,Caminhos,Branco
Venenoso,Picante,Vermelho,Chocolate,Folhas Mortas,Branco
Comestivel,Nenhum,Castanho,Amarelo,Folhas Mortas,Castanho
Comestivel,Nenhum,Rosa,Branco,Caminhos,Branco
Venenoso,Fétido,Castanho,Chocolate,Caminhos,Branco
Comestivel,Nenhum,Branco,Cinzento,Gramados,Branco
Venenoso,Peixe,Vermelho,Chocolate,Caminhos,Branco
Comestivel,Nenhum,Branco,Rosa,Gramados,Branco
Venenoso,Picante,Castanho,Chocolate,Folhas Mortas,Branco
Venenoso,Picante,Castanho,Chocolate,Folhas Mortas,Branco
Comestivel,Nenhum,Castanho,Amarelo,Folhas Mortas,Chocolate
Venenoso,Peixe,Castanho,Chocolate,Folhas Mortas,Branco
Venenoso,Fétido,Vermelho,Chocolate,Madeira/Árvores,Branco
Comestivel,Nenhum,Castanho,Castanho,Folhas Mortas,Amarelo
Comestivel,Nenhum,Branco,Cinzento,Gramados,Branco
Comestivel,Nenhum,Cinzento,Branco,Gramados,Branco
Comestivel,Nenhum,Castanho,Castanho,Folhas Mortas,Chocolate
Venenoso,Peixe,Castanho,Chocolate,Caminhos,Branco
Venenoso,Peixe,Vermelho,Chocolate,Caminhos,Branco
Comestivel,Nenhum,Branco,Cinzento,Gramados,Branco
Venenoso,Peixe,Vermelho,Chocolate,Madeira/Árvores,Branco
Comestivel,Nenhum,Cinzento,Branco,Gramados,Branco
Venenoso,Picante,Castanho,Chocolate,Folhas Mortas,Branco
Venenoso,Fétido,Castanho,Chocolate,Madeira/Árvores,Branco
Venenoso,Picante,Vermelho,Chocolate,Madeira/Árvores,Branco
Comestivel,Nenhum,Castanho,Branco,Caminhos,Branco
Venenoso,Peixe,Vermelho,Chocolate,Folhas Mortas,Branco
Venenoso,Peixe,Castanho,Chocolate,Caminhos,Branco
Comestivel,Nenhum,Cinzento,Cinzento,Gramados,Branco
Venenoso,Picante,Castanho,Chocolate,Folhas Mortas,Branco
Venenoso,Fétido,Castanho,Chocolate,Caminhos,Branco
Comestivel,Nenhum,Cinzento,Branco,Gramados,Branco
Venenoso,Fétido,Castanho,Chocolate,Folhas Mortas,Branco
Venenoso,Peixe,Vermelho,Chocolate,Folhas Mortas,Branco
Venenoso,Picante,Castanho,Chocolate,Caminhos,Branco
Venenoso,Peixe,Vermelho,Chocolate,Madeira/Árvores,Branco
Comestivel,Nenhum,Branco,Cinzento,Gramados,Branco
Venenoso,Peixe,Vermelho,Chocolate,Madeira/Árvores,Branco
Venenoso,Picante,Vermelho,Chocolate,Madeira/Árvores,Branco
Comestivel,Nenhum,Branco,Cinzento,Gramados,Branco
Comestivel,Nenhum,Cinzento,Cinzento,Gramados,Branco
Comestivel,Nenhum,Cinzento,Branco,Gramados,Branco
Venenoso,Picante,Vermelho,Chocolate,Caminhos,Branco
Venenoso,Peixe,Castanho,Chocolate,Caminhos,Branco
Venenoso,Peixe,Vermelho,Chocolate,Madeira/Árvores,Branco
Comestivel,Nenhum,Branco,Branco,Gramados,Branco
Venenoso,Fétido,Vermelho,Chocolate,Madeira/Árvores,Branco
Venenoso,Picante,Castanho,Chocolate,Madeira/Árvores,Branco
Comestivel,Nenhum,Branco,Rosa,Gramados,Branco
Venenoso,Peixe,Vermelho,Chocolate,Madeira/Árvores,Branco
Venenoso,Fétido,Vermelho,Chocolate,Folhas Mortas,Branco
Venenoso,Picante,Castanho,Chocolate,Madeira/Árvores,Branco
Comestivel,Nenhum,Castanho,Branco,Caminhos,Branco
Venenoso,Fétido,Castanho,Chocolate,Caminhos,Branco
Venenoso,Fétido,Vermelho,Chocolate,Caminhos,Branco
Venenoso,Nenhum,Amarelo,Branco,Folhas Mortas,Branco
Venenoso,Fétido,Vermelho,Chocolate,Folhas Mortas,Branco
Comestivel,Nenhum,Castanho,Branco,Caminhos,Branco
Venenoso,Fétido,Vermelho,Chocolate,Caminhos,Branco
Comestivel,Nenhum,Cinzento,Rosa,Gramados,Branco
Venenoso,Picante,Vermelho,Chocolate,Madeira/Árvores,Branco
Venenoso,Fétido,Vermelho,Chocolate,Madeira/Árvores,Branco
Venenoso,Peixe,Castanho,Chocolate,Folhas Mortas,Branco
Venenoso,Peixe,Castanho,Chocolate,Folhas Mortas,Branco
Comestivel,Nenhum,Cinzento,Rosa,Gramados,Branco
Comestivel,Nenhum,Branco,Cinzento,Gramados,Branco
Venenoso,Picante,Vermelho,Chocolate,Madeira/Árvores,Branco
Comestivel,Nenhum,Castanho,Amarelo,Folhas Mortas,Castanho
Venenoso,Peixe,Vermelho,Chocolate,Caminhos,Branco
Venenoso,Peixe,Vermelho,Chocolate,Caminhos,Branco
Comestivel,Nenhum,Cinzento,Cinzento,Gramados,Branco
Venenoso,Peixe,Vermelho,Chocolate,Caminhos,Branco
Comestivel,Nenhum,Castanho,Castanho,Folhas Mortas,Laranja
Venenoso,Peixe,Castanho,Chocolate,Caminhos,Branco
Venenoso,Peixe,Vermelho,Chocolate,Madeira/Árvores,Branco
Venenoso,Peixe,Castanho,Chocolate,Folhas Mortas,Branco
Venenoso,Peixe,Castanho,Chocolate,Folhas Mortas,Branco
Comestivel,Nenhum,Cinzento,Cinzento,Gramados,Branco
Comestivel,Nenhum,Branco,Cinzento,Gramados,Branco
Venenoso,Peixe,Castanho,Chocolate,Folhas Mortas,Branco
Venenoso,Fétido,Castanho,Chocolate,Madeira/Árvores,Branco
Comestivel,Nenhum,Branco,Rosa,Gramados,Branco
Comestivel,Nenhum,Castanho,Laranja,Folhas Mortas,Chocolate
Venenoso,Picante,Castanho,Chocolate,Caminhos,Branco
Venenoso,Picante,Castanho,Chocolate,Folhas Mortas,Branco
Comestivel,Nenhum,Castanho,Laranja,Folhas Mortas,Chocolate
Comestivel,Nenhum,Branco,Branco,Gramados,Branco
Comestivel,Nenhum,Branco,Branco,Gramados,Branco
Venenoso,Peixe,Vermelho,Chocolate,Caminhos,Branco
Venenoso,Fétido,Vermelho,Chocolate,Folhas Mortas,Branco
Venenoso,Mofado,Vermelho,Amarelo,Madeira/Árvores,Branco
Comestivel,Nenhum,Castanho,Amarelo,Folhas Mortas,Amarelo
Venenoso,Fétido,Castanho,Chocolate,Madeira/Árvores,Branco
Venenoso,Picante,Castanho,Chocolate,Madeira/Árvores,Branco
Venenoso,Picante,Vermelho,Chocolate,Madeira/Árvores,Branco
Comestivel,Nenhum,Branco,Rosa,Gramados,Branco
Comestivel,Nenhum,Cinzento,Rosa,Gramados,Branco
Comestivel,Nenhum,Cinzento,Cinzento,Gramados,Branco
Comestivel,Nenhum,Cinzento,Rosa,Gramados,Branco
Comestivel,Nenhum,Branco,Branco,Gramados,Branco
Venenoso,Picante,Vermelho,Chocolate,Caminhos,Branco
Venenoso,Picante,Vermelho,Chocolate,Folhas Mortas,Branco
Venenoso,Picante,Vermelho,Chocolate,Folhas Mortas,Branco
Venenoso,Fétido,Castanho,Chocolate,Folhas Mortas,Branco
Comestivel,Nenhum,Branco,Rosa,Gramados,Branco
Comestivel,Nenhum,Branco,Branco,Gramados,Branco
Comestivel,Nenhum,Branco,Rosa,Gramados,Branco
Comestivel,Nenhum,Castanho,Castanho,Folhas Mortas,Chocolate
Venenoso,Picante,Vermelho,Chocolate,Madeira/Árvores,Branco
Venenoso,Fétido,Castanho,Chocolate,Caminhos,Branco
Venenoso,Peixe,Castanho,Chocolate,Caminhos,Branco
Venenoso,Peixe,Castanho,Chocolate,Madeira/Árvores,Branco
Venenoso,Fétido,Vermelho,Chocolate,Folhas Mortas,Branco
Comestivel,Nenhum,Castanho,Amarelo,Folhas Mortas,Laranja
Comestivel,Nenhum,Branco,Branco,Gramados,Branco
Venenoso,Peixe,Castanho,Chocolate,Madeira/Árvores,Branco
Venenoso,Peixe,Castanho,Chocolate,Madeira/Árvores,Branco
Comestivel,Nenhum,Cinzento,Branco,Gramados,Branco
Venenoso,Picante,Castanho,Chocolate,Madeira/Árvores,Branco
Comestivel,Nenhum,Castanho,Laranja,Folhas Mortas,Amarelo
Comestivel,Nenhum,Castanho,Amarelo,Folhas Mortas,Castanho
Venenoso,Picante,Vermelho,Chocolate,Caminhos,Branco
Venenoso,Picante,Vermelho,Chocolate,Madeira/Árvores,Branco
Venenoso,Picante,Castanho,Chocolate,Caminhos,Branco
Venenoso,Picante,Vermelho,Chocolate,Caminhos,Branco
Venenoso,Fétido,Castanho,Chocolate,Madeira/Árvores,Branco
Comestivel,Nenhum,Cinzento,Branco,Gramados,Branco
Venenoso,Fétido,Castanho,Chocolate,Madeira/Árvores,Branco
Comestivel,Nenhum,Canela,Branco,Caminhos,Branco
Comestivel,Nenhum,Castanho,Castanho,Folhas Mortas,Castanho
Venenoso,Peixe,Vermelho,Chocolate,Folhas Mortas,Branco
Venenoso,Fétido,Castanho,Chocolate,Madeira/Árvores,Branco
Venenoso,Fétido,Castanho,Chocolate,Caminhos,Branco
Comestivel,Nenhum,Cinzento,Cinzento,Gramados,Branco
Venenoso,Picante,Castanho,Chocolate,Caminhos,Branco
Comestivel,Nenhum,Branco,Rosa,Gramados,Branco
Venenoso,Fétido,Vermelho,Chocolate,Folhas Mortas,Branco
Comestivel,Nenhum,Branco,Rosa,Gramados,Branco
Venenoso,Fétido,Vermelho,Chocolate,Folhas Mortas,Branco
Venenoso,Picante,Vermelho,Chocolate,Madeira/Árvores,Branco
Comestivel,Nenhum,Branco,Branco,Gramados,Branco
Venenoso,Fétido,Vermelho,Chocolate,Madeira/Árvores,Branco
Venenoso,Picante,Castanho,Chocolate,Caminhos,Branco
Comestivel,Nenhum,Castanho,Laranja,Folhas Mortas,Laranja
Comestivel,Nenhum,Castanho,Laranja,Folhas Mortas,Castanho
Venenoso,Peixe,Vermelho,Chocolate,Folhas Mortas,Branco
Venenoso,Picante,Vermelho,Chocolate,Caminhos,Branco
Comestivel,Nenhum,Castanho,Amarelo,Folhas Mortas,Castanho
Venenoso,Peixe,Castanho,Chocolate,Madeira/Árvores,Branco
Venenoso,Fétido,Vermelho,Chocolate,Madeira/Árvores,Branco
Venenoso,Picante,Vermelho,Chocolate,Madeira/Árvores,Branco
Venenoso,Fétido,Vermelho,Chocolate,Madeira/Árvores,Branco
Venenoso,Fétido,Vermelho,Chocolate,Folhas Mortas,Branco
Comestivel,Nenhum,Branco,Branco,Gramados,Branco
Comestivel,Nenhum,Castanho,Laranja,Folhas Mortas,Castanho
Venenoso,Picante,Vermelho,Chocolate,Madeira/Árvores,Branco
Comestivel,Nenhum,Castanho,Amarelo,Folhas Mortas,Chocolate
Comestivel,Nenhum,Castanho,Branco,Caminhos,Branco
Venenoso,Peixe,Vermelho,Chocolate,Folhas Mortas,Branco
Comestivel,Nenhum,Cinzento,Branco,Caminhos,Branco
Comestivel,Nenhum,Rosa,Branco,Caminhos,Branco
Venenoso,Nenhum,Amarelo,Branco,Folhas Mortas,Branco
Venenoso,Fétido,Vermelho,Chocolate,Caminhos,Branco
Venenoso,Fétido,Vermelho,Chocolate,Madeira/Árvores,Branco
Venenoso,Mofado,Vermelho,Amarelo,Madeira/Árvores,Branco
Comestivel,Nenhum,Castanho,Amarelo,Folhas Mortas,Laranja
Venenoso,Picante,Castanho,Chocolate,Folhas Mortas,Branco
Comestivel,Nenhum,Branco,Cinzento,Gramados,Branco
Venenoso,Fétido,Vermelho,Chocolate,Folhas Mortas,Branco
Venenoso,Mofado,Canela,Branco,Madeira/Árvores,Branco
Venenoso,Picante,Castanho,Chocolate,Folhas Mortas,Branco
Comestivel,Nenhum,Castanho,Laranja,Folhas Mortas,Chocolate
Comestivel,Nenhum,Castanho,Branco,Madeira/Árvores,Branco
Venenoso,Picante,Castanho,Chocolate,Madeira/Árvores,Branco
Venenoso,Peixe,Castanho,Chocolate,Caminhos,Branco
Comestivel,Nenhum,Cinzento,Branco,Gramados,Branco
Comestivel,Nenhum,Castanho,Branco,Caminhos,Branco
Venenoso,Picante,Castanho,Chocolate,Caminhos,Branco
Comestivel,Nenhum,Castanho,Laranja,Folhas Mortas,Amarelo
Comestivel,Nenhum,Branco,Branco,Gramados,Branco
Comestivel,Nenhum,Branco,Cinzento,Gramados,Branco
Venenoso,Peixe,Castanho,Chocolate,Madeira/Árvores,Branco
Venenoso,Mofado,Castanho,Amarelo,Madeira/Árvores,Branco
Venenoso,Picante,Vermelho,Chocolate,Caminhos,Branco
Comestivel,Nenhum,Castanho,Laranja,Folhas Mortas,Chocolate
Venenoso,Fétido,Vermelho,Chocolate,Caminhos,Branco
Venenoso,Picante,Vermelho,Chocolate,Folhas Mortas,Branco
Venenoso,Peixe,Castanho,Chocolate,Folhas Mortas,Branco
Venenoso,Picante,Vermelho,Chocolate,Madeira/Árvores,Branco
Venenoso,Fétido,Castanho,Chocolate,Folhas Mortas,Branco
Venenoso,Fétido,Vermelho,Chocolate,Madeira/Árvores,Branco
Comestivel,Nenhum,Cinzento,Rosa,Gramados,Branco
Comestivel,Nenhum,Castanho,Laranja,Folhas Mortas,Amarelo
Venenoso,Picante,Castanho,Chocolate,Caminhos,Branco
Venenoso,Nenhum,Amarelo,Branco,Folhas Mortas,Branco
Comestivel,Nenhum,Branco,Rosa,Gramados,Branco
Comestivel,Nenhum,Castanho,Castanho,Folhas Mortas,Amarelo
Venenoso,Picante,Castanho,Chocolate,Caminhos,Branco
Comestivel,Nenhum,Cinzento,Rosa,Gramados,Branco
Comestivel,Nenhum,Branco,Branco,Gramados,Branco
Comestivel,Nenhum,Castanho,Laranja,Folhas Mortas,Chocolate
Comestivel,Nenhum,Branco,Rosa,Gramados,Branco
Comestivel,Nenhum,Cinzento,Branco,Gramados,Branco
Comestivel,Nenhum,Branco,Branco,Gramados,Branco
Comestivel,Nenhum,Branco,Rosa,Gramados,Branco
Venenoso,Fétido,Castanho,Chocolate,Madeira/Árvores,Branco
Venenoso,Picante,Vermelho,Chocolate,Madeira/Árvores,Branco
Comestivel,Nenhum,Cinzento,Rosa,Gramados,Branco
Comestivel,Nenhum,Branco,Rosa,Gramados,Branco
Venenoso,Fétido,Castanho,Chocolate,Caminhos,Branco
Venenoso,Picante,Castanho,Chocolate,Madeira/Árvores,Branco
Venenoso,Fétido,Castanho,Chocolate,Caminhos,Branco
Venenoso,Fétido,Vermelho,Chocolate,Caminhos,Branco
Venenoso,Picante,Vermelho,Chocolate,Folhas Mortas,Branco
Comestivel,Nenhum,Castanho,Amarelo,Folhas Mortas,Castanho
Venenoso,Picante,Vermelho,Chocolate,Caminhos,Branco
Comestivel,Nenhum,Cinzento,Rosa,Gramados,Branco
Comestivel,Nenhum,Castanho,Laranja,Folhas Mortas,Amarelo
Comestivel,Nenhum,Branco,Branco,Gramados,Branco
Venenoso,Picante,Vermelho,Chocolate,Caminhos,Branco
Comestivel,Nenhum,Castanho,Amarelo,Folhas Mortas,Castanho
Venenoso,Fétido,Castanho,Chocolate,Madeira/Árvores,Branco
Venenoso,Fétido,Vermelho,Chocolate,Madeira/Árvores,Branco
Venenoso,Picante,Vermelho,Chocolate,Caminhos,Branco
Comestivel,Nenhum,Branco,Rosa,Gramados,Branco
Venenoso,Fétido,Castanho,Chocolate,Madeira/Árvores,Branco
Venenoso,Picante,Vermelho,Chocolate,Madeira/Árvores,Branco
Comestivel,Nenhum,Cinzento,Branco,Gramados,Branco
Venenoso,Peixe,Castanho,Chocolate,Madeira/Árvores,Branco
Venenoso,Peixe,Castanho,Chocolate,Caminhos,Branco
Venenoso,Fétido,Vermelho,Chocolate,Folhas Mortas,Branco
Comestivel,Nenhum,Branco,Rosa,Gramados,Branco
Comestivel,Nenhum,Branco,Cinzento,Gramados,Branco
Venenoso,Picante,Castanho,Chocolate,Caminhos,Branco
Comestivel,Nenhum,Castanho,Branco,Madeira/Árvores,Branco
Venenoso,Peixe,Vermelho,Chocolate,Madeira/Árvores,Branco
Venenoso,Picante,Vermelho,Chocolate,Folhas Mortas,Branco
Comestivel,Nenhum,Castanho,Amarelo,Folhas Mortas,Laranja
Comestivel,Nenhum,Cinzento,Branco,Gramados,Branco
Venenoso,Fétido,Vermelho,Chocolate,Folhas Mortas,Branco
Venenoso,Picante,Castanho,Chocolate,Folhas Mortas,Branco
Venenoso,Fétido,Castanho,Chocolate,Caminhos,Branco
Venenoso,Fétido,Castanho,Chocolate,Madeira/Árvores,Branco
Comestivel,Nenhum,Castanho,Laranja,Folhas Mortas,Amarelo
Venenoso,Peixe,Castanho,Chocolate,Madeira/Árvores,Branco
Comestivel,Nenhum,Branco,Branco,Gramados,Branco
Comestivel,Nenhum,Castanho,Amarelo,Folhas Mortas,Chocolate
Venenoso,Picante,Castanho,Chocolate,Caminhos,Branco
Venenoso,Peixe,Castanho,Chocolate,Caminhos,Branco
Venenoso,Picante,Vermelho,Chocolate,Madeira/Árvores,Branco
Comestivel,Nenhum,Branco,Rosa,Gramados,Branco
Venenoso,Peixe,Vermelho,Chocolate,Folhas Mortas,Branco
Comestivel,Nenhum,Branco,Branco,Gramados,Branco
Venenoso,Picante,Vermelho,Chocolate,Madeira/Árvores,Branco
Venenoso,Picante,Vermelho,Chocolate,Madeira/Árvores,Branco
Venenoso,Picante,Castanho,Chocolate,Madeira/Árvores,Branco
Venenoso,Mofado,Canela,Branco,Madeira/Árvores,Branco
Venenoso,Picante,Castanho,Chocolate,Madeira/Árvores,Branco
Comestivel,Nenhum,Cinzento,Branco,Gramados,Branco
Venenoso,Peixe,Vermelho,Chocolate,Folhas Mortas,Branco
Venenoso,Mofado,Castanho,Branco,Madeira/Árvores,Branco
Venenoso,Peixe,Vermelho,Chocolate,Folhas Mortas,Branco
Comestivel,Nenhum,Castanho,Castanho,Folhas Mortas,Chocolate
Venenoso,Picante,Castanho,Chocolate,Caminhos,Branco
Comestivel,Nenhum,Cinzento,Cinzento,Gramados,Branco
Comestivel,Nenhum,Branco,Rosa,Gramados,Branco
Comestivel,Nenhum,Castanho,Amarelo,Folhas Mortas,Amarelo
Venenoso,Picante,Castanho,Chocolate,Folhas Mortas,Branco
Comestivel,Nenhum,Castanho,Amarelo,Folhas Mortas,Laranja
Comestivel,Nenhum,Branco,Cinzento,Gramados,Branco
Venenoso,Picante,Vermelho,Chocolate,Folhas Mortas,Branco
Venenoso,Peixe,Vermelho,Chocolate,Caminhos,Branco
Comestivel,Nenhum,Cinzento,Branco,Gramados,Branco
Comestivel,Nenhum,Cinzento,Cinzento,Gramados,Branco
Venenoso,Fétido,Castanho,Chocolate,Madeira/Árvores,Branco
Venenoso,Mofado,Vermelho,Branco,Madeira/Árvores,Branco
Venenoso,Fétido,Vermelho,Chocolate,Caminhos,Branco
Venenoso,Fétido,Castanho,Chocolate,Caminhos,Branco
Comestivel,Nenhum,Branco,Rosa,Gramados,Branco
Venenoso,Fétido,Vermelho,Chocolate,Folhas Mortas,Branco
Comestivel,Nenhum,Castanho,Amarelo,Folhas Mortas,Chocolate
Venenoso,Picante,Castanho,Chocolate,Madeira/Árvores,Branco
Venenoso,Picante,Castanho,Chocolate,Caminhos,Branco
Comestivel,Nenhum,Castanho,Amarelo,Folhas Mortas,Amarelo
Comestivel,Nenhum,Castanho,Laranja,Folhas Mortas,Castanho
Comestivel,Nenhum,Cinzento,Branco,Gramados,Branco
Comestivel,Nenhum,Castanho,Amarelo,Folhas Mortas,Amarelo
Venenoso,Peixe,Vermelho,Chocolate,Folhas Mortas,Branco
Comestivel,Nenhum,Castanho,Castanho,Folhas Mortas,Chocolate
Comestivel,Nenhum,Castanho,Amarelo,Folhas Mortas,Castanho
Venenoso,Peixe,Vermelho,Chocolate,Madeira/Árvores,Branco
Comestivel,Nenhum,Castanho,Amarelo,Folhas Mortas,Castanho
Venenoso,Fétido,Vermelho,Chocolate,Madeira/Árvores,Branco
Comestivel,Nenhum,Cinzento,Cinzento,Gramados,Branco
Venenoso,Peixe,Castanho,Chocolate,Madeira/Árvores,Branco
Comestivel,Nenhum,Castanho,Castanho,Folhas Mortas,Chocolate
Venenoso,Picante,Castanho,Chocolate,Folhas Mortas,Branco
Comestivel,Nenhum,Cinzento,Branco,Gramados,Branco
Comestivel,Nenhum,Cinzento,Cinzento,Gramados,Branco
Comestivel,Nenhum,Castanho,Amarelo,Folhas Mortas,Chocolate
Comestivel,Nenhum,Castanho,Amarelo,Folhas Mortas,Chocolate
Venenoso,Peixe,Vermelho,Chocolate,Madeira/Árvores,Branco
Comestivel,Nenhum,Cinzento,Branco,Gramados,Branco
Venenoso,Fétido,Castanho,Chocolate,Madeira/Árvores,Branco
Venenoso,Picante,Vermelho,Chocolate,Madeira/Árvores,Branco
Venenoso,Fétido,Castanho,Chocolate,Caminhos,Branco
Venenoso,Fétido,Vermelho,Chocolate,Madeira/Árvores,Branco
Venenoso,Picante,Castanho,Chocolate,Folhas Mortas,Branco
Venenoso,Picante,Vermelho,Chocolate,Folhas Mortas,Branco
Comestivel,Nenhum,Branco,Cinzento,Gramados,Branco
Venenoso,Picante,Castanho,Chocolate,Folhas Mortas,Branco
Venenoso,Peixe,Vermelho,Chocolate,Caminhos,Branco
Venenoso,Picante,Vermelho,Chocolate,Caminhos,Branco
Comestivel,Nenhum,Cinzento,Branco,Gramados,Branco
Comestivel,Nenhum,Castanho,Laranja,Folhas Mortas,Laranja
Comestivel,Nenhum,Branco,Rosa,Gramados,Branco
Venenoso,Fétido,Castanho,Chocolate,Folhas Mortas,Branco
Venenoso,Fétido,Castanho,Chocolate,Folhas Mortas,Branco
Venenoso,Picante,Castanho,Chocolate,Madeira/Árvores,Branco
Venenoso,Fétido,Vermelho,Chocolate,Caminhos,Branco
Venenoso,Fétido,Vermelho,Chocolate,Madeira/Árvores,Branco
Comestivel,Nenhum,Castanho,Laranja,Folhas Mortas,Chocolate
Comestivel,Nenhum,Cinzento,Cinzento,Gramados,Branco
Venenoso,Fétido,Vermelho,Chocolate,Folhas Mortas,Branco
Venenoso,Fétido,Vermelho,Chocolate,Folhas Mortas,Branco
Comestivel,Nenhum,Branco,Cinzento,Gramados,Branco
Comestivel,Nenhum,Castanho,Amarelo,Folhas Mortas,Chocolate
Comestivel,Nenhum,Branco,Rosa,Gramados,Branco
Venenoso,Picante,Vermelho,Chocolate,Madeira/Árvores,Branco
Venenoso,Fétido,Castanho,Chocolate,Caminhos,Branco
Venenoso,Peixe,Vermelho,Chocolate,Folhas Mortas,Branco
Venenoso,Peixe,Castanho,Chocolate,Madeira/Árvores,Branco
Venenoso,Picante,Castanho,Chocolate,Folhas Mortas,Branco
Comestivel,Nenhum,Castanho,Laranja,Folhas Mortas,Castanho
Venenoso,Fétido,Castanho,Chocolate,Madeira/Árvores,Branco
Venenoso,Picante,Castanho,Chocolate,Madeira/Árvores,Branco
Venenoso,Fétido,Vermelho,Chocolate,Folhas Mortas,Branco
Comestivel,Nenhum,Branco,Rosa,Gramados,Branco
Venenoso,Peixe,Vermelho,Chocolate,Madeira/Árvores,Branco
Venenoso,Peixe,Castanho,Chocolate,Folhas Mortas,Branco
Venenoso,Fétido,Vermelho,Chocolate,Madeira/Árvores,Branco
Comestivel,Nenhum,Castanho,Laranja,Folhas Mortas,Chocolate
Comestivel,Nenhum,Castanho,Branco,Madeira/Árvores,Branco
Venenoso,Picante,Castanho,Chocolate,Madeira/Árvores,Branco
Venenoso,Picante,Vermelho,Chocolate,Folhas Mortas,Branco
Comestivel,Nenhum,Branco,Cinzento,Gramados,Branco
Venenoso,Picante,Castanho,Chocolate,Caminhos,Branco
Venenoso,Peixe,Castanho,Chocolate,Caminhos,Branco
Comestivel,Nenhum,Castanho,Laranja,Folhas Mortas,Castanho
Comestivel,Nenhum,Cinzento,Rosa,Gramados,Branco
Comestivel,Nenhum,Cinzento,Cinzento,Gramados,Branco
Venenoso,Peixe,Castanho,Chocolate,Caminhos,Branco
Venenoso,Picante,Castanho,Chocolate,Madeira/Árvores,Branco
Comestivel,Nenhum,Cinzento,Branco,Caminhos,Branco
Venenoso,Peixe,Vermelho,Chocolate,Madeira/Árvores,Branco
Comestivel,Nenhum,Branco,Branco,Gramados,Branco
Venenoso,Picante,Castanho,Chocolate,Caminhos,Branco
Venenoso,Peixe,Castanho,Chocolate,Caminhos,Branco
Venenoso,Fétido,Vermelho,Chocolate,Caminhos,Branco
Comestivel,Nenhum,Cinzento,Rosa,Gramados,Branco
Comestivel,Nenhum,Castanho,Castanho,Folhas Mortas,Castanho
Venenoso,Fétido,Vermelho,Chocolate,Caminhos,Branco
Comestivel,Nenhum,Branco,Branco,Gramados,Branco
Venenoso,Fétido,Vermelho,Chocolate,Folhas Mortas,Branco
Comestivel,Nenhum,Cinzento,Rosa,Gramados,Branco
Venenoso,Mofado,Castanho,Amarelo,Madeira/Árvores,Branco
Comestivel,Nenhum,Castanho,Amarelo,Folhas Mortas,Laranja
Comestivel,Nenhum,Cinzento,Rosa,Gramados,Branco
Comestivel,Nenhum,Castanho,Castanho,Folhas Mortas,Laranja
Venenoso,Fétido,Vermelho,Chocolate,Madeira/Árvores,Branco
Comestivel,Nenhum,Castanho,Laranja,Folhas Mortas,Laranja
Comestivel,Nenhum,Cinzento,Branco,Gramados,Branco
Venenoso,Fétido,Castanho,Chocolate,Caminhos,Branco
Comestivel,Nenhum,Branco,Rosa,Gramados,Branco
Comestivel,Nenhum,Rosa,Branco,Caminhos,Branco
Venenoso,Fétido,Vermelho,Chocolate,Folhas Mortas,Branco
Comestivel,Nenhum,Cinzento,Branco,Gramados,Branco
Comestivel,Nenhum,Castanho,Laranja,Folhas Mortas,Amarelo
Venenoso,Fétido,Castanho,Chocolate,Madeira/Árvores,Branco
Venenoso,Peixe,Castanho,Chocolate,Folhas Mortas,Branco
Venenoso,Picante,Vermelho,Chocolate,Caminhos,Branco
Venenoso,Picante,Castanho,Chocolate,Madeira/Árvores,Branco
Comestivel,Nenhum,Castanho,Laranja,Folhas Mortas,Laranja
Venenoso,Picante,Castanho,Chocolate,Caminhos,Branco
Comestivel,Nenhum,Branco,Rosa,Gramados,Branco
Venenoso,Fétido,Vermelho,Chocolate,Caminhos,Branco
Comestivel,Nenhum,Castanho,Branco,Caminhos,Branco
Venenoso,Picante,Vermelho,Chocolate,Caminhos,Branco
Comestivel,Nenhum,Cinzento,Branco,Gramados,Branco
Venenoso,Fétido,Vermelho,Chocolate,Madeira/Árvores,Branco
Venenoso,Peixe,Vermelho,Chocolate,Madeira/Árvores,Branco
Venenoso,Fétido,Castanho,Chocolate,Folhas Mortas,Branco
Comestivel,Nenhum,Castanho,Castanho,Folhas Mortas,Laranja
Comestivel,Nenhum,Branco,Branco,Gramados,Branco
Comestivel,Nenhum,Castanho,Amarelo,Folhas Mortas,Laranja
Comestivel,Nenhum,Cinzento,Branco,Caminhos,Branco
Venenoso,Mofado,Vermelho,Branco,Madeira/Árvores,Branco
Venenoso,Peixe,Vermelho,Chocolate,Madeira/Árvores,Branco
Venenoso,Fétido,Castanho,Chocolate,Caminhos,Branco
Comestivel,Nenhum,Castanho,Amarelo,Folhas Mortas,Amarelo
Comestivel,Nenhum,Castanho,Castanho,Folhas Mortas,Laranja
Comestivel,Nenhum,Canela,Branco,Caminhos,Branco
Venenoso,Picante,Vermelho,Chocolate,Folhas Mortas,Branco
Venenoso,Peixe,Castanho,Chocolate,Folhas Mortas,Branco
Venenoso,Picante,Vermelho,Chocolate,Folhas Mortas,Branco
Venenoso,Peixe,Castanho,Chocolate,Madeira/Árvores,Branco
Venenoso,Fétido,Vermelho,Chocolate,Caminhos,Branco
Comestivel,Nenhum,Canela,Branco,Caminhos,Branco
Comestivel,Nenhum,Castanho,Laranja,Folhas Mortas,Castanho
Comestivel,Nenhum,Branco,Branco,Gramados,Branco
Comestivel,Nenhum,Cinzento,Cinzento,Gramados,Branco
Comestivel,Nenhum,Castanho,Amarelo,Folhas Mortas,Laranja
Comestivel,Nenhum,Castanho,Castanho,Folhas Mortas,Laranja
Comestivel,Nenhum,Branco,Cinzento,Gramados,Branco
Venenoso,Fétido,Vermelho,Chocolate,Folhas Mortas,Branco
Comestivel,Nenhum,Branco,Cinzento,Gramados,Branco
Venenoso,Peixe,Castanho,Chocolate,Caminhos,Branco
Venenoso,Peixe,Vermelho,Chocolate,Madeira/Árvores,Branco
Venenoso,Fétido,Castanho,Chocolate,Madeira/Árvores,Branco
Comestivel,Nenhum,Castanho,Laranja,Folhas Mortas,Amarelo
Comestivel,Nenhum,Castanho,Branco,Caminhos,Branco
Comestivel,Nenhum,Branco,Rosa,Gramados,Branco
Venenoso,Fétido,Castanho,Chocolate,Madeira/Árvores,Branco
Venenoso,Fétido,Castanho,Chocolate,Folhas Mortas,Branco
Venenoso,Peixe,Vermelho,Chocolate,Caminhos,Branco
Comestivel,Nenhum,Castanho,Laranja,Folhas Mortas,Amarelo
Comestivel,Nenhum,Castanho,Amarelo,Folhas Mortas,Castanho
Comestivel,Nenhum,Branco,Branco,Gramados,Branco
Venenoso,Fétido,Vermelho,Chocolate,Caminhos,Branco
Comestivel,Nenhum,Branco,Branco,Gramados,Branco
Comestivel,Nenhum,Branco,Cinzento,Gramados,Branco
Comestivel,Nenhum,Branco,Cinzento,Gramados,Branco
Comestivel,Nenhum,Castanho,Laranja,Folhas Mortas,Laranja
Venenoso,Picante,Vermelho,Chocolate,Caminhos,Branco
Comestivel,Nenhum,Castanho,Amarelo,Folhas Mortas,Laranja
Venenoso,Fétido,Vermelho,Chocolate,Madeira/Árvores,Branco
Venenoso,Mofado,Canela,Amarelo,Madeira/Árvores,Branco
Venenoso,Peixe,Castanho,Chocolate,Madeira/Árvores,Branco
Comestivel,Nenhum,Cinzento,Cinzento,Gramados,Branco
Comestivel,Nenhum,Castanho,Branco,Madeira/Árvores,Branco
Comestivel,Nenhum,Castanho,Amarelo,Folhas Mortas,Amarelo
Comestivel,Nenhum,Castanho,Branco,Caminhos,Branco
Venenoso,Fétido,Castanho,Chocolate,Folhas Mortas,Branco
Comestivel,Nenhum,Castanho,Laranja,Folhas Mortas,Chocolate
Venenoso,Peixe,Castanho,Chocolate,Caminhos,Branco
Venenoso,Fétido,Castanho,Chocolate,Caminhos,Branco
Comestivel,Nenhum,Cinzento,Branco,Gramados,Branco
Venenoso,Fétido,Castanho,Chocolate,Folhas Mortas,Branco
Comestivel,Nenhum,Cinzento,Cinzento,Gramados,Branco
Comestivel,Nenhum,Castanho,Amarelo,Folhas Mortas,Laranja
Venenoso,Peixe,Vermelho,Chocolate,Caminhos,Branco
Comestivel,Nenhum,Castanho,Laranja,Folhas Mortas,Amarelo
Venenoso,Peixe,Castanho,Chocolate,Folhas Mortas,Branco
Venenoso,Picante,Castanho,Chocolate,Caminhos,Branco
Comestivel,Nenhum,Castanho,Castanho,Folhas Mortas,Castanho
Comestivel,Nenhum,Castanho,Castanho,Folhas Mortas,Castanho
Comestivel,Nenhum,Castanho,Branco,Caminhos,Branco
Comestivel,Nenhum,Branco,Branco,Gramados,Branco
Comestivel,Nenhum,Castanho,Castanho,Folhas Mortas,Laranja
Venenoso,Fétido,Castanho,Chocolate,Caminhos,Branco
Venenoso,Picante,Vermelho,Chocolate,Madeira/Árvores,Branco
Venenoso,Peixe,Vermelho,Chocolate,Caminhos,Branco
Venenoso,Fétido,Vermelho,Chocolate,Madeira/Árvores,Branco
Venenoso,Fétido,Vermelho,Chocolate,Caminhos,Branco
Comestivel,Nenhum,Castanho,Laranja,Folhas Mortas,Castanho
Comestivel,Nenhum,Castanho,Amarelo,Folhas Mortas,Amarelo
Comestivel,Nenhum,Castanho,Laranja,Folhas Mortas,Amarelo
Venenoso,Picante,Castanho,Chocolate,Folhas Mortas,Branco
Comestivel,Nenhum,Castanho,Castanho,Folhas Mortas,Chocolate
Comestivel,Nenhum,Cinzento,Branco,Gramados,Branco
Comestivel,Nenhum,Branco,Rosa,Gramados,Branco
Venenoso,Picante,Vermelho,Chocolate,Caminhos,Branco
Comestivel,Nenhum,Branco,Cinzento,Gramados,Branco
Comestivel,Nenhum,Branco,Branco,Gramados,Branco
Comestivel,Nenhum,Branco,Rosa,Gramados,Branco
Venenoso,Peixe,Castanho,Chocolate,Madeira/Árvores,Branco
Venenoso,Peixe,Castanho,Chocolate,Folhas Mortas,Branco
Venenoso,Peixe,Vermelho,Chocolate,Caminhos,Branco
Venenoso,Peixe,Vermelho,Chocolate,Caminhos,Branco
Venenoso,Fétido,Castanho,Chocolate,Madeira/Árvores,Branco
Comestivel,Nenhum,Castanho,Amarelo,Folhas Mortas,Amarelo
Comestivel,Nenhum,Castanho,Amarelo,Folhas Mortas,Castanho
Venenoso,Fétido,Castanho,Chocolate,Folhas Mortas,Branco
Venenoso,Fétido,Castanho,Chocolate,Folhas Mortas,Branco
Comestivel,Nenhum,Cinzento,Cinzento,Gramados,Branco
Comestivel,Nenhum,Branco,Branco,Gramados,Branco
Venenoso,Fétido,Vermelho,Chocolate,Caminhos,Branco
Venenoso,Fétido,Castanho,Chocolate,Madeira/Árvores,Branco
Venenoso,Fétido,Castanho,Chocolate,Folhas Mortas,Branco
Comestivel,Nenhum,Castanho,Castanho,Folhas Mortas,Chocolate
Comestivel,Nenhum,Branco,Rosa,Gramados,Branco
Comestivel,Nenhum,Castanho,Castanho,Folhas Mortas,Chocolate
Venenoso,Peixe,Vermelho,Chocolate,Madeira/Árvores,Branco
Comestivel,Nenhum,Cinzento,Branco,Caminhos,Branco
Venenoso,Fétido,Vermelho,Chocolate,Folhas Mortas,Branco
Comestivel,Nenhum,Castanho,Castanho,Folhas Mortas,Amarelo
Venenoso,Peixe,Vermelho,Chocolate,Caminhos,Branco
Comestivel,Nenhum,Castanho,Amarelo,Folhas Mortas,Chocolate
Comestivel,Nenhum,Castanho,Castanho,Folhas Mortas,Chocolate
Comestivel,Nenhum,Castanho,Castanho,Folhas Mortas,Amarelo
Venenoso,Peixe,Vermelho,Chocolate,Caminhos,Branco
Comestivel,Nenhum,Cinzento,Cinzento,Gramados,Branco
Venenoso,Peixe,Vermelho,Chocolate,Madeira/Árvores,Branco
Venenoso,Peixe,Castanho,Chocolate,Madeira/Árvores,Branco
Venenoso,Fétido,Castanho,Chocolate,Folhas Mortas,Branco
Venenoso,Picante,Castanho,Chocolate,Madeira/Árvores,Branco
Comestivel,Nenhum,Branco,Branco,Gramados,Branco
Comestivel,Nenhum,Castanho,Amarelo,Folhas Mortas,Laranja
Venenoso,Fétido,Castanho,Chocolate,Madeira/Árvores,Branco
Comestivel,Nenhum,Castanho,Castanho,Folhas Mortas,Castanho
Comestivel,Nenhum,Cinzento,Branco,Gramados,Branco
Comestivel,Nenhum,Castanho,Laranja,Folhas Mortas,Amarelo
Comestivel,Nenhum,Castanho,Laranja,Folhas Mortas,Laranja
Venenoso,Picante,Vermelho,Chocolate,Folhas Mortas,Branco
Venenoso,Fétido,Castanho,Chocolate,Caminhos,Branco
Venenoso,Picante,Castanho,Chocolate,Madeira/Árvores,Branco
Venenoso,Picante,Castanho,Chocolate,Caminhos,Branco
Venenoso,Peixe,Castanho,Chocolate,Folhas Mortas,Branco
Comestivel,Nenhum,Branco,Branco,Gramados,Branco
Venenoso,Fétido,Vermelho,Chocolate,Folhas Mortas,Branco
Comestivel,Nenhum,Castanho,Amarelo,Folhas Mortas,Chocolate
Venenoso,Fétido,Vermelho,Chocolate,Caminhos,Branco
Comestivel,Nenhum,Castanho,Castanho,Folhas Mortas,Chocolate
Comestivel,Nenhum,Castanho,Laranja,Folhas Mortas,Chocolate
Comestivel,Nenhum,Castanho,Castanho,Folhas Mortas,Castanho
Venenoso,Picante,Vermelho,Chocolate,Folhas Mortas,Branco
Comestivel,Nenhum,Castanho,Castanho,Folhas Mortas,Amarelo
Venenoso,Fétido,Vermelho,Chocolate,Caminhos,Branco
Comestivel,Nenhum,Castanho,Castanho,Folhas Mortas,Amarelo
Comestivel,Nenhum,Cinzento,Branco,Gramados,Branco
Comestivel,Nenhum,Castanho,Laranja,Folhas Mortas,Laranja
Comestivel,Nenhum,Castanho,Laranja,Folhas Mortas,Amarelo
Comestivel,Nenhum,Castanho,Laranja,Folhas Mortas,Laranja
Comestivel,Nenhum,Cinzento,Cinzento,Gramados,Branco
Venenoso,Fétido,Vermelho,Chocolate,Folhas Mortas,Branco
Venenoso,Picante,Castanho,Chocolate,Madeira/Árvores,Branco
Venenoso,Fétido,Castanho,Chocolate,Caminhos,Branco
Venenoso,Picante,Vermelho,Chocolate,Caminhos,Branco
Venenoso,Peixe,Castanho,Chocolate,Folhas Mortas,Branco
Comestivel,Nenhum,Cinzento,Rosa,Gramados,Branco
Comestivel,Nenhum,Branco,Cinzento,Gramados,Branco
Comestivel,Nenhum,Castanho,Castanho,Folhas Mortas,Laranja
Venenoso,Fétido,Vermelho,Chocolate,Caminhos,Branco
Comestivel,Nenhum,Castanho,Castanho,Folhas Mortas,Castanho
Venenoso,Fétido,Vermelho,Chocolate,Madeira/Árvores,Branco
Venenoso,Fétido,Castanho,Chocolate,Madeira/Árvores,Branco
Venenoso,Fétido,Vermelho,Chocolate,Caminhos,Branco
Venenoso,Peixe,Vermelho,Chocolate,Caminhos,Branco
Venenoso,Peixe,Castanho,Chocolate,Madeira/Árvores,Branco
Comestivel,Nenhum,Cinzento,Cinzento,Gramados,Branco
Venenoso,Mofado,Canela,Amarelo,Madeira/Árvores,Branco
Comestivel,Nenhum,Branco,Branco,Gramados,Branco
Venenoso,Picante,Castanho,Chocolate,Folhas Mortas,Branco
Venenoso,Peixe,Vermelho,Chocolate,Madeira/Árvores,Branco
Comestivel,Nenhum,Branco,Branco,Gramados,Branco
Comestivel,Nenhum,Castanho,Laranja,Folhas Mortas,Chocolate
Venenoso,Picante,Vermelho,Chocolate,Caminhos,Branco
Comestivel,Nenhum,Castanho,Amarelo,Folhas Mortas,Castanho
Comestivel,Nenhum,Castanho,Amarelo,Folhas Mortas,Laranja
Comestivel,Nenhum,Castanho,Amarelo,Folhas Mortas,Castanho
Comestivel,Nenhum,Castanho,Amarelo,Folhas Mortas,Amarelo
Comestivel,Nenhum,Castanho,Laranja,Folhas Mortas,Castanho
Comestivel,Nenhum,Castanho,Amarelo,Folhas Mortas,Castanho
Venenoso,Peixe,Vermelho,Chocolate,Folhas Mortas,Branco
Comestivel,Nenhum,Branco,Branco,Gramados,Branco
Comestivel,Nenhum,Castanho,Laranja,Folhas Mortas,Castanho
Comestivel,Nenhum,Branco,Rosa,Gramados,Branco
Comestivel,Nenhum,Castanho,Laranja,Folhas Mortas,Chocolate
Venenoso,Peixe,Vermelho,Chocolate,Madeira/Árvores,Branco
Venenoso,Mofado,Canela,Amarelo,Madeira/Árvores,Branco
Comestivel,Nenhum,Castanho,Amarelo,Folhas Mortas,Laranja
Venenoso,Picante,Castanho,Chocolate,Folhas Mortas,Branco
Venenoso,Peixe,Vermelho,Chocolate,Madeira/Árvores,Branco
Venenoso,Fétido,Castanho,Chocolate,Madeira/Árvores,Branco
Comestivel,Nenhum,Castanho,Amarelo,Folhas Mortas,Chocolate
Comestivel,Nenhum,Castanho,Amarelo,Folhas Mortas,Chocolate
Comestivel,Nenhum,Castanho,Castanho,Folhas Mortas,Chocolate
Venenoso,Peixe,Castanho,Chocolate,Folhas Mortas,Branco
Comestivel,Nenhum,Castanho,Amarelo,Folhas Mortas,Laranja
